# Tranh いらすとや (https://www.irasutoya.com/) cho câu/thẻ từ có tranh trong sách — chỉ lưu đường dẫn, ảnh hiển thị trực tiếp từ trang gốc (không sao chép).
# pic<TAB>mô tả<TAB>url<TAB>tên tranh · word<TAB>từ<TAB>nghĩa<TAB>url<TAB>tên tranh
word	あさ	buổi sáng	https://blogger.googleusercontent.com/img/b/R29vZ2xl/AVvXsEjLBBdihnxIGJNYoWfsoIkfix4oT1A-fA4TN7sxS_hcgRemxJR1U_X-y_WezkWKPpB_3SdEX5B3tiekgZ90wcNUzk_OS43Is30E9xDOUYCcW0dmVx3e4BhDyLZqUl8xp0xGm4M_AycBfuXJ/s200/time1_asa.png	朝のイラスト
word	ひる	buổi trưa	https://blogger.googleusercontent.com/img/b/R29vZ2xl/AVvXsEgXMRZUfRU0Ol2epSX9n4tB_x7qwcDJ7e5BwC-qXs6cwaoo0C4tUD3Oyg_5oGXwoejtMX4s8OV_qYLcHmTI9wfesnJYvkXLyZWyQrEpMHALe1qt-LkJJPMyuthLpgjjSpGtdOZYDc2RR6Do/s200/time2_hiru.png	昼のイラスト
word	よる	buổi tối	https://blogger.googleusercontent.com/img/b/R29vZ2xl/AVvXsEhsYrv7I4YfvlLkQOinC1FIKIPUcRXR8e5H4CjObMVl9sXj2QoNrLp76KK0SdCSaITZDy5liNhaRbF2OzdDsbO1iFEyaRIYk0ONSnCq6bCMCYpLc2OcnbCvcDqv1TjpXqXBARG2uGIj10mI/s200/city_night_yoruno_machi.png	夜の街のイラスト
word	いす	cái ghế	https://blogger.googleusercontent.com/img/b/R29vZ2xl/AVvXsEhviS37jDsFpBDln8rYtIsnXA8M4EFWMHEDRvbyQVa2uXvPreTIKU46s50jqxa5YNlO9A-kp_HCyMGJTr6yu7vhoQXjo3f8biPv3zG4x699p7xUExZ1ED3l24LJdU8sDtK5ri_cSEgv2n1a/s200/thumbnail_kagu_chair_white.jpg	いろいろな角度から見た白い椅子のイラスト
word	おちゃ	trà	https://blogger.googleusercontent.com/img/b/R29vZ2xl/AVvXsEjKoQbLA25O3x00xWMHZXKpuWtb1AGIONq7NXNVljvADprPJACa1vf48VHhPzocEwjFEE5uof2hWAv5HiJFyKo1cdh7QnTJeogFt5zLQvc7chWtJdpfLDZhhrZlvk6_SRMU_tFtL2vOnQY/s200/thumbnail_tea.jpg	いろいろな色のお茶のイラスト
word	とけい	đồng hồ	https://blogger.googleusercontent.com/img/b/R29vZ2xl/AVvXsEiqWsGwk73no1NI6YX9H8uLIKU4M8-7T4zp14gNpM8D1SbfJb_5V1jti34bhesxG5UbYpEY5LuqfHDpU72fuFXpOpe52kD_yV3uNxs6Yrbgm-PMOEB7h8VAn5Ml2etBtLxA8P6pAi9dgG8/s200/thumbnail_clock.jpg	時計のイラスト 「30分毎の時間・長針・短針」
word	うみ	biển	https://blogger.googleusercontent.com/img/b/R29vZ2xl/AVvXsEietVN_AKRIaG9HiG8tE_i2WJhAtSlbFnY8tw66fPEFSGkxdj2PTwHshyphenhyphenJ08JOlPTDmCeFs38fexrEhHlZ0PjxvsCCBFYANsXXQiqkgnhlJQY-cnm0_Eqmh2p2-KqaiyoSIhiAtER6xr4FA/s200/thumbnail_icon_ocean.jpg	いろいろな海のイメージのアイコン
word	やま	núi	https://blogger.googleusercontent.com/img/b/R29vZ2xl/AVvXsEiCpJHRiM6b8jdizM8t2alII4E7KWqXyeorKArTc9O9FU7WQAe8L5lk6i7wxbk9rDRaGe-lIvNn7WxY-g_Un_HOS9PccrAjcoZyU9BC4SU7mD_nqw3WMvCoNlLku_a3Pg2b6AVs7R8d9Ma8/s200/thumbnail_line_mountain_yama.jpg	いろいろな山のライン素材
word	いぬ	con chó	https://blogger.googleusercontent.com/img/b/R29vZ2xl/AVvXsEiddR-BBpq9pwwTJmRZ9E6wLjbAhlTkHEX-Z8SXIO9kO1WibH4Q3YZWNPnKjzGjOYlY8QnunDqqquVVEKheSwtTi-Lri4sSiAOvJrRCxcoOVEehz281q6Gc57NqML7s4tdyMSFmnRvR_YQN/s200/thumbnail_animal_dog.jpg	いろいろな角度から見た犬のイラスト
word	ねこ	con mèo	https://blogger.googleusercontent.com/img/b/R29vZ2xl/AVvXsEi9OMkmSTqp0E8Fwg0JD6XLYrBaqt1twgqbQNpjtiaO4zzpDKEixtB2pOLgzI3yMYA-EgBv_9g95JQWzzpUvEiVdXMdOEs7pnGlaDx2HwU-rmzkYz7TMAOw4aG-RN8-KSL8kFMV4JoNCKRu/s200/thumbnail_animal_cat.jpg	いろいろな角度から見た猫のイラスト
word	ざっし	tạp chí	https://blogger.googleusercontent.com/img/b/R29vZ2xl/AVvXsEhQxujwhMgvSvCJVZINxJHp1Si6JO_6O7QI_e_xMyT-F60QiReo575ko17i4CqjrWQ4mOFOYTJNFV1h2t72_ut8rDxgIg8Oa47iKCxBrqRVus08HbzoJcCNatdsyGibMyS6UXUrt75aysgP/s200/book_zasshi_tana.png	雑誌の棚のイラスト
word	にほんご	tiếng Nhật	https://blogger.googleusercontent.com/img/b/R29vZ2xl/AVvXsEiL_2vNervI6shb3XvCQbE53cXqXyjhg0OFLyPFtyKHPU7kfZUl6i7wgZOQxjsEvA4jF7jBMcDcUOYmj6ejWTkNokYn0GAH7jO3J9Ix53JdS_t9euLSJLtCJhY8XwnM4DQ7QTi8x1HbIgg/s200/study_nihongo.png	日本語を勉強する外国人のイラスト
word	てんぷら	tempura (món chiên tẩm bột)	https://blogger.googleusercontent.com/img/b/R29vZ2xl/AVvXsEhPzxC_jtce3-_zaEjX6syN6VsK2_yVjyVGfOUnpOvlF99HxPdfg9XdFcmjQ5xfdfQvgrNv6pXyyiPUyd99wQloB1nZ1lUdStAN4P1sFMprxITP7bGihAuHeGFDsbCuaZb6Qz5Jq0FVmgsp/s200/food_tenpura.png	天ぷらのイラスト
word	ふじさん	núi Phú Sĩ	https://blogger.googleusercontent.com/img/b/R29vZ2xl/AVvXsEgGAWZd7l80p8C9rbJC7DFrYK1XUj8_K7VKXnknUZUxyA5k_mdAmd8sLugFTpTtTpr8Q_qQzsFTvSBv0AED6OEg07_WlFEhsElshO0yl1v3hcHCSLrhLDNHSEy6hIric39hv1WuyV8NUl8/s200/fujisan_shikaku.png	富士山のイラスト
word	とうきょう	Tokyo	https://blogger.googleusercontent.com/img/b/R29vZ2xl/AVvXsEhjGQMyXncH8vLJWK8WDLZVfgt_24ioLoq-U8US1M25AtnPxLw_GhbWjHZo6UqyLzU61dx-zRAxY97-wR-OSzJRucScadRmFcQ9E8vxNA8KzwGO-uTVLxk8bMgRaJ6XBGjiJCozx4ZDn1U/s200/thumbnail_landmark_tower_tokyo.jpg	東京タワーのイラスト
pic	buổi sáng	https://blogger.googleusercontent.com/img/b/R29vZ2xl/AVvXsEjLBBdihnxIGJNYoWfsoIkfix4oT1A-fA4TN7sxS_hcgRemxJR1U_X-y_WezkWKPpB_3SdEX5B3tiekgZ90wcNUzk_OS43Is30E9xDOUYCcW0dmVx3e4BhDyLZqUl8xp0xGm4M_AycBfuXJ/s200/time1_asa.png	朝のイラスト
pic	buổi tối	https://blogger.googleusercontent.com/img/b/R29vZ2xl/AVvXsEhsYrv7I4YfvlLkQOinC1FIKIPUcRXR8e5H4CjObMVl9sXj2QoNrLp76KK0SdCSaITZDy5liNhaRbF2OzdDsbO1iFEyaRIYk0ONSnCq6bCMCYpLc2OcnbCvcDqv1TjpXqXBARG2uGIj10mI/s200/city_night_yoruno_machi.png	夜の街のイラスト
pic	rau	https://blogger.googleusercontent.com/img/b/R29vZ2xl/AVvXsEiQ-IlSLjC-9knuwcGApmQD10dmq0A5pt1HC4hTngOejSY1t3y0U4MML-SiUrHYO9Bq1q6Vl43iwBniG0xjtTLAbjF9zBWEVbFCAk2oIwiOgRaUBYdAVZjyPwKGOFaryb8YoThx10-F1UM/s200/vegetable.png	野菜のイラスト「カゴに盛られた野菜」
pic	cá	https://blogger.googleusercontent.com/img/b/R29vZ2xl/AVvXsEi6pEt9MmG_EVSTHJv-RUtWUSPUPLFRZPGXzNvgkFqbPtDa9HtDYx4zqQ-DXt4M6foUMCqyn47lpGUFAOrR1tcnQUVj3fEn72k4nWaN8dhJDQcBhDBDMU7jeeRTBdAbif4OnBfDMqNU51_k/s200/fish_tai.png	鯛のキャラクター（魚）
pic	trứng	https://blogger.googleusercontent.com/img/b/R29vZ2xl/AVvXsEim0NPieROG1obZ1zfkh8G0LOCvgwQgztx5UKWdUnzlHYlXQ298nr6GXah-q2Psxt9y5Y1irn4CJb9MQoPQ8EvHfor2ZoEfhu583s6HPcE3dqhtRssyOrCnOrEfA2ZSWjFxK5fgACDIbXY/s200/thumbnail_food_egg_kago.jpg	かごに入った卵のイラスト
pic	gia đình	https://blogger.googleusercontent.com/img/b/R29vZ2xl/AVvXsEh3bJQhxwx4Zwy3eFZF7oiWl82XJGRguer4aAuHq9ngAsz_csFAxZMQDhmOmkV9Pjp7IOmKmzMz7t31sU26WMc-k4g75IgZFPb1Y8_0D5f-CHCZvaq8BxcMM5SPIHGhuxIjC8aI9VaeZM9N/s200/thumbnail_group_family.jpg	集まった家族のイラスト（いろいろな人種）
pic	tiếng Nhật	https://blogger.googleusercontent.com/img/b/R29vZ2xl/AVvXsEiL_2vNervI6shb3XvCQbE53cXqXyjhg0OFLyPFtyKHPU7kfZUl6i7wgZOQxjsEvA4jF7jBMcDcUOYmj6ejWTkNokYn0GAH7jO3J9Ix53JdS_t9euLSJLtCJhY8XwnM4DQ7QTi8x1HbIgg/s200/study_nihongo.png	日本語を勉強する外国人のイラスト
pic	núi Phú Sĩ	https://blogger.googleusercontent.com/img/b/R29vZ2xl/AVvXsEgGAWZd7l80p8C9rbJC7DFrYK1XUj8_K7VKXnknUZUxyA5k_mdAmd8sLugFTpTtTpr8Q_qQzsFTvSBv0AED6OEg07_WlFEhsElshO0yl1v3hcHCSLrhLDNHSEy6hIric39hv1WuyV8NUl8/s200/fujisan_shikaku.png	富士山のイラスト
pic	tempura	https://blogger.googleusercontent.com/img/b/R29vZ2xl/AVvXsEhPzxC_jtce3-_zaEjX6syN6VsK2_yVjyVGfOUnpOvlF99HxPdfg9XdFcmjQ5xfdfQvgrNv6pXyyiPUyd99wQloB1nZ1lUdStAN4P1sFMprxITP7bGihAuHeGFDsbCuaZb6Qz5Jq0FVmgsp/s200/food_tenpura.png	天ぷらのイラスト
pic	buổi sáng (mặt trời mọc)	https://blogger.googleusercontent.com/img/b/R29vZ2xl/AVvXsEjLBBdihnxIGJNYoWfsoIkfix4oT1A-fA4TN7sxS_hcgRemxJR1U_X-y_WezkWKPpB_3SdEX5B3tiekgZ90wcNUzk_OS43Is30E9xDOUYCcW0dmVx3e4BhDyLZqUl8xp0xGm4M_AycBfuXJ/s200/time1_asa.png	朝のイラスト
pic	con chó	https://blogger.googleusercontent.com/img/b/R29vZ2xl/AVvXsEiddR-BBpq9pwwTJmRZ9E6wLjbAhlTkHEX-Z8SXIO9kO1WibH4Q3YZWNPnKjzGjOYlY8QnunDqqquVVEKheSwtTi-Lri4sSiAOvJrRCxcoOVEehz281q6Gc57NqML7s4tdyMSFmnRvR_YQN/s200/thumbnail_animal_dog.jpg	いろいろな角度から見た犬のイラスト
pic	núi	https://blogger.googleusercontent.com/img/b/R29vZ2xl/AVvXsEiCpJHRiM6b8jdizM8t2alII4E7KWqXyeorKArTc9O9FU7WQAe8L5lk6i7wxbk9rDRaGe-lIvNn7WxY-g_Un_HOS9PccrAjcoZyU9BC4SU7mD_nqw3WMvCoNlLku_a3Pg2b6AVs7R8d9Ma8/s200/thumbnail_line_mountain_yama.jpg	いろいろな山のライン素材
pic	buổi tối (trăng, sao)	https://blogger.googleusercontent.com/img/b/R29vZ2xl/AVvXsEit0ZOjWv0ob8-fBRNY0EbRGBaYAFFxsdXUHfWzxf5E6pB7KMqV6U0vhkpCNG4EWwpjLbFqLj2sgizByd86XCBxbsfBS-TPzN_N602B-ivYk9ZlAvHfp199XttwjmH7Je5w6COcWXqfRgHu/s200/thumbnail_moon_michikake.jpg	いろいろな月の満ち欠けのイラスト
pic	đồng hồ	https://blogger.googleusercontent.com/img/b/R29vZ2xl/AVvXsEiqWsGwk73no1NI6YX9H8uLIKU4M8-7T4zp14gNpM8D1SbfJb_5V1jti34bhesxG5UbYpEY5LuqfHDpU72fuFXpOpe52kD_yV3uNxs6Yrbgm-PMOEB7h8VAn5Ml2etBtLxA8P6pAi9dgG8/s200/thumbnail_clock.jpg	時計のイラスト 「30分毎の時間・長針・短針」
pic	tạp chí	https://blogger.googleusercontent.com/img/b/R29vZ2xl/AVvXsEhQxujwhMgvSvCJVZINxJHp1Si6JO_6O7QI_e_xMyT-F60QiReo575ko17i4CqjrWQ4mOFOYTJNFV1h2t72_ut8rDxgIg8Oa47iKCxBrqRVus08HbzoJcCNatdsyGibMyS6UXUrt75aysgP/s200/book_zasshi_tana.png	雑誌の棚のイラスト
pic	sách tiếng Nhật	https://blogger.googleusercontent.com/img/b/R29vZ2xl/AVvXsEi8wWuuMweyqtGLboogSSbhBr-04RR4TBfbQHcO0aRw2zeBk-REr6e2L3pLc06L5B_6uiFYpvcuKq7SltIrj3MqqW-8WNuo9lFDi-9qw8xFJ4Pa87kcrLc9qSxon2woWk1SvJIg4pqMPnHp/s200/book_open_yoko.png	開いた本のイラスト
pic	tháp Tokyo	https://blogger.googleusercontent.com/img/b/R29vZ2xl/AVvXsEhjGQMyXncH8vLJWK8WDLZVfgt_24ioLoq-U8US1M25AtnPxLw_GhbWjHZo6UqyLzU61dx-zRAxY97-wR-OSzJRucScadRmFcQ9E8vxNA8KzwGO-uTVLxk8bMgRaJ6XBGjiJCozx4ZDn1U/s200/thumbnail_landmark_tower_tokyo.jpg	東京タワーのイラスト
pic	cái ghế	https://blogger.googleusercontent.com/img/b/R29vZ2xl/AVvXsEhviS37jDsFpBDln8rYtIsnXA8M4EFWMHEDRvbyQVa2uXvPreTIKU46s50jqxa5YNlO9A-kp_HCyMGJTr6yu7vhoQXjo3f8biPv3zG4x699p7xUExZ1ED3l24LJdU8sDtK5ri_cSEgv2n1a/s200/thumbnail_kagu_chair_white.jpg	いろいろな角度から見た白い椅子のイラスト
pic	biển	https://blogger.googleusercontent.com/img/b/R29vZ2xl/AVvXsEietVN_AKRIaG9HiG8tE_i2WJhAtSlbFnY8tw66fPEFSGkxdj2PTwHshyphenhyphenJ08JOlPTDmCeFs38fexrEhHlZ0PjxvsCCBFYANsXXQiqkgnhlJQY-cnm0_Eqmh2p2-KqaiyoSIhiAtER6xr4FA/s200/thumbnail_icon_ocean.jpg	いろいろな海のイメージのアイコン
pic	sách	https://blogger.googleusercontent.com/img/b/R29vZ2xl/AVvXsEi8wWuuMweyqtGLboogSSbhBr-04RR4TBfbQHcO0aRw2zeBk-REr6e2L3pLc06L5B_6uiFYpvcuKq7SltIrj3MqqW-8WNuo9lFDi-9qw8xFJ4Pa87kcrLc9qSxon2woWk1SvJIg4pqMPnHp/s200/book_open_yoko.png	開いた本のイラスト
pic	buổi trưa	https://blogger.googleusercontent.com/img/b/R29vZ2xl/AVvXsEgXMRZUfRU0Ol2epSX9n4tB_x7qwcDJ7e5BwC-qXs6cwaoo0C4tUD3Oyg_5oGXwoejtMX4s8OV_qYLcHmTI9wfesnJYvkXLyZWyQrEpMHALe1qt-LkJJPMyuthLpgjjSpGtdOZYDc2RR6Do/s200/time2_hiru.png	昼のイラスト
pic	con mèo	https://blogger.googleusercontent.com/img/b/R29vZ2xl/AVvXsEi9OMkmSTqp0E8Fwg0JD6XLYrBaqt1twgqbQNpjtiaO4zzpDKEixtB2pOLgzI3yMYA-EgBv_9g95JQWzzpUvEiVdXMdOEs7pnGlaDx2HwU-rmzkYz7TMAOw4aG-RN8-KSL8kFMV4JoNCKRu/s200/thumbnail_animal_cat.jpg	いろいろな角度から見た猫のイラスト
word	いえ	ngôi nhà	https://blogger.googleusercontent.com/img/b/R29vZ2xl/AVvXsEg87d5BoqMr6-Vy_i4W9zpLVXrJ8TeV7n476E-dxwRKo0mlrmF7mnzvPer1PLYTCXdwNN-46umez4ijeArqNSTJQySVPTSeVo94PBaEDLMy7F72B-e-DPGsvO7Lm7B07_dO_ysJsM-APiXW/s200/thumbnail_building_house.jpg	いろいろな家のイラスト
word	そら	bầu trời	https://blogger.googleusercontent.com/img/b/R29vZ2xl/AVvXsEh6ErSaXFRGVqiKODqbgo8CHphcTEiNpYi5ZxFnkr6dm4tjJbVCpJTkMsID5JgTOWtJESyb2n__q2pufkWBWPEDZEp4dfK8gSx5os5GnEM14PTlhezYV940oFc31z6HJZqiVpt7X6TH1YI/s200/thumbnail_bgpattern.jpg	いろいろな空の背景パターン
word	おはようございます	Chào buổi sáng	https://blogger.googleusercontent.com/img/b/R29vZ2xl/AVvXsEhATiEsS_2vqdunv3SJD8gNfHTJyrY4UmruGcTzOKJFTpIGPz1t22jv3gQ_dzz1MSQP4YbvsY1R2HAPyUhRnZe69ZmnverTv6mjBigjW_S-9MJNTsYRNhux7SLd08DPJuVpXk3kq8JH9wk/s200/aisatsu1_ohayou.png	「おはようございます」と言っている人のイラスト
word	こんにちは	Xin chào (ban ngày)	https://blogger.googleusercontent.com/img/b/R29vZ2xl/AVvXsEi4XDpOoue7KD7ZtpZ_8CTF2sSIvYQQA82YWKTH8YpuSlwkGWvPNgY64FnXONkprdrR1AofNqC4qvsm3SugtVi25Rjp42eMPEgF4r4FFJC2GKg1ay6ENCrfpsmBisRm4Kwfy1unVRPBU-E/s200/aisatsu2_konnichiwa.png	「こんにちは」と言っている人のイラスト
word	こんばんは	Chào buổi tối	https://blogger.googleusercontent.com/img/b/R29vZ2xl/AVvXsEiGEsajI5ZArEW6OFXx5zM93vDowmXKfXlZHC7zSkrzgueadxr6jRhXZ7ohDMDLU1EYeX8lUMINPTr5xac-MOfwfsZRl-b8hkcnN9BjIzjkdc7kzCXOPpJ6S098tqJeNC9SxaLDPeQEH1E/s200/aisatsu3_konbanwa.png	「こんばんは」と言っている人のイラスト
word	ありがとう	Cảm ơn	https://blogger.googleusercontent.com/img/b/R29vZ2xl/AVvXsEjOgF2CUDnU64UpkWSrOrBbts98i8_kr-E5XfTnz0znR4NgQ-UpOK4abjYU2BTdFv6dFY9xaI3TDxn3kv-NKBsyvcxi0qsskmOlFJRsp1GRS-sK9VY0fLDll8Zrw0SwVqFPUO90ns6ODcU/s200/aisatsu_arigatou.png	「ありがとう」と言っている人のイラスト
word	すみません	Xin lỗi	https://blogger.googleusercontent.com/img/b/R29vZ2xl/AVvXsEjiEZczawhFUZ4JguLwDcUFj6zRJGy-WWRp2Kb4TtoVWHZ9g8yq9XODYEg26GqfVRSJriWVWCF9Ue8I-2BymjSb4VDlhDPJ59Noegdwdyumf1WkAkg3szuae8_DiBQl44Is1TgJXJZ6H0E/s200/pose_syazai_man.png	謝罪をする人のイラスト（男性）
word	さようなら	Tạm biệt	https://blogger.googleusercontent.com/img/b/R29vZ2xl/AVvXsEihMzsYnz0T8A6zEv_nb3m5d37DZ9C28vdPL1yUSbPkDyxggphJdfvmBfF0LuKLjCSgoxPfHBOxlcl_TJvTOiWPvwl3qVEjdFkgwZdcEr0kzTQ_x4OJruI8iGHtcPuxrOS_UnhUh4Klzwo/s200/aisatsu_sayounara.png	「さようなら」と言っている人のイラスト
word	はい	Vâng / Có	https://blogger.googleusercontent.com/img/b/R29vZ2xl/AVvXsEgLenb1_oo2NZcN1QCUzAhi-B9XbPLqARi3b8lp4K_0iO5CgsZyxctK53_r8tEEKGV2cjlfGqMazzLqXAkL1LwWMVNvavZIkgbaJcsvwFk-KIn6rI1ZWRwLP1_dbZIUFoA0dLQlj08mJvIY/s200/mark_maru.png	丸のマークのイラスト「○」
word	いいえ	Không	https://blogger.googleusercontent.com/img/b/R29vZ2xl/AVvXsEiJXYVCbpXdstc30mEWtspHcixWtjN83WZdccPF9QNtF2S9Bykwp5TcMVT8jB4FNEBModDyO_HR5BYIYCvqg_VzEXhbKy7gymQU35n5cpfBr53L_5l9rNqiiz6yR-D1aAOMlpdsvqgXMlI6/s200/mark_batsu.png	バツのマークのイラスト「×」
word	パン	bánh mì	https://blogger.googleusercontent.com/img/b/R29vZ2xl/AVvXsEgEVwmsSjgvzI4cK9rT_R781js3ZPl0vGi07I81fl4us3KxMIxG08-rbciiUUE-Auc-_K4FUZ_EpP1jppY7_aYl6mPaNee1qmaF8A_Go8AqFBnTRJIV8nR3aYykw52aFnEyK1Q4TjMoDOIU/s200/bread_syokupan.png	食パンのイラスト
word	テレビ	ti vi	https://blogger.googleusercontent.com/img/b/R29vZ2xl/AVvXsEhKuJe5EEXJCvSXXZKkFm2Dth160L-T25I95lRxxm15tE3a3hLNIO8iskSZjoYZtqnE4IrgL-cf8LjviqKHAHJVsPY_HEYM6Q1oM5OPgEh1FFPBXGYvijzZi3ckPkC8fzpGQfZv_cGC33vM/s200/thumbnail_kaden_tv_wide.jpg	ワイドテレビのイラスト
word	カメラ	máy ảnh	https://blogger.googleusercontent.com/img/b/R29vZ2xl/AVvXsEiQw5wrrf-sW0NhSgkK2U3zMolheP2-oyIEIgg18v__LNY2ZrlCMHqm6IYGFlOSuzrjpGC-_cdWhO72LULLTG8EUhJxd4lCbHMs7Db69kmer4BEQtXW5bmX7w2InfwqU1LImhhpHqWksltz/s200/ichigan_camera_woman.png	一眼レフカメラを構える女性のイラスト「カメラ女子」
word	トイレ	nhà vệ sinh	https://blogger.googleusercontent.com/img/b/R29vZ2xl/AVvXsEit-rUEgKmQyFf1TdUtg-aMcUwdqFjvFmnS7NNcPm-8RT2aA8ysTwPKMVjeRAwL4sRjFq3GrDM0R7mDs8zar5unGujC-p1qOnYRHwY0oFbEPESHdAasEf-IA-aphBpZy9wDQ5YOs-naiuA/s200/toilet_kirei.png	きれいなトイレのイラスト
word	ソファ	ghế sofa	https://blogger.googleusercontent.com/img/b/R29vZ2xl/AVvXsEhM3YxI5TaHc9lGg0WY6QlTLi2BlCaBBH5SS08dGeCzZ0FzoVzqjFDmOW-8rbTCLIJiUW9DbvM9SUcLheKu7YIYeNDghYYExOvxdNG2lO3xg2u6bLifjz6EQ_Fz-rNLhcSThImBTwzxkYB-/s200/kagu_sofa.png	ソファのイラスト
word	ベッド	giường	https://blogger.googleusercontent.com/img/b/R29vZ2xl/AVvXsEiIM6T9TDOABk07xBUqu_xfFycL4osB9ygEKpw7485Mk0BUNOiIX2wc3bhzEGNHD1rOkTN42FKLD90GmEsXfhLBOtJMubdK1qT7c8AcKLHpNJula5_9KWkbmWFhLaVaPGrHCz-1jnDdPw7Q/s200/kagu_bed.png	ベッドのイラスト
word	シャツ	áo sơ mi	https://blogger.googleusercontent.com/img/b/R29vZ2xl/AVvXsEj1tpYBPPmaqek1lY1kcwamc1_tQ30_AFWfjdPxnRtmR4BVXn6ZEgh3Um_EHxuufzYkEZ9Qk6M2ELwMyb4rNZ4jzjBBxruOH3v65yERRicmsmVXor24SAKh2K6BIMNy0AwkzGhdvzLv_oM/s200/fashion_tshirt1_white.png	白いTシャツのイラスト
word	コーヒー	cà phê	https://blogger.googleusercontent.com/img/b/R29vZ2xl/AVvXsEiNSBUOn6CHBDKXNvWjwtSOwhd-MXggp7O_pYbcLIEoUQeovTe7ZTMH7if0nGzx6xZ83mqUzZf7jtobHKyq3VSbmFG7NjDzRCZChZzvs_g7Kzt9HUHxJF_TzAQaIEqPZj_BGYjV6WIv1ZNI/s200/thumbnail_coffee.jpg	いろいろな種類のコーヒーのイラスト
word	ジュース	nước ép, nước ngọt	https://blogger.googleusercontent.com/img/b/R29vZ2xl/AVvXsEhTYxo5VfnVrwraP8EYWD5rG7QhbZMuS6KRsqL8pQcBYvm5M7bSyAiiqJ_PAf0N53wz1lmF2EiX2vUrU4owWGD9BCldrOnhJK3UaJMCUmcu9saFVhTKz322_hZ6tLHad2qWcCqbtRLPdwrH/s200/thumbnail_juice_pack.jpg	いろいろなパックに入ったジュースのイラスト
word	エアコン	máy điều hòa	https://blogger.googleusercontent.com/img/b/R29vZ2xl/AVvXsEhMLL1g6uUa-U37Uy01Th2uZ1toYUWezAIKIq-8F1He0c3MUKGwCPfhIkfe6pRPLxQSBy70tvhzxsSzE85LrKeLCE-ickQ-ZonE7ZKUlW5lfz-jpiL2RYG4cdrFl965EMYf_bN5Fu9nkSq7/s200/kaden_airconditioner.png	エアコン・クーラーのイラスト
word	シャワー	vòi hoa sen	https://blogger.googleusercontent.com/img/b/R29vZ2xl/AVvXsEj8onFA9s5wKu60P_VEBPVQUA9ImwZ0W2LXHsjXAz9FbDJk8uvN18zC7IZZeyrUo4Rg0J4q566D8QS7MFc-Rm8lBk8TCafRUsRj2vTQeW0SV7rCNcvn6ykdYuGZkMTo79vuP1fYi6J1ok4/s200/ryouri_metabo_furo_68.png	お風呂のイラスト「シャワー」
word	テーブル	cái bàn (bàn ăn)	https://blogger.googleusercontent.com/img/b/R29vZ2xl/AVvXsEipK4pYdM7_Yb5MJ4ifXCmWOPnU97nn9YJwParr6z5XcUb2HjhitdN6-KN26LRNsmYGd3jtItTCjCdgJ5dSc86gQZNGFCQvap1VSlov59oAkTkDHxC_gd93vw2WDAM9axO0DmSSwFAPqbLk/s200/table_syoumen_wood.png	木のテーブルのイラスト（正面）
pic	ti vi	https://blogger.googleusercontent.com/img/b/R29vZ2xl/AVvXsEhKuJe5EEXJCvSXXZKkFm2Dth160L-T25I95lRxxm15tE3a3hLNIO8iskSZjoYZtqnE4IrgL-cf8LjviqKHAHJVsPY_HEYM6Q1oM5OPgEh1FFPBXGYvijzZi3ckPkC8fzpGQfZv_cGC33vM/s200/thumbnail_kaden_tv_wide.jpg	ワイドテレビのイラスト
pic	máy ảnh	https://blogger.googleusercontent.com/img/b/R29vZ2xl/AVvXsEiQw5wrrf-sW0NhSgkK2U3zMolheP2-oyIEIgg18v__LNY2ZrlCMHqm6IYGFlOSuzrjpGC-_cdWhO72LULLTG8EUhJxd4lCbHMs7Db69kmer4BEQtXW5bmX7w2InfwqU1LImhhpHqWksltz/s200/ichigan_camera_woman.png	一眼レフカメラを構える女性のイラスト「カメラ女子」
pic	truyện tranh (manga)	https://blogger.googleusercontent.com/img/b/R29vZ2xl/AVvXsEgIi_cZ93NAISV2ZaA0OI8PahTTibBjMfCkC2RyJjDudgqx49jXpoRV4HYjZki7Hf5z3bndZN73LR-IyNUzAY81IVUNdtqOlLhgup-7jC9cInyDjaEK9hlC4utkWHOJhDbhiAL1Y0Bm6tY/s200/manga.png	漫画本のイラスト
pic	nhà vệ sinh	https://blogger.googleusercontent.com/img/b/R29vZ2xl/AVvXsEit-rUEgKmQyFf1TdUtg-aMcUwdqFjvFmnS7NNcPm-8RT2aA8ysTwPKMVjeRAwL4sRjFq3GrDM0R7mDs8zar5unGujC-p1qOnYRHwY0oFbEPESHdAasEf-IA-aphBpZy9wDQ5YOs-naiuA/s200/toilet_kirei.png	きれいなトイレのイラスト
pic	đàn piano	https://blogger.googleusercontent.com/img/b/R29vZ2xl/AVvXsEjBi30ZBC63HlnZvbHLpyhlsZR4_OT9AbXoc88jC8MD9PZxksHi1z8tF958io57K6ZRXMpndVr55EhcUT9VflITvB5Q6xKXVqdoKkFCfHp3ARN0L_hLuxDz25FjCrr_e7z4x3LG-dLSmZB4/s200/piano_upright.png	アップライトピアノのイラスト
pic	khách sạn	https://blogger.googleusercontent.com/img/b/R29vZ2xl/AVvXsEgQzqUnPxM-o8Ea0ORxS8LE1i8LmQngrNnOJL8cHQObsXWD8F-DTfsTs_R_kZESE7vIMeak0vy8w1yJBGgLAEvYVAbVxG3A9m6vWti2PNylDJZCYFduEX13Z-53oSvjCfr3x5-1qLktosbu/s200/building_hotel.png	ホテルのイラスト
pic	taxi	https://blogger.googleusercontent.com/img/b/R29vZ2xl/AVvXsEjY1bsYlRNfTeVNiWdeYd2RAMLnB0xTeF8VnFDcSISRFPFP38_Thb5jfDOD3MGIRCLD-QNjvhHMiRCxI4Ok8AQR1i5sKxr63kjxQtH21mAw9VxUdx-rJc4hdATe3MjttLoovpXUqBwd8YXa/s200/car_taxi2.png	タクシーのイラスト（車）
pic	máy điều hòa	https://blogger.googleusercontent.com/img/b/R29vZ2xl/AVvXsEhMLL1g6uUa-U37Uy01Th2uZ1toYUWezAIKIq-8F1He0c3MUKGwCPfhIkfe6pRPLxQSBy70tvhzxsSzE85LrKeLCE-ickQ-ZonE7ZKUlW5lfz-jpiL2RYG4cdrFl965EMYf_bN5Fu9nkSq7/s200/kaden_airconditioner.png	エアコン・クーラーのイラスト
pic	karaoke	https://blogger.googleusercontent.com/img/b/R29vZ2xl/AVvXsEjN7MCWBwZjuhiM6KAz1Mw0SY-36NG-AaJvUJdeK8Kwujzh_6lwoe81vgkepmdq0dpyXCkZl4EtZmmBJGf_D31cmEHLNNPq3pG8RWQ_gXuSOWBiX62IMGrut4-NPTE83Cz2KByuj4KWuh_T/s200/karaoke_mike.png	マイクのイラスト（カラオケ）
pic	nhà hàng	https://blogger.googleusercontent.com/img/b/R29vZ2xl/AVvXsEgyzYoENpc4veCSeijGjpgjq1XZ0AzASXL0nGZTFVUwKRE8Vk7KQoXw8BN_zeAi64nK-q9oY8pJyaWPpwdSpYBaLBXIssHfdEd21xGSvPCvCu5rUKTWUqIN40Zt1ZsA6hVaaKDHKREswxU/s200/tatemono_restaurant.png	レストランのイラスト
pic	bánh mì	https://blogger.googleusercontent.com/img/b/R29vZ2xl/AVvXsEgEVwmsSjgvzI4cK9rT_R781js3ZPl0vGi07I81fl4us3KxMIxG08-rbciiUUE-Auc-_K4FUZ_EpP1jppY7_aYl6mPaNee1qmaF8A_Go8AqFBnTRJIV8nR3aYykw52aFnEyK1Q4TjMoDOIU/s200/bread_syokupan.png	食パンのイラスト
pic	giường	https://blogger.googleusercontent.com/img/b/R29vZ2xl/AVvXsEiIM6T9TDOABk07xBUqu_xfFycL4osB9ygEKpw7485Mk0BUNOiIX2wc3bhzEGNHD1rOkTN42FKLD90GmEsXfhLBOtJMubdK1qT7c8AcKLHpNJula5_9KWkbmWFhLaVaPGrHCz-1jnDdPw7Q/s200/kagu_bed.png	ベッドのイラスト
pic	bồn cầu (nhà vệ sinh)	https://blogger.googleusercontent.com/img/b/R29vZ2xl/AVvXsEit-rUEgKmQyFf1TdUtg-aMcUwdqFjvFmnS7NNcPm-8RT2aA8ysTwPKMVjeRAwL4sRjFq3GrDM0R7mDs8zar5unGujC-p1qOnYRHwY0oFbEPESHdAasEf-IA-aphBpZy9wDQ5YOs-naiuA/s200/toilet_kirei.png	きれいなトイレのイラスト
pic	áo sơ mi	https://blogger.googleusercontent.com/img/b/R29vZ2xl/AVvXsEj1tpYBPPmaqek1lY1kcwamc1_tQ30_AFWfjdPxnRtmR4BVXn6ZEgh3Um_EHxuufzYkEZ9Qk6M2ELwMyb4rNZ4jzjBBxruOH3v65yERRicmsmVXor24SAKh2K6BIMNy0AwkzGhdvzLv_oM/s200/fashion_tshirt1_white.png	白いTシャツのイラスト
pic	ghế sofa	https://blogger.googleusercontent.com/img/b/R29vZ2xl/AVvXsEhM3YxI5TaHc9lGg0WY6QlTLi2BlCaBBH5SS08dGeCzZ0FzoVzqjFDmOW-8rbTCLIJiUW9DbvM9SUcLheKu7YIYeNDghYYExOvxdNG2lO3xg2u6bLifjz6EQ_Fz-rNLhcSThImBTwzxkYB-/s200/kagu_sofa.png	ソファのイラスト
pic	cà phê	https://blogger.googleusercontent.com/img/b/R29vZ2xl/AVvXsEiNSBUOn6CHBDKXNvWjwtSOwhd-MXggp7O_pYbcLIEoUQeovTe7ZTMH7if0nGzx6xZ83mqUzZf7jtobHKyq3VSbmFG7NjDzRCZChZzvs_g7Kzt9HUHxJF_TzAQaIEqPZj_BGYjV6WIv1ZNI/s200/thumbnail_coffee.jpg	いろいろな種類のコーヒーのイラスト
pic	nước ép	https://blogger.googleusercontent.com/img/b/R29vZ2xl/AVvXsEhTYxo5VfnVrwraP8EYWD5rG7QhbZMuS6KRsqL8pQcBYvm5M7bSyAiiqJ_PAf0N53wz1lmF2EiX2vUrU4owWGD9BCldrOnhJK3UaJMCUmcu9saFVhTKz322_hZ6tLHad2qWcCqbtRLPdwrH/s200/thumbnail_juice_pack.jpg	いろいろなパックに入ったジュースのイラスト
word	ジュース	nước ép	https://blogger.googleusercontent.com/img/b/R29vZ2xl/AVvXsEhTYxo5VfnVrwraP8EYWD5rG7QhbZMuS6KRsqL8pQcBYvm5M7bSyAiiqJ_PAf0N53wz1lmF2EiX2vUrU4owWGD9BCldrOnhJK3UaJMCUmcu9saFVhTKz322_hZ6tLHad2qWcCqbtRLPdwrH/s200/thumbnail_juice_pack.jpg	いろいろなパックに入ったジュースのイラスト
pic	cờ Nhật	https://blogger.googleusercontent.com/img/b/R29vZ2xl/AVvXsEjT35GBa7nItyX8neALWotRoWJcbKG6ZqyN_lq4ORlsST6dhuS838l3QPHTQY8UA19dw-dr0clKHt9N8ldH2CLwb_kpPv2z2-dyri5PqelMBklPe2jeZYk-xIamQJqsYUCr_Lw-A53oDoI/s200/hata_kokki_flag_japan.png	日本の国旗のイラスト
pic	cô gái nghe điện thoại ở văn phòng	https://blogger.googleusercontent.com/img/b/R29vZ2xl/AVvXsEhWv3MAIXwyUIz-c1vhm-3aLtl0gN28xjxCLSiR-ExRd_TqDl2izHcC0Pb2MTDXt2dXI_TG0YRS2m3XxJRZ7MdEhyphenhyphenCicRWBhNN1vZgMdYPWPjcVV8IZBPaROve-7v270SeyEFH2Fb9ZhBQ/s200/thumbnail_phone_businessman.jpg	いろいろな表情の電話をする会社員のイラスト（男性）
pic	người đàn ông đứng giảng bài trong lớp	https://blogger.googleusercontent.com/img/b/R29vZ2xl/AVvXsEjdQ7-0RwCDK5myowD9kYu9xrDhML2QED7s3NhqYrTAmFCb7Hs1bUyJkmxvYVlnaBR-ATqjrZFshbDRjdmJMzNmZ9BzzCuA6TgNd1vnxlwI4fm2jakT8gZzXYuB1TEx8ehr-jazt7uZQ58/s200/school_sensei_kokuban.png	黒板と先生のイラスト
pic	cô gái ngồi học trong lớp	https://blogger.googleusercontent.com/img/b/R29vZ2xl/AVvXsEiGnuSnVFRFLOtOpcT333KBN1gvr2KjSi7G5UqRzvpY0eR-ZNgfgmay2cueubdHrtsgrOCgBrYHuvcq_c6l7VIASYLa7N6_kZAKXMg9r1AwRNCK6Gur0Iiz159CkllSiMgMqvEX2MWeMJE0/s200/online_school_girl.png	オンライン授業を受ける学生のイラスト（女性）
pic	người phụ nữ gấp quần áo ở nhà	https://blogger.googleusercontent.com/img/b/R29vZ2xl/AVvXsEgGBQPj0ninR5AlSlX-lZtwHThFTLt5724clJFp4xY3yDD7ay6fDdHS4786ykZKhwaad0z-FcWtKVoM8CORK6KO3VE-s7lP3Y65Ho2l0zjp6OymQo4Wnp8bu3zrlgZwSwaxA4E_Unc01us/s200/busy_syufu_woman.png	家事をする女性・主婦のイラスト
pic	nhân viên ngồi quầy ở cơ quan nhà nước	https://blogger.googleusercontent.com/img/b/R29vZ2xl/AVvXsEhwDiSRzc9NYQoPKbV_Qlrt8tVKnpHG_cflXBeCnp-GdSV3-3TNdD9zeCHfXnhDBdM6hO_71VIw-uCmnSbdVe7O42UvbH4uJ4l7ddb3QltkmjHgQCFzlPYNDmO_uc8xJgFB1GCZU0NRBWDx/s200/job_koumuin_men_women.png	公務員たちのイラスト
pic	người đội mũ bảo hộ đang vẽ bản vẽ	https://blogger.googleusercontent.com/img/b/R29vZ2xl/AVvXsEjF320kR1W6WUh8wGqC_W-LMeU7qYs5DNH3Z8CVcqHYUMrWNfuPBz1BXzI08uvUQ72VYI2-HzCoDjXxEW3asXkaeZ3uhKriV02PF6-3qHMz9wQr0vwwttDi-ni95ZoWN2UCzuiXGb71TIE/s200/job_kenchikuka.png	建築家のイラスト
pic	gia đình tôi: người phụ nữ cạnh ちち (bố)	https://blogger.googleusercontent.com/img/b/R29vZ2xl/AVvXsEgwpgBJNmuGd53Rs6_lIPzh6pX8NnIszetb1ifk4p37Ubm1E2fTAjH_pgIY5N_ci6Ysy8L-DEyexuvhbqUiVgMPhWpg8pwousTdS_3t93QVGyEmjrp2QlJb1oYrK8Ny0JUd4GBO_8KUcm-D/s200/thumbnail_mama.jpg	子供を抱っこしているお母さんのイラスト「息子・娘」
pic	gia đình tôi: em trai của わたし	https://blogger.googleusercontent.com/img/b/R29vZ2xl/AVvXsEgMPfE9Sm_rnFczTOPfZx77TOVGcLGFYHmF11fgRMBBrLkzvYcY1idv_8BOA69JoGdZczS7VPUHHuBfqZiKuckFaPZ_EqAz6KW-jVeKVYxuCiyzRE5obo5yZ9Gw5Ljzvu6VXvlyeVEo7SE/s200/thumbnail_boy.jpg	男の子の顔のアイコン
pic	gia đình tôi: em gái của わたし	https://blogger.googleusercontent.com/img/b/R29vZ2xl/AVvXsEgbkPOem4hWg2ZL5G36-xdmw6XYt8E4wa0X0Vxfbmg2VMPwOIU5FLGFxXBEoGrREF-RHBGXgxhJMjB0Wzmv7S-RMP4vbS18-hMjEN_Xt46v7neqfDtUsa8sU7jWmOcPgD7AJnCKs_6Jdf8/s200/thumbnail_girl.jpg	女の子の顔のアイコン
pic	gia đình Mari: người đàn ông cạnh おかあさん (bố Mari)	https://blogger.googleusercontent.com/img/b/R29vZ2xl/AVvXsEi_PlqcE34UTgGslZwlJO8oQIL223HIBGAk0n0vtwRjfT57WR-5hWla5U3asImZIJKBJX7zKxeQtJ6GMghOk3xeXMzy-sHh-J46HZXFQFAsfxJyey3cynWG7O368Mq8yUU9bWqiwC2JZjkn/s200/thumbnail_papa.jpg	子供を抱っこしているお父さんのイラスト「息子・娘」
pic	gia đình Mari: anh trai của Mari	https://blogger.googleusercontent.com/img/b/R29vZ2xl/AVvXsEiGVYzDXsWi7q7WNTV8eHgdoArW7nHQ3GbFnt0k7OiJjOwUGV3-gjVNiJ2mJ8-4agyRN8_qpOp8riLqypktutJOhtgNpC3QTlRXxtZ3UE9PdHa-tqRytW-YVUqMkXbPjjFzTKGKpgSKUSE/s200/family_ani_imouto.png	兄と妹のイラスト
pic	gia đình Mari: chị gái của Mari	https://blogger.googleusercontent.com/img/b/R29vZ2xl/AVvXsEiYQxf5gU-yDJHxgjCS9IywQutKOSOS6mevosbgL2eTTb1rnXO7PBcBdDEjVqKJHLGJWHxkYmY0EVIqUlGAmMjHUqAG3BfpodKtUGO7J_xgcd3g5pJwRxW9Y0PgB_9eO0_hvKBO2rhiXP4/s200/family_shimai.png	姉と妹のイラスト
pic	người đàn ông cạnh つま (vợ), có こども (con)	https://blogger.googleusercontent.com/img/b/R29vZ2xl/AVvXsEgnh5WI0-DGRdtRRQ5iHGPz-wUCNWeku_Jmuumv0NUUJvP0WOSCKIDy_YnZdCUBW3-E-kazhm3JElNsFQB_1IsNxoPQyawPWE5uvlxaOWnCw4S5LNTLbIvgCn6fWlEHIb5ifUyR21yrEXFE/s200/thumbnail_pose_gutspose_family.jpg	ガッツポーズを取って喜ぶ家族のイラスト（バラバラ）
pic	người phụ nữ cạnh ごしゅじん (chồng người khác), có おこさん (con người khác)	https://blogger.googleusercontent.com/img/b/R29vZ2xl/AVvXsEgnh5WI0-DGRdtRRQ5iHGPz-wUCNWeku_Jmuumv0NUUJvP0WOSCKIDy_YnZdCUBW3-E-kazhm3JElNsFQB_1IsNxoPQyawPWE5uvlxaOWnCw4S5LNTLbIvgCn6fWlEHIb5ifUyR21yrEXFE/s200/thumbnail_pose_gutspose_family.jpg	ガッツポーズを取って喜ぶ家族のイラスト（バラバラ）
pic	bố, mẹ và con trai bên bờ sông	https://blogger.googleusercontent.com/img/b/R29vZ2xl/AVvXsEiWrSMpr5IarQIcb-jT23ALAhszFjgGWIOwy1rarMua4CJj_crcnQA9w2qqcxrF0aNZgVrssxXoKiIcRxRgDiwUBKZUU0o4d3xKOET4Uec8Z9323M-uGfd8nBbQJdI0Smal7loozUz8TCkA/s200/kawa_asobi.png	川遊びをしている子供のイラスト
pic	bố mẹ trẻ với 2 con nhỏ trên sofa	https://blogger.googleusercontent.com/img/b/R29vZ2xl/AVvXsEi4vUVmxVmjrZXJ59lgV6tsAlU-orSagsFXTKhuP8q9ZUtEPD9UUX3AcnQDa0p2QPFXXCJWq84aIIeUFqeuS2yPsdDpIK0a1v7AtnYvyfAHjjTViMpreB_dIzPpETjRDsKMFfR5rtQYXKU/s200/family_danran.png	一家団らんのイラスト「家族のくつろぎ」
pic	bố mẹ với 3 con ngoài trời	https://blogger.googleusercontent.com/img/b/R29vZ2xl/AVvXsEg7OSeLfbMjDZUh54Iox-iU4xqW-FbAAWVV816S_yXuq7D9iM64j3V-fWMkuonwT56EzW9ZmZZmC0dN-3POCZB-UBll5vUkmfBHD2U3-a8H8FmhFuf2YFusdD3XMXobckP4c59VhMTuZ2vL/s200/kouen_oyako.png	公園で遊ぶ親子のイラスト
pic	cặp vợ chồng lớn tuổi ngồi trên ghế	https://blogger.googleusercontent.com/img/b/R29vZ2xl/AVvXsEggiLiuQK0HtYtz9-eNUo2hnoXWyAczRD8veVd5tT0xk7vV3QN_Bf3UU551iswpmuRRp3PQFPJH_dijfwIYq9bLccXCIg8DAFW3Z2-xl2c_aumw97bDfLDvhHWCnd8F0kQQOujrC_Yc0TGn/s200/fufu_roujin.png	仲の良い老夫婦のイラスト
pic	a: người đàn ông trẻ (bố)	https://blogger.googleusercontent.com/img/b/R29vZ2xl/AVvXsEhSlZZzX9x_gm8-aVPXkfSLG_Niq-1C_GiIW-7KDCUgj_SCDLHBElBqY38d_sFX2i_x32IAVqDIb82zZQEt5KiE7-nvHf9vDYtYK7XN-DCM2wWYGVwptitHcqvKpLYzvBOXV1LsNRNZNHRu/s200/kateikyoushi_man_boy.png	家庭教師のイラスト（男性）
pic	b: cậu bé	https://blogger.googleusercontent.com/img/b/R29vZ2xl/AVvXsEgMPfE9Sm_rnFczTOPfZx77TOVGcLGFYHmF11fgRMBBrLkzvYcY1idv_8BOA69JoGdZczS7VPUHHuBfqZiKuckFaPZ_EqAz6KW-jVeKVYxuCiyzRE5obo5yZ9Gw5Ljzvu6VXvlyeVEo7SE/s200/thumbnail_boy.jpg	男の子の顔のアイコン
pic	c: bé gái nhỏ	https://blogger.googleusercontent.com/img/b/R29vZ2xl/AVvXsEgbkPOem4hWg2ZL5G36-xdmw6XYt8E4wa0X0Vxfbmg2VMPwOIU5FLGFxXBEoGrREF-RHBGXgxhJMjB0Wzmv7S-RMP4vbS18-hMjEN_Xt46v7neqfDtUsa8sU7jWmOcPgD7AJnCKs_6Jdf8/s200/thumbnail_girl.jpg	女の子の顔のアイコン
pic	d: người phụ nữ trẻ (mẹ)	https://blogger.googleusercontent.com/img/b/R29vZ2xl/AVvXsEiAHbmjrjqlwZba2sGkXrZpU4HHhBLuzqE9MGC2xUUzmE0oLBnmqZ9YHUnIeNDhbOx3JOWcspKfEQ5FAXFHOOrlFzNV7wxRB5REb_CZJ8n0Ti4yhcRhoRzV9g-tXYXS7QhdjBC2xRHIWhJM/s200/kateikyoushi_woman_boy.png	家庭教師のイラスト（女性）
pic	e: người phụ nữ lớn tuổi (bà)	https://blogger.googleusercontent.com/img/b/R29vZ2xl/AVvXsEizq8z9NXOVhHLZvbyZDdhS89-6sLmnDgfktg6sb7fMJ-D6lYp1_YcsYIwonDgZDdBFeYvceh31c7pejqfwVWNQpgl007ZSqdVVOvbeJAqeLnXDVucqVHlyjdoTbq1gNkYbmbvxrEdMR5c/s200/obaasan.png	老人のイラスト「かわいいおばあさん」
pic	f: người đàn ông lớn tuổi (ông)	https://blogger.googleusercontent.com/img/b/R29vZ2xl/AVvXsEhdygjNH1ik6zOX9Kmt2siI1y6xEwvGMyQvbyySz3FUDmg-QgIX-rT6W35EimEbeTjyzIdJ23-6zgef1lSM0baX5wQ6bf2AtFM1l19s2MmNBU9fmi5s6J6kujEUjRsuPliN4_U5VGVga7s/s200/ojiisan_face.png	おじいさんのイラスト「笑顔」
pic	cặp vợ chồng lớn tuổi (わたし là người chồng)	https://blogger.googleusercontent.com/img/b/R29vZ2xl/AVvXsEggiLiuQK0HtYtz9-eNUo2hnoXWyAczRD8veVd5tT0xk7vV3QN_Bf3UU551iswpmuRRp3PQFPJH_dijfwIYq9bLccXCIg8DAFW3Z2-xl2c_aumw97bDfLDvhHWCnd8F0kQQOujrC_Yc0TGn/s200/fufu_roujin.png	仲の良い老夫婦のイラスト
pic	gia đình trẻ 4 người (わたし là người mẹ)	https://blogger.googleusercontent.com/img/b/R29vZ2xl/AVvXsEh30SBEac4gFp4V9S7aJtz4vCZSiDfQCJAZtfxCI9NfmyZxSJX9OG0B5rH0pZyRhikGlyAjpbjt2yqIeTIPcj1z9GPmHArXGNdifvHctBDAe9Row8gFkxyOipZ02LMHW6JbUv92aeJ1DHw/s200/family.png	立っている家族のイラスト
pic	gia đình 5 người đứng thành hàng (わたし là người con trai)	https://blogger.googleusercontent.com/img/b/R29vZ2xl/AVvXsEjqTmQvfYcAlbUQUCb4O9Og07lyRRwvB6o3q9iFbYgRhLV4AtD85MKcbY4LWyvvYrRNWx416yENVr4bUs03dRQxkTTBhXu_0xAXDeURhoyY_1QtOCoZeYaDC9QFhhMiUeJQJVIuRLGCZRw/s200/thumbnail_family_big.jpg	立っている大家族のイラスト「親子三代」
pic	đại gia đình 6 người (わたし là người bố trẻ)	https://blogger.googleusercontent.com/img/b/R29vZ2xl/AVvXsEjqTmQvfYcAlbUQUCb4O9Og07lyRRwvB6o3q9iFbYgRhLV4AtD85MKcbY4LWyvvYrRNWx416yENVr4bUs03dRQxkTTBhXu_0xAXDeURhoyY_1QtOCoZeYaDC9QFhhMiUeJQJVIuRLGCZRw/s200/thumbnail_family_big.jpg	立っている大家族のイラスト「親子三代」
pic	gia đình ①	https://blogger.googleusercontent.com/img/b/R29vZ2xl/AVvXsEgqIcMs8R5Cx7I8K97NiZ74Grhuf27LFLcbm5891J6Yl2E_k9l-VKh3Idsjrq9_3EG01C6F1jDaSLQY6fm14zxXdv7qMnV7SE7o374mMdJTdDR965dWovFWv0pOUg40zTA8L8RsNZUvBUmz/s200/jitaku_taiki__relax_family.png	室内でリラックスする人のイラスト（家族）
pic	gia đình ②	https://blogger.googleusercontent.com/img/b/R29vZ2xl/AVvXsEgqIcMs8R5Cx7I8K97NiZ74Grhuf27LFLcbm5891J6Yl2E_k9l-VKh3Idsjrq9_3EG01C6F1jDaSLQY6fm14zxXdv7qMnV7SE7o374mMdJTdDR965dWovFWv0pOUg40zTA8L8RsNZUvBUmz/s200/jitaku_taiki__relax_family.png	室内でリラックスする人のイラスト（家族）
pic	gia đình ③	https://blogger.googleusercontent.com/img/b/R29vZ2xl/AVvXsEgqIcMs8R5Cx7I8K97NiZ74Grhuf27LFLcbm5891J6Yl2E_k9l-VKh3Idsjrq9_3EG01C6F1jDaSLQY6fm14zxXdv7qMnV7SE7o374mMdJTdDR965dWovFWv0pOUg40zTA8L8RsNZUvBUmz/s200/jitaku_taiki__relax_family.png	室内でリラックスする人のイラスト（家族）
pic	gia đình ④	https://blogger.googleusercontent.com/img/b/R29vZ2xl/AVvXsEgqIcMs8R5Cx7I8K97NiZ74Grhuf27LFLcbm5891J6Yl2E_k9l-VKh3Idsjrq9_3EG01C6F1jDaSLQY6fm14zxXdv7qMnV7SE7o374mMdJTdDR965dWovFWv0pOUg40zTA8L8RsNZUvBUmz/s200/jitaku_taiki__relax_family.png	室内でリラックスする人のイラスト（家族）
pic	gia đình ⑤	https://blogger.googleusercontent.com/img/b/R29vZ2xl/AVvXsEgqIcMs8R5Cx7I8K97NiZ74Grhuf27LFLcbm5891J6Yl2E_k9l-VKh3Idsjrq9_3EG01C6F1jDaSLQY6fm14zxXdv7qMnV7SE7o374mMdJTdDR965dWovFWv0pOUg40zTA8L8RsNZUvBUmz/s200/jitaku_taiki__relax_family.png	室内でリラックスする人のイラスト（家族）
pic	ảnh trái: bé trai (số 1)	https://blogger.googleusercontent.com/img/b/R29vZ2xl/AVvXsEgMPfE9Sm_rnFczTOPfZx77TOVGcLGFYHmF11fgRMBBrLkzvYcY1idv_8BOA69JoGdZczS7VPUHHuBfqZiKuckFaPZ_EqAz6KW-jVeKVYxuCiyzRE5obo5yZ9Gw5Ljzvu6VXvlyeVEo7SE/s200/thumbnail_boy.jpg	男の子の顔のアイコン
pic	ảnh trái: người đàn ông trẻ (số 2)	https://blogger.googleusercontent.com/img/b/R29vZ2xl/AVvXsEj6Gz3bz2Aii3x-NcZvmxcjgcxhkbtL4pPVCc8OLxdFfUDZSiFY2bucQZyI4YKaepcAJltv5MrkQtHV8oEbiP0TXeJiKnI-8XH4j5nYNHFLirPUh59VJg3-pxSa06XbrfhA4N5rE9bunoiv/s200/thumbnail_party_kansougeikai_business_man.jpg	歓送迎会のイラスト（男性会社員）
pic	ảnh phải: người phụ nữ lớn tuổi (số 3)	https://blogger.googleusercontent.com/img/b/R29vZ2xl/AVvXsEizq8z9NXOVhHLZvbyZDdhS89-6sLmnDgfktg6sb7fMJ-D6lYp1_YcsYIwonDgZDdBFeYvceh31c7pejqfwVWNQpgl007ZSqdVVOvbeJAqeLnXDVucqVHlyjdoTbq1gNkYbmbvxrEdMR5c/s200/obaasan.png	老人のイラスト「かわいいおばあさん」
pic	ảnh phải: bé gái (số 4)	https://blogger.googleusercontent.com/img/b/R29vZ2xl/AVvXsEgbkPOem4hWg2ZL5G36-xdmw6XYt8E4wa0X0Vxfbmg2VMPwOIU5FLGFxXBEoGrREF-RHBGXgxhJMjB0Wzmv7S-RMP4vbS18-hMjEN_Xt46v7neqfDtUsa8sU7jWmOcPgD7AJnCKs_6Jdf8/s200/thumbnail_girl.jpg	女の子の顔のアイコン
pic	ảnh phải: người phụ nữ trẻ (số 5)	https://blogger.googleusercontent.com/img/b/R29vZ2xl/AVvXsEjKh9zgdgwjdzEj0XjXUNva-uvjA2k9YksEFBaon_kNSNirqroV2cp04pYNQLd5P830hqOut2RHn8Pm7lvmY2yjMHS5i6L1XGfCcpukzHeTVAKwIsyTVPN0M5-ZSVtCyRhBj9D38DJFVwY/s200/kaisya_desk1_syachou_young_woman.png	社長のイラスト（若い女性）
pic	bé trai – con của anh trai	https://blogger.googleusercontent.com/img/b/R29vZ2xl/AVvXsEg8H6dBGqSS_FMeYIH-7vcfnIugFCb1y0yBPHQM1ZJQG62TKj9yFelLHLi4JDtMX5hjfgZ86ZQM3BJaskiOi3rB0g7WUjGcVnHqzWQ-Kp2BQXRTfYa49pLfFGfwH3akJaEWhPS1YQKcKTcc/s200/thumbnail_count_boy.jpg	指で数を数える男の子のイラスト
pic	anh trai	https://blogger.googleusercontent.com/img/b/R29vZ2xl/AVvXsEiGVYzDXsWi7q7WNTV8eHgdoArW7nHQ3GbFnt0k7OiJjOwUGV3-gjVNiJ2mJ8-4agyRN8_qpOp8riLqypktutJOhtgNpC3QTlRXxtZ3UE9PdHa-tqRytW-YVUqMkXbPjjFzTKGKpgSKUSE/s200/family_ani_imouto.png	兄と妹のイラスト
pic	mẹ	https://blogger.googleusercontent.com/img/b/R29vZ2xl/AVvXsEgwpgBJNmuGd53Rs6_lIPzh6pX8NnIszetb1ifk4p37Ubm1E2fTAjH_pgIY5N_ci6Ysy8L-DEyexuvhbqUiVgMPhWpg8pwousTdS_3t93QVGyEmjrp2QlJb1oYrK8Ny0JUd4GBO_8KUcm-D/s200/thumbnail_mama.jpg	子供を抱っこしているお母さんのイラスト「息子・娘」
pic	bé gái – con của chị gái	https://blogger.googleusercontent.com/img/b/R29vZ2xl/AVvXsEgbkPOem4hWg2ZL5G36-xdmw6XYt8E4wa0X0Vxfbmg2VMPwOIU5FLGFxXBEoGrREF-RHBGXgxhJMjB0Wzmv7S-RMP4vbS18-hMjEN_Xt46v7neqfDtUsa8sU7jWmOcPgD7AJnCKs_6Jdf8/s200/thumbnail_girl.jpg	女の子の顔のアイコン
pic	chị gái	https://blogger.googleusercontent.com/img/b/R29vZ2xl/AVvXsEiYQxf5gU-yDJHxgjCS9IywQutKOSOS6mevosbgL2eTTb1rnXO7PBcBdDEjVqKJHLGJWHxkYmY0EVIqUlGAmMjHUqAG3BfpodKtUGO7J_xgcd3g5pJwRxW9Y0PgB_9eO0_hvKBO2rhiXP4/s200/family_shimai.png	姉と妹のイラスト
pic	gia đình trước tháp Tokyo (わたし là người đàn ông)	https://blogger.googleusercontent.com/img/b/R29vZ2xl/AVvXsEhxOs_IbuHuyXOMcGBUZ0prJ1xAWFa9y5GbBtyHZ9qWZSyM3xt7U9OKzBO0czs4yc_A3HeHdGqlhexXaDcTFHFv80ToDeFhlFXvENqKjD9CRb6BpLlZuVvD-U1L8HDifQmTY0FpNAHwZ-PL/s200/travel_happy_family_set.png	旅行に行く家族のイラスト
pic	gia đình ở trang trại có bò, Hokkaido (わたし là cô gái)	https://blogger.googleusercontent.com/img/b/R29vZ2xl/AVvXsEjAivmDkREoyer0KU3fBf630enqpp2jiT9w-7qOaerXihpMOfP85DMROfxfHbPppaLjjVCVuuBKpo2AI8udfctXsuNzcC7erR-uDR-aF07ghlykSfpt6JYsAObBigEIpHCBCfBMmZhU0G8/s200/bokujou.png	牧場のイラスト
pic	gia đình trước cổng torii, Hiroshima (わたし là chàng trai trẻ)	https://blogger.googleusercontent.com/img/b/R29vZ2xl/AVvXsEi8kKAaL88ICyndY_8WAAo_IFfeG8xNCL4tvWolxeFb59TIcbG1s2SKazFIbOHuW5ss9ouC9goQPwGyVcQgZTV_PeSi9bImhjcwVZ94iNe5MTYwPdARoBF_UPkbJITazGGQTBxHIq8TMpkq/s200/thumbnail_torii.jpg	いろいろな鳥居のイラスト
pic	gia đình trước nhà mái ngói đỏ, Okinawa (わたし là người phụ nữ)	https://blogger.googleusercontent.com/img/b/R29vZ2xl/AVvXsEiebEdncyuaulhEmevpa_-bkLBi5njMngqNH2BBVRqt4R5YXniyxSQL0EsOKg1K4nA942lOgK2ygwn_jBtWxZRg2dMSjtgo8Ay-6jNBAQ3Kv7J9sWqro8vjzYr5DDNk1uhwjLniQNpMBJCh/s200/okinawa_minka.png	沖縄の民家のイラスト
pic	bánh mì (ổ và lát)	https://blogger.googleusercontent.com/img/b/R29vZ2xl/AVvXsEgEVwmsSjgvzI4cK9rT_R781js3ZPl0vGi07I81fl4us3KxMIxG08-rbciiUUE-Auc-_K4FUZ_EpP1jppY7_aYl6mPaNee1qmaF8A_Go8AqFBnTRJIV8nR3aYykw52aFnEyK1Q4TjMoDOIU/s200/bread_syokupan.png	食パンのイラスト
pic	bình cà phê và tách	https://blogger.googleusercontent.com/img/b/R29vZ2xl/AVvXsEhSz-bZVeah5lHgzSG8R1u1uINbh5La2EyzYdhamHx1y5Iaat59EAc-gNUURlpxZCemB8XIyP2LyrQB8E2LP_ucdIjhhuhRPo3ORONZfNZR6Mbb2DTz2eTIMvAujYQsoESad23zaJb85CN-/s200/drink_coffee.png	コーヒーメーカーとコーヒーカップのイラスト
pic	bát cơm	https://blogger.googleusercontent.com/img/b/R29vZ2xl/AVvXsEhI2iPJEN9aBU1aD7KhexgNK-Ki-AaZWtKhgwTlNtIz-GFqfjOdCfTjKegeeaxfchMubh1ygYIzdz4RuTpm0nuPtZbXU0ZGDptPup56oInCvMRLEnPU0p68hlTQ2465azgFVMJI0I7xZmmc/s200/food_gohan_hakumai.png	お茶碗に入ったご飯のイラスト
pic	con cá	https://blogger.googleusercontent.com/img/b/R29vZ2xl/AVvXsEi6pEt9MmG_EVSTHJv-RUtWUSPUPLFRZPGXzNvgkFqbPtDa9HtDYx4zqQ-DXt4M6foUMCqyn47lpGUFAOrR1tcnQUVj3fEn72k4nWaN8dhJDQcBhDBDMU7jeeRTBdAbif4OnBfDMqNU51_k/s200/fish_tai.png	鯛のキャラクター（魚）
pic	cam, táo, chuối	https://blogger.googleusercontent.com/img/b/R29vZ2xl/AVvXsEhnvfBqhtJ7uv7cziD_3couF7d49AIhzTNGU5PeHz9-So8NwmOqfhkCYORA3eMZFmFJrV3B2p6EHjnm16pHpHLVj3aqZNHXIlAkzmxGTA-WW_jnT3oRhyTw_jW3a6LSSbVdd73tHm2qJ2fh/s200/thumbnail_fruit_kago.jpg	いろいろなカゴに入った果物のイラスト
pic	quả trứng và trứng ốp la	https://blogger.googleusercontent.com/img/b/R29vZ2xl/AVvXsEgY49xqb6fDuVUt-OyGku1pdvmALLMU9qbkr9Ar5W_JxqQwtrDz8PwWVWFewgHDzvC9ISinG3y_YGYchX0AtQsVdKnLQabz9DW9kYZrnqXcRqSOtOL8OeLHTLb7uQpiH_PknSjtyuefDxHc/s200/food_medamayaki.png	目玉焼きのイラスト
pic	cốc nước	https://blogger.googleusercontent.com/img/b/R29vZ2xl/AVvXsEi4ja_1utwpdvOSmG0JBzXAumYSHRIv71q2oMNRYA6mFShHJ2KQ9T5z4gOlneHAXYM9W1tqC9ulMCJES0E2536iQAycdt-HCl3Udc0a_mikHH5vtK89X6GzREC7ne0SO1tqOtF78Pljt55C/s200/medicine_cup_water.png	コップに入った水のイラスト
pic	hộp sữa (MILK) và cốc sữa	https://blogger.googleusercontent.com/img/b/R29vZ2xl/AVvXsEgPMq9YCS1rnErPHqfBgiBZ0hPC8_uSiLrZs2kbgiRg5JWIBzdDvGVSTNHoLiF0OqcssV2Ecj2OBpr9bNIlTOKA-BDJthyIuRDeeGObMJv_w1Ir_MM_83FO6KaXKvF0351JY2Y4cDGFLyGF/s200/drink_milk_glass.png	コップに入った牛乳のイラスト
pic	bong bóng ① (người hỏi)	https://blogger.googleusercontent.com/img/b/R29vZ2xl/AVvXsEgSVMf2zfaKAAZ1cCoY6-mFedROYBM3Hg-x6ag0JpOyBrIGVM-wkTVl-y0H4x7gRYJmU_KgsOLfoNK_N45Qphkopwnh1Kehf4-0NSs66JNvh3FcXOTgg_xlv-AugzafIxO7orOLDRw2LXM/s200/business_serifu_woman.png	吹き出しのついた女性会社員のイラスト
pic	bong bóng ② (người trả lời)	https://blogger.googleusercontent.com/img/b/R29vZ2xl/AVvXsEhU6Ui3DMFncLy5ccc-_JVb8BRf7FHIHd3_AAzfwnUW8leYSlSbebG17hISv8GNOkOd7RewMm_HFqWD-9f1FBvjY0O1a40lX2SwD4AgsKlplWsVwUK4x8b9B2HPUYeJ2XmsK71CAroDwr0/s200/business_serifu_man.png	吹き出しのついた男性会社員のイラスト
pic	bong bóng ③ (người hỏi)	https://blogger.googleusercontent.com/img/b/R29vZ2xl/AVvXsEgSVMf2zfaKAAZ1cCoY6-mFedROYBM3Hg-x6ag0JpOyBrIGVM-wkTVl-y0H4x7gRYJmU_KgsOLfoNK_N45Qphkopwnh1Kehf4-0NSs66JNvh3FcXOTgg_xlv-AugzafIxO7orOLDRw2LXM/s200/business_serifu_woman.png	吹き出しのついた女性会社員のイラスト
pic	bong bóng ④ (người trả lời)	https://blogger.googleusercontent.com/img/b/R29vZ2xl/AVvXsEhU6Ui3DMFncLy5ccc-_JVb8BRf7FHIHd3_AAzfwnUW8leYSlSbebG17hISv8GNOkOd7RewMm_HFqWD-9f1FBvjY0O1a40lX2SwD4AgsKlplWsVwUK4x8b9B2HPUYeJ2XmsK71CAroDwr0/s200/business_serifu_man.png	吹き出しのついた男性会社員のイラスト
pic	bong bóng ⑤ (người hỏi)	https://blogger.googleusercontent.com/img/b/R29vZ2xl/AVvXsEgSVMf2zfaKAAZ1cCoY6-mFedROYBM3Hg-x6ag0JpOyBrIGVM-wkTVl-y0H4x7gRYJmU_KgsOLfoNK_N45Qphkopwnh1Kehf4-0NSs66JNvh3FcXOTgg_xlv-AugzafIxO7orOLDRw2LXM/s200/business_serifu_woman.png	吹き出しのついた女性会社員のイラスト
pic	bong bóng ⑥ (người trả lời)	https://blogger.googleusercontent.com/img/b/R29vZ2xl/AVvXsEhU6Ui3DMFncLy5ccc-_JVb8BRf7FHIHd3_AAzfwnUW8leYSlSbebG17hISv8GNOkOd7RewMm_HFqWD-9f1FBvjY0O1a40lX2SwD4AgsKlplWsVwUK4x8b9B2HPUYeJ2XmsK71CAroDwr0/s200/business_serifu_man.png	吹き出しのついた男性会社員のイラスト
pic	đĩa cơm cà ri	https://blogger.googleusercontent.com/img/b/R29vZ2xl/AVvXsEjpjN92CMfQ_dLq55wvok9j_e4BFZdlUWQLJ5jaNY8onXGgu5cYY_oXy51GyZJ2uOPNevXlM8jVxWhdEUcOd1fWXoa0v5c7xuno09DaEG3dsBWkgClQNQYPBCdqyo2c1wAvbX4iQ668AN9H/s200/food_curryruce.png	カレーライスのイラスト
pic	khay sushi	https://blogger.googleusercontent.com/img/b/R29vZ2xl/AVvXsEhnFR5bNaKk3rRor5-ZbT0mq-u5Lw34grDRjrcC-FDlMxWtRAlv1ZsMNPSXCCeAfkSKq2BhX9WsgqSUlpcE4xrVMRPsla6qDaLpV9L94aS3cflZDD-0HF9P_Ks2-2-DVomXL3PGfYhFqRon/s200/sushi_oke_nigiri.png	寿司桶に入ったお寿司のイラスト
pic	bát mì udon có tempura	https://blogger.googleusercontent.com/img/b/R29vZ2xl/AVvXsEgB9EsoenaBaa5b4kru40xO-ERPTtxK1MuJO_8moHTTGy-6DpNxzac9yv4RBL1Zl2qo2CM4spoAEOae1taEVdClUSUzd_C44eYB6HXeb9dYsh46CI3TT2xXrGIhf8Y7zhJnuh_1LVJJTd1v/s200/food_udon_goboten.png	ごぼ天うどんのイラスト
pic	mì soba lạnh trên khay tre	https://blogger.googleusercontent.com/img/b/R29vZ2xl/AVvXsEgws0xglc5vso8Q51Q-3j9-ribjW7QfhDvLQuGIiSpiRU-Z3ZmHJmOnWNOaahjTsupwJ5aiCe-SplwL9XqXURJG_LWZcM7DTb_aUpC5VaiXqMa-70cL5IyULqNKuFVfmYmOPFqQbjhGPvQ6/s200/soba_zarusoba.png	ざるそばのイラスト
pic	bát mì ramen có trứng, thịt xá xíu	https://blogger.googleusercontent.com/img/b/R29vZ2xl/AVvXsEgxJ2X5Ko9bKEMdwiocPmvCzEOblpCoEooTfNuVt9qs-95b4B3EFtDIuIXafcNcKIQYBC42MFfMdijwV4Xfjg7or5IJw-H3bd3BSVXZv4vjK73e3oU0shHAFCJ0cvxiqyQDYxtR-fAEPUzd/s200/thumbnail_food_ramen_topping.jpg	いろいろなラーメンのトッピングのイラスト
pic	bánh pizza	https://blogger.googleusercontent.com/img/b/R29vZ2xl/AVvXsEjBk83LSys5HDAg3Mr2IAe4Iyupj392FEaNishaLj48rplyfo9iNCig_cDmbVHEMULsRVhz-hjSFSaSKfxMvmHrXcegB6eQ-KsJD_vJ2FsWQBa8AvjW8ifsMWMZFC_3813qThSFLlFPNVln/s200/food_pizza.png	ピザのイラスト「トマトとサラミのピザ」
pic	hamburger và khoai tây chiên	https://blogger.googleusercontent.com/img/b/R29vZ2xl/AVvXsEg2n-AZ_NwVhtJfVnUtPznBj0yM0rT0vvi13fsg4oSFAmS9dUW_7Yg2eA67bE87AQsbxy4FNGzCRQhO2oeOZm5rDc-bTi3NtnjsXxRWTRS3FLsO4QL_eVgkiq9Y-vnhJb2putx1_qsCyaN2/s200/food_hamburger.png	ハンバーガーのイラスト
pic	bánh sandwich	https://blogger.googleusercontent.com/img/b/R29vZ2xl/AVvXsEgyXa2KRibUfTFnQmWX31b35KsjUEIzBqi8PNiXJzrn78hKBIH4tXIiy_ntySy08n8AHLI2-oc0MzGc7EHFAOJmNiSnvZTl6ZteW1lO7Zt1w8bfexkasBEh6opOEiyMlPlpVv9boXXRgKo/s200/food_sandwitch.png	三角形のサンドイッチのイラスト
pic	bong bóng ① (người A)	https://blogger.googleusercontent.com/img/b/R29vZ2xl/AVvXsEgSVMf2zfaKAAZ1cCoY6-mFedROYBM3Hg-x6ag0JpOyBrIGVM-wkTVl-y0H4x7gRYJmU_KgsOLfoNK_N45Qphkopwnh1Kehf4-0NSs66JNvh3FcXOTgg_xlv-AugzafIxO7orOLDRw2LXM/s200/business_serifu_woman.png	吹き出しのついた女性会社員のイラスト
pic	bong bóng ② (người B)	https://blogger.googleusercontent.com/img/b/R29vZ2xl/AVvXsEhU6Ui3DMFncLy5ccc-_JVb8BRf7FHIHd3_AAzfwnUW8leYSlSbebG17hISv8GNOkOd7RewMm_HFqWD-9f1FBvjY0O1a40lX2SwD4AgsKlplWsVwUK4x8b9B2HPUYeJ2XmsK71CAroDwr0/s200/business_serifu_man.png	吹き出しのついた男性会社員のイラスト
pic	bong bóng ③ (người A)	https://blogger.googleusercontent.com/img/b/R29vZ2xl/AVvXsEgSVMf2zfaKAAZ1cCoY6-mFedROYBM3Hg-x6ag0JpOyBrIGVM-wkTVl-y0H4x7gRYJmU_KgsOLfoNK_N45Qphkopwnh1Kehf4-0NSs66JNvh3FcXOTgg_xlv-AugzafIxO7orOLDRw2LXM/s200/business_serifu_woman.png	吹き出しのついた女性会社員のイラスト
pic	bong bóng ④ (người B)	https://blogger.googleusercontent.com/img/b/R29vZ2xl/AVvXsEhU6Ui3DMFncLy5ccc-_JVb8BRf7FHIHd3_AAzfwnUW8leYSlSbebG17hISv8GNOkOd7RewMm_HFqWD-9f1FBvjY0O1a40lX2SwD4AgsKlplWsVwUK4x8b9B2HPUYeJ2XmsK71CAroDwr0/s200/business_serifu_man.png	吹き出しのついた男性会社員のイラスト
pic	bong bóng ⑤ (người A)	https://blogger.googleusercontent.com/img/b/R29vZ2xl/AVvXsEgSVMf2zfaKAAZ1cCoY6-mFedROYBM3Hg-x6ag0JpOyBrIGVM-wkTVl-y0H4x7gRYJmU_KgsOLfoNK_N45Qphkopwnh1Kehf4-0NSs66JNvh3FcXOTgg_xlv-AugzafIxO7orOLDRw2LXM/s200/business_serifu_woman.png	吹き出しのついた女性会社員のイラスト
pic	ngôi nhà	https://blogger.googleusercontent.com/img/b/R29vZ2xl/AVvXsEg87d5BoqMr6-Vy_i4W9zpLVXrJ8TeV7n476E-dxwRKo0mlrmF7mnzvPer1PLYTCXdwNN-46umez4ijeArqNSTJQySVPTSeVo94PBaEDLMy7F72B-e-DPGsvO7Lm7B07_dO_ysJsM-APiXW/s200/thumbnail_building_house.jpg	いろいろな家のイラスト
pic	công viên	https://blogger.googleusercontent.com/img/b/R29vZ2xl/AVvXsEjql1LDUC5DBFFiiOniigDrAIF5xzkvkDYhXl6eqiLNUYVtIKP2FsU_BknuurOkppCBs6RIJR89SXyM_0Q1Xgw5NyWE_yNP6lZWr05FCrgW4I9BFk95XWw3Lxia6RkPazHOYLYVsxlLvYY/s200/tatemono_kouen.png	公園のイラスト
pic	tòa nhà cửa hàng bách hóa	https://blogger.googleusercontent.com/img/b/R29vZ2xl/AVvXsEhzaTx41HBmO0ziX-qETTU_GbBfHRUjqoLwSN2MqEbcMQG6R7xpY8Rm2ImyeXgLJwzE1WXlehLijmGHrW6-1wNW-x32whL6YLRZ6JCMfwrU4dKNvMTeY5LksZJQczIUJsyXHgr7SbmvKRs/s200/tatemono_department_store.png	デパート・百貨店のイラスト
pic	cái giường	https://blogger.googleusercontent.com/img/b/R29vZ2xl/AVvXsEiIM6T9TDOABk07xBUqu_xfFycL4osB9ygEKpw7485Mk0BUNOiIX2wc3bhzEGNHD1rOkTN42FKLD90GmEsXfhLBOtJMubdK1qT7c8AcKLHpNJula5_9KWkbmWFhLaVaPGrHCz-1jnDdPw7Q/s200/kagu_bed.png	ベッドのイラスト
pic	cả căn phòng	https://blogger.googleusercontent.com/img/b/R29vZ2xl/AVvXsEiKJy7d0DaU4dZRPmzIhOZDV7HXsRTeDPOE84_tXahbhO9HmgZJ1NX6UxRpcZmmv0onZwczS3BFHbAHJAJGCg8sVkff_-XSc3nTutiE0W3mVDk37XkyO5fE85V4dnD3pL7C_eCM-1_-j55S/s200/room_living_clean.png	綺麗なリビングルームのイラスト
pic	nhà to ↔ nhà nhỏ	https://blogger.googleusercontent.com/img/b/R29vZ2xl/AVvXsEhSS7oVSFeAUeFNcfsgQ5Kb_POz6IM2PocD0OaY_f_VZOuiUjBNBsnsb29L_jHriGcvsvkWUL8cMzWsZhb9ylkSiG2eNGhkG1JVREdCUv8-pXKslcDfcNFL60MbFxKc2nl5mWvAyP97XW0/s200/house_1f.png	家・建物のイラスト「１階建て一軒家」
pic	nhà mới ↔ nhà cũ	https://blogger.googleusercontent.com/img/a/AVvXsEi_iOltHuKx1_oEhwHfL4uBKjSqA21WmKYbVn9W4QIV8xXXTTAb6pOPH9QmoYepLsqJAjNO-x3WcSk-XUf1FK3R4UYDezs-31rs4FQCdP_tBPf6_Es9NlifonN6GRyjZaMK1Yo4vnQ44o521c_UeauvVURvziM-K5dCZox6GL6GucMoja57XsEJS-EnUw=s72-c	老朽化した建物のイラスト（一戸建て）
pic	tòa chung cư	https://blogger.googleusercontent.com/img/b/R29vZ2xl/AVvXsEjwX9qY75nSYTAZjdWrtTJnuNfu6nkPs9h1FBq8uMWRYFWQXYzefxsP4PeH31KtrTBhXK3rI3Hea-Pgp-x1U27MPlGJ5QRitbaId8j8Cqa4zZHDIZO-IE0JKIQqAmlQTIzTGwawr3LorMc/s200/building_mansion2.png	マンションのイラスト（建物）
pic	cửa hàng bách hóa	https://blogger.googleusercontent.com/img/b/R29vZ2xl/AVvXsEhzaTx41HBmO0ziX-qETTU_GbBfHRUjqoLwSN2MqEbcMQG6R7xpY8Rm2ImyeXgLJwzE1WXlehLijmGHrW6-1wNW-x32whL6YLRZ6JCMfwrU4dKNvMTeY5LksZJQczIUJsyXHgr7SbmvKRs/s200/tatemono_department_store.png	デパート・百貨店のイラスト
pic	cái cốc	https://blogger.googleusercontent.com/img/b/R29vZ2xl/AVvXsEjN5rgTSSYQ9BcCfq8m57clhF0SBTTzqNKuTiZIq7HsfjMc1KZYGoEb1CpVbuAHPzt1caKEHmkMrLm0_QbjyRZrrlK5zC6oVNQkWSg1pfF9z_6CIErRQGRYQU69QmyxNg8RS8fzO39_sFcf/s200/dish_cup.png	コップのイラスト
pic	cái kệ	https://blogger.googleusercontent.com/img/b/R29vZ2xl/AVvXsEhc2s7b3UoM0fTZYBw92QqTiuEVBA9WrjWtnwseYmsIcQeI9TyNKAu7VJ5Hic9NA3w_zxYem-XUJCt5I8QXXcIa6GrE5DyG5qPGKaqaXvMuPUIZ834qJfUxrggmTsie9G1f0e00g4ssqes/s200/book_hondana_syodana.png	本棚・書棚のイラスト
pic	búp bê	https://blogger.googleusercontent.com/img/b/R29vZ2xl/AVvXsEhVXyqH-GVOB9Kd6Srvxo942Lboy3lD1_rJ5k3doqF7ipUp3oAuMzAVqzslrpEgKeqYbgUmqCKsCA90GxK5dCzrD_fN6To-X3bCzXOsTKPdZYOr90S9QkD1JzLGFB6InMzyJsgGyPI_r1qa/s200/toy_france_ningyou.png	フランス人形のイラスト
pic	cái hộp	https://blogger.googleusercontent.com/img/b/R29vZ2xl/AVvXsEjnyN1XE1PjnofIDIZuhAQqDsU4Ow0ExLApGH6NHcQiZraUkf9BIeitLMLYR_oqsI8My7pWZ2kgouFSMKPL5zn9JvD7L8urOHqklkj6trPGhwPo4_fslRnThYaJ3d3aVrqZVdE5MA1UILs/s200/box_danbo-ru_close.png	段ボール箱のイラスト（閉じた状態）
pic	quyển sách	https://blogger.googleusercontent.com/img/b/R29vZ2xl/AVvXsEi8wWuuMweyqtGLboogSSbhBr-04RR4TBfbQHcO0aRw2zeBk-REr6e2L3pLc06L5B_6uiFYpvcuKq7SltIrj3MqqW-8WNuo9lFDi-9qw8xFJ4Pa87kcrLc9qSxon2woWk1SvJIg4pqMPnHp/s200/book_open_yoko.png	開いた本のイラスト
pic	bức ảnh	https://blogger.googleusercontent.com/img/b/R29vZ2xl/AVvXsEjqchqla6GdFWTdJD1P58aX6nd_9LXpc0qPSn-YcosAVygTjqDNXRzTIGOsGTmUVeqEa2f5PbnxdVVo0qT6OLF5UPdRfayNXU8_4bZjETyikaK2wClErXiaQl7j42KfnfFEXcE28yIx_QE/s200/syashin_tate.png	写真立てのイラスト
pic	cả ngôi nhà	https://blogger.googleusercontent.com/img/b/R29vZ2xl/AVvXsEgLVLs7fUn4riqJ51yFPZkzhWY1Vj-jqMpgQ8AgB2qwLHtt_dsGDr5-4T4RQjQpEpBHBz0tc5NjIRrygEkdtE-sVbTwLppVtWt8Ohy5XrdhdRpiPFzbNf48_HX_I0z3W-MNtTS-PC11U70/s200/house_2f.png	家・建物のイラスト「２階建て一軒家」
pic	lối vào có đôi dép	https://blogger.googleusercontent.com/img/b/R29vZ2xl/AVvXsEhSpHkBKfm6jWQXx1qrcqw4wvgOPcQIkvLWydXrvo7GHv6FAmWJ18KPzx42Qb5VompG4oVkNYyZLPn0t6ldypO0EyBOixiMa1bpyIYy_L0Gk3tf2HFiGcUrMxG0PSzbz4JZ5P1kJsyzVtrO/s200/room_genkan.png	玄関のイラスト（室内風景）
pic	vườn có hoa	https://blogger.googleusercontent.com/img/b/R29vZ2xl/AVvXsEhyLO0P-MIM6TNpXG_RCxod7bMnhxYmRqz0SK_Eb9oBpZipWJl9jPX9ryfQd9FW1ZZJzyngcF7BsVK765cTogB7Db_Do-k7x7hNmrPByMTKy3APu3UpDpRO_IT82QZnEzbh2HrV7IOhpLQ/s200/gardening.png	ガーデニングのイラスト「花の庭」
pic	phòng (phòng có bàn ghế, phòng có giường)	https://blogger.googleusercontent.com/img/b/R29vZ2xl/AVvXsEgX8jzkEE4A8csgQ8jSdsWHDYap9J46HuvOciwRY8YpBo36mhUVL-VUFerHolF-CX9sCz21Yo9gJKgA957fdkkCb2KbkGWCOmlf6VouPs87hi6paJSj5pAgRm7AHL8rR_ZUFViqfgf-Z4n6/s200/room_living.png	リビングルームのイラスト（室内風景）
pic	bếp có nồi	https://blogger.googleusercontent.com/img/b/R29vZ2xl/AVvXsEi4jkhabx_mPMhbQM7c7EP54QLMlT6rZnefBI6JBQaD8xNp0D2b1BmNmdec4rvEQiQ_5_tqC_Jx1V8viBEKf-hsOecZa-j0Y0VoQO4_L6sRC_StSTBtpURmg1LlIGEeukQdgXklMjZ7Qnzc/s200/cooking_onabe.png	調理器具のイラスト「鍋」
pic	phòng tắm có vòi sen	https://blogger.googleusercontent.com/img/b/R29vZ2xl/AVvXsEj8onFA9s5wKu60P_VEBPVQUA9ImwZ0W2LXHsjXAz9FbDJk8uvN18zC7IZZeyrUo4Rg0J4q566D8QS7MFc-Rm8lBk8TCafRUsRj2vTQeW0SV7rCNcvn6ykdYuGZkMTo79vuP1fYi6J1ok4/s200/ryouri_metabo_furo_68.png	お風呂のイラスト「シャワー」
pic	đồng hồ báo thức	https://blogger.googleusercontent.com/img/b/R29vZ2xl/AVvXsEhA4UEfm6Cx6p3gXvmXJmIXpyg4Q17Srp236eXclzsV0t3nF555KVwPiFiLqriZLAps043OpkYf4PGcoZ5gcGecfmVjs8i7Um9Eb-SpzO-4tGjkDHKH-yRsH9I55stPe3dBHq-isHWASObF/s200/mezamashidokei.png	目覚まし時計のイラスト
pic	nhà bếp	https://blogger.googleusercontent.com/img/b/R29vZ2xl/AVvXsEjHFQ3UH1iqeLxfalePzW6RfBJke6s1HX8MDyBai_ovPsQiZzHnhxP10C32PK3e2IxZCCTJqLPGFNp_IYSInl7FOpR7ch6mU3oozpmgCt784Kz3HUP1FvDpH7RA_kFdKgIAQm6uJpu8MZEX/s200/room_kitchen.png	キッチンのイラスト（室内風景）
pic	căn phòng	https://blogger.googleusercontent.com/img/b/R29vZ2xl/AVvXsEgX8jzkEE4A8csgQ8jSdsWHDYap9J46HuvOciwRY8YpBo36mhUVL-VUFerHolF-CX9sCz21Yo9gJKgA957fdkkCb2KbkGWCOmlf6VouPs87hi6paJSj5pAgRm7AHL8rR_ZUFViqfgf-Z4n6/s200/room_living.png	リビングルームのイラスト（室内風景）
pic	phòng tắm	https://blogger.googleusercontent.com/img/b/R29vZ2xl/AVvXsEhzDnwC_qQN_qW6nhFemkkwN91DvwYWoDdcKD7P7wXUuSoeuLVj3JddaP_cEI5xRDCIlPDCIuYL-X6RLzAsNQCFn87wHvJ19Nu9D6mx1v0Assz6IwEX083jJZmjfRwFTf_mfTVX2bSTnw7H/s200/room_ofuro.png	浴室のイラスト（室内風景）
pic	con chó dưới giường	https://blogger.googleusercontent.com/img/b/R29vZ2xl/AVvXsEg7hnZusaJT-QuL0Yszhs-oBpdaJXQtLGr-ir-72YSUdYt3LkYu5Z2WstBcGSFNObAmhBYDCrxeYwxxVV8F2T_UBdWZ5RK-3N3n7Qb6H5Fno8fM6racjl6dqauJbWj-K2bxXElNGilNrO4i/s200/sleep_animal_dog.png	寝る犬のイラスト
pic	sơ đồ nhà: phòng tắm cạnh nhà vệ sinh	https://blogger.googleusercontent.com/img/b/R29vZ2xl/AVvXsEjPnHwnasVRDzZ-CHR-y7qua_nVikHFMDSkyMNIitE-kIRMRw8tWuSEJIj6KOLsQDPoFeoQOZjz5QYzN5ixiy1_HeHgJLCivjOOjzSXUcNtxfaNt0PM7pvzE_gze9uuYEf4yd55iTCMaYE/s200/room_unit_bath.png	ユニットバスのイラスト（室内風景）
pic	sách trong hộp	https://blogger.googleusercontent.com/img/b/R29vZ2xl/AVvXsEjt_H0O2xTXEOY28JSy5IdEXeZIgV1LQ43t87P1qx6srZKUO6d6rXd9QUgpc4vu60eYQ1M_wcqrABP85IbKQfqbRP6kgZJZUehGTqr-pVkcqvNvqnvMJlBzqFukTIIi3sOJ_Ih0PbjAa4JK/s200/cardboard_book.png	本が詰まったダンボール箱のイラスト
pic	người vươn vai thức dậy, đồng hồ báo thức reo	https://blogger.googleusercontent.com/img/b/R29vZ2xl/AVvXsEjpT94DZnNzG-GhSlbziMtxdfzQtR6QOh_K5VDPRQDBgHP-_riw2OY38G-N7B22sPFofJ29RQfuAIPT7ZVfxhWLaKIgYDPCbIe3ytMnIUviF6fswo9NTK-DpaLjYEejPeBU6bHNEZDMbpMR/s200/nebou_man.png	寝坊をした人のイラスト
pic	người ngồi làm việc với máy tính	https://blogger.googleusercontent.com/img/b/R29vZ2xl/AVvXsEgMO3eMR0zI1TYGYSjP4HBCwYwEZxwv4yr1NJa2yr0lLmMg-3vS0g3gJ1gZ6VSGFU7ox-vZlbaHwEb7eEFz-sPnXdjduBchmcT33DveWfmU7rPD00ddiNDki5_dtT1h1IxsCLHTWsaeLtG5/s200/kaisya_computer_woman_side.png	横から見たパソコンで仕事をする人のイラスト（女性）
pic	người ngồi viết bài ở bàn học	https://blogger.googleusercontent.com/img/b/R29vZ2xl/AVvXsEiC86CdQVKmGlzho6IILvs4xBAq6FMti59QtNqh8eb5qYQkudS2BY8quOiZooRKdr5WR2Mp0xyiXg5S_B-UKwwjyBVfdXouElkG6S2uRhIB4IZm5T36xF3ydxkfbENH0nWyUD_7Exzp1Vg_/s200/study_school_jugyou_girl.png	机で勉強をする生徒のイラスト（女子）
pic	người nằm ngủ, trời đêm có trăng	https://blogger.googleusercontent.com/img/b/R29vZ2xl/AVvXsEjC9dcsXUBu-Bdiakqa75nY7t-OYbOhz2vNvzEfWkbE-kNyHycN5ohHcJ6l0Q9A18SXYDj5xTAsz5gheuUa_VrF9DQ94SceqDUtg7UbHnJinxb6Lf0AYu4DX6fpen82xEgsyXtOmJMq3iFd/s200/thumbnail_neru_sleep.jpg	いろいろな寝ている人のイラスト
pic	người đang tập thể dục	https://blogger.googleusercontent.com/img/b/R29vZ2xl/AVvXsEgKdKpPqnf-i1cUNU5FoEdjm66F9aQxI24VY9s-WClGzWZs5E8ZPm7oKawij9kGOKq26g7FaCDbIvkAKFjgBAHH8qk7VTCOBS3M7fWziK5a2kn6DomyvJL9o4XyiCDCrbLfIFtJlJex3-wz/s200/undou_kata_strech_front_man.png	前側の肩のストレッチのイラスト（男性）
pic	người dắt chó đi dạo	https://blogger.googleusercontent.com/img/b/R29vZ2xl/AVvXsEhSgx9OYA-yLN2ZoP3qQW5QxiFYpVN12zpA92GzA7S_iYXGXKgqYubjPh2spe6ofIahP_1ZmAcRfhRjR3wp62mW5QKpDXjqdjsGftuNX8mURVOInkCY6B4sAs8OhSOha3YlPFd0IvtUOBcV/s200/pet_dog_sanpo_man.png	犬の散歩をしているヒトのイラスト（男性）
pic	trường học, học sinh đi vào	https://blogger.googleusercontent.com/img/b/R29vZ2xl/AVvXsEiWc8uAJXu58E8msMVjAPHfJIfnoVw7doym2ER66PqEoXF2AlKtYi9Un9idyrUFLNy1nEMD1wu68pNFeV-bPr_kM2x4T4oUXiZFMOlr-aFBYTuPsonvpnb1wjT-GaO2PFbVAkb-o3VZYDn9/s200/tsugaku_boy.png	通学している小学生の男の子のイラスト
pic	tòa nhà công ty, nhân viên đi vào	https://blogger.googleusercontent.com/img/b/R29vZ2xl/AVvXsEiM0N275y9CcQgK-Tm9b3Vvlusxx1EQ17fOwTRHvSRiLvbC81MQ0DO9hc1WV4cWC9clIqqFNtUG5pE9lEDy2LumrvHH_kGCVEODzfjr6kMTbAwJlzmbLXE4tmsLjj7mkpr61_FgRzqyY2Z9/s200/walking_businessman2.png	歩く男性会社員のイラスト
pic	đọc báo, uống cà phê	https://blogger.googleusercontent.com/img/b/R29vZ2xl/AVvXsEhmYQ7fN56SPfmcMzylCjmW0QbvDDZEDC8qLsEcjDLdEWngtAss7UJQR7YGRQKWS-MRoqNIiXe9SL6A6d0m-u1YxP5mGL9iX-4CAUCoH-2U66BVFA19nKnJt11wMDnVDeJgFcLgO5zgK3-M/s200/drink_coffee_tea_man.png	コーヒーを飲む人のイラスト（男性）
pic	tắm bồn	https://blogger.googleusercontent.com/img/b/R29vZ2xl/AVvXsEg2BUIJ_InB9CbCHItMA_SoHLyos6XGtWf8x4tF11R5ci-feiRI2K8JwE6vTdOMRdb5-nJkeU7sBNA5Myi-KQSUoWtsuZi7BHhk3IH8iN07o6Iz5x_PuuvUAUIC7p0TNvV9p6VvMHEtHGD3/s200/touji_ofuro_yuzuyu.png	ゆず湯のイラスト
pic	đạp xe tập thể dục	https://blogger.googleusercontent.com/img/b/R29vZ2xl/AVvXsEjwiX0RquFTbYuyXXzEcu-fQjmS0yN0blamud9JQ4X6eEnGPAxgv36fG6M5Ba7Dq6D9Js3ibNSG81JhqDNZdT6x0SiGmYrcNL_peJ8jIan151zhGLvWBbTM2xp-4-QIYZW12Bvnof8-oymT/s200/gym_aerobike2.png	エアロバイクをこぐ人のイラスト
pic	nằm xem ti vi	https://blogger.googleusercontent.com/img/b/R29vZ2xl/AVvXsEio6rL8sInOnfZ2jQ0tmvj_MDq9XDGRvP8adqXeuAvyADpzK41R1QWZ7lbmnn13BVG4C0WFK8Bm8nYKQHcyUS_j-kVC-3aIpZLwN-KThA7fDsnrhmHotCRu7-cXZ-WYaYsayg8DyI1a3yHL/s200/family_tv2.png	一家団らんのイラスト「家族でテレビ鑑賞」
pic	người đang ăn cơm	https://blogger.googleusercontent.com/img/b/R29vZ2xl/AVvXsEi-29r6fNBpUuEkM51F-bJh0HX8fx7wqZTuno2QlgC-DM9koZEaw-7BlO4m7Qcgy7gLGjaxFEIqLo-Rkf39h_KhgcOOaShb6GFXs6Wwi-ekZ9f_5juAuAW3w5pxM1J2CvNtRgokyfRStwNl/s200/thumbnail_syokuji_blank_man.jpg	食事をする人のイラスト（男性）
pic	người cầm vợt tennis	https://blogger.googleusercontent.com/img/b/R29vZ2xl/AVvXsEggC-Q8TkhwhZd2-1UULu8tSwKdTTv7gDsATHhxpySkoYdas-dSv8YVYjfYwLPAQgu2IqZUS9CNj6bDnkoDuk6ymPV1Vxoz_p6mygLWec4kArOlVBMrel71USWs-rNDyse9I1ZQajBsPuSf/s200/sports_tennis.png	テニスの選手のイラスト
pic	người xách túi mua sắm	https://blogger.googleusercontent.com/img/b/R29vZ2xl/AVvXsEicuEBckFTui4aghbQ6i46gmNL3E9MNT3Bvt64ZvpTqu6T5tA7aK2POzdAWxLGnUVSsbKQPjmu1nb5QivYd9TJw4JDUj-nwnor03kkR96t42RVRqcU02nMEdJORKpb3tIeg6p-TSHT_r4TG/s200/shopping_bag_man.png	ショッピングバッグを持つ人のイラスト（男性）
pic	tòa nhà có dấu chữ thập đỏ	https://blogger.googleusercontent.com/img/b/R29vZ2xl/AVvXsEjKerwRx1wwitwRIJr_V9Mna0hcflNUq0ZMP2rcRjwmn2K6KO8gH2uF7gg4pSfXofFpCCcZZIKqV_SGJpXjgfCBydwNUOIfHQ_nJPhqPRsAwAhwiZQWFG-cJ1C2KRvpuvguSl_AugMIUOE/s200/tatemono_hospital2.png	病院・医院の建物イラスト（医療）
pic	tòa nhà có bức tranh	https://blogger.googleusercontent.com/img/b/R29vZ2xl/AVvXsEjtnutkDzZUryxaLjdpSVCbMT7NgYa9f9Vryegfp33-JsQyciciBIymckHJGV7RZf0r5JiTjmjHYhxMfi__mRa1vUbwNNMH0np3KybIT7R4mY2QcECquva35bySXudGeZAprrFOikN5UgY/s200/building_art_gallery.png	美術館・ギャラリーのイラスト
pic	mọi người nâng ly liên hoan	https://blogger.googleusercontent.com/img/b/R29vZ2xl/AVvXsEjIjjv8F7SNeckyug8oycIGbwZ3IldDW3Cwvp4WSRvNlU-7_MwUoIUfea9M0mRUGijqEyymU1H0snv4FBvvMRj8Kqrbqxo_7JWPa8LbXnh7A8UAO2Hti7y5u66p3tdf2Fdx_EDhOtJo4vw/s200/hanami_boys.png	乾杯のイラスト
pic	ca sĩ biểu diễn trên sân khấu	https://blogger.googleusercontent.com/img/b/R29vZ2xl/AVvXsEgiso_yodRw5I8xO45hw1fUa1hUO2MBeJLjoE1FucI9ulglKSAiAVaSSb3M1u4e1uGZhSE0scTe9IgcmNtWTd6h3nNkz-4xAHujL4qXwBcyew9F9Uh9TwgIsygOO4XuemH2ZGPZGU4tWYxh/s200/music_hikigatari_rojou_live_man.png	路上ライブのイラスト（男性）
pic	tuần trước tuần này (ngày 1–7)	https://blogger.googleusercontent.com/img/b/R29vZ2xl/AVvXsEj_mwflHkoLsUpIP_7-ZI3_D5cBSLLzmCBR_oEpdqLs0K9I5DMxPt1g5o1JFJ_cY3cZLqnFtqHDLiPRUvV0F6yOe5Q9xJ63mDrNck51H4LTsHE19uTm2iNif7t6lFUFylO5wsj6zBZ_J3Rb/s200/thumbnail_week_text.jpg	曜日のイラスト文字「月火水木金土日」
pic	tuần sau tuần này (ngày 15–21)	https://blogger.googleusercontent.com/img/b/R29vZ2xl/AVvXsEgeCvHe4DqYS4xrc9oaSLYmgeYQ_EcCMcKKCq-JQ94N8VpYXJq_qaN9SgWjXNCJWuWlXZocJ3YMgnhHByVv3RSzGWkU3YYKkofQo76O1ink3F_PlBtQVFgvU-x5Bo5pdUuJLNSD-TKzWfTp/s200/calender_schedule_empty.png	何も書かれていないカレンダーのイラスト
pic	cột Tuesday (giữa げつようび và すいようび)	https://blogger.googleusercontent.com/img/b/R29vZ2xl/AVvXsEj_mwflHkoLsUpIP_7-ZI3_D5cBSLLzmCBR_oEpdqLs0K9I5DMxPt1g5o1JFJ_cY3cZLqnFtqHDLiPRUvV0F6yOe5Q9xJ63mDrNck51H4LTsHE19uTm2iNif7t6lFUFylO5wsj6zBZ_J3Rb/s200/thumbnail_week_text.jpg	曜日のイラスト文字「月火水木金土日」
pic	cột Thursday (giữa すいようび và きんようび)	https://blogger.googleusercontent.com/img/b/R29vZ2xl/AVvXsEj_mwflHkoLsUpIP_7-ZI3_D5cBSLLzmCBR_oEpdqLs0K9I5DMxPt1g5o1JFJ_cY3cZLqnFtqHDLiPRUvV0F6yOe5Q9xJ63mDrNck51H4LTsHE19uTm2iNif7t6lFUFylO5wsj6zBZ_J3Rb/s200/thumbnail_week_text.jpg	曜日のイラスト文字「月火水木金土日」
pic	ngày 10 (trước hôm nay)	https://blogger.googleusercontent.com/img/b/R29vZ2xl/AVvXsEgeCvHe4DqYS4xrc9oaSLYmgeYQ_EcCMcKKCq-JQ94N8VpYXJq_qaN9SgWjXNCJWuWlXZocJ3YMgnhHByVv3RSzGWkU3YYKkofQo76O1ink3F_PlBtQVFgvU-x5Bo5pdUuJLNSD-TKzWfTp/s200/calender_schedule_empty.png	何も書かれていないカレンダーのイラスト
pic	ngày 12 (sau hôm nay)	https://blogger.googleusercontent.com/img/b/R29vZ2xl/AVvXsEilPfVARRDrXQlOMl0qtWjheljjECBbR_u5bTk9RQ4aH3zzDLlYKi0NK9bfX7ZC-qskJOn3X0DLoOOFKkvKzJRm3k2dbIRC8mT2oTKgaN4tUVtwpeDDb_uPlbVGsubhCHIl-i7PFu4fbv4/s200/thumbnail_calender_himekuri_tsuki.jpg	日めくりカレンダーのイラスト
pic	đống lửa	https://blogger.googleusercontent.com/img/b/R29vZ2xl/AVvXsEgMzCNrzae_6c-QMOcdKi9kcBhZ7YMG2BySCeG_wiCkeyRgpj484PV7NQLtfBDedHNRk8uZUuchDJfV0rYgMe4638lcUkqsvNH49iRXexpT0vV9Og4HsEF4mvN9sE-Hf8ANqzLW1qE-50E/s200/honoo_hi_fire.png	火・炎のイラスト
pic	mỏ/hầm chứa vàng	https://blogger.googleusercontent.com/img/b/R29vZ2xl/AVvXsEgf-wEqHv_82ZGN7LolX7FHZYSpiB69M0cIboPDiHAbNglnxm7V3EGarWxdeQnbh2-QggmnaCUkDXZx2reKSh9x9qBRpU4zIKCUWj0GemGI6wsxP3u5AArrqbJYcbt_WXwwVToiPA70D7V-/s200/kinzan.png	金山のイラスト
pic	cái cây	https://blogger.googleusercontent.com/img/b/R29vZ2xl/AVvXsEgrdToPFGMwjUgHJiEkPaNZxoDdbApZvxsakYv6sRcCe4EMIJRAqcgzNRn48hpgV4ibta0P54yxBMnNDSHMJS7XULKFXPgl0WcALUR5ybVBkTDZMiCBr3gRu_4eoo7gVafJ1yARhQGqWLOx/s200/thumbnail_tree.jpg	いろいろな木のイラスト「木の実・小鳥・キャラクター・枯れ木」
pic	dòng nước chảy	https://blogger.googleusercontent.com/img/b/R29vZ2xl/AVvXsEj7WNgMFCg4BwSIGae0dRsU8xGhEO5ZxtI44mK3QaDxngRZmFtVvNm6vTLIkMrxuJI-SsbCC6scDHMkIUFwyS7QkbVAA0xS1blgg9gMAcXTdq4UhpEFAjUg2VjTh0y3vlk4tYWJMr0_8Nwp/s200/thumbnail_amount_water.jpg	いろいろな量の水のイラスト
pic	mầm cây mọc lên từ đất	https://blogger.googleusercontent.com/img/b/R29vZ2xl/AVvXsEioYktzQttLsuQy2E2bYuJFgc2UdL-2t08Yjr3ZTHx67TYPHsT8AE10cH2llNuWnVBsvB223WQYec9Fot-V6Ri5r_XW-FoO01De9Y60-4i5tIIA8dWWhEASt6EyAg0Jd1tQdWUhdwezanF1/s200/tane_hatsuga.png	発芽のイラスト
pic	mặt trăng	https://blogger.googleusercontent.com/img/b/R29vZ2xl/AVvXsEit0ZOjWv0ob8-fBRNY0EbRGBaYAFFxsdXUHfWzxf5E6pB7KMqV6U0vhkpCNG4EWwpjLbFqLj2sgizByd86XCBxbsfBS-TPzN_N602B-ivYk9ZlAvHfp199XttwjmH7Je5w6COcWXqfRgHu/s200/thumbnail_moon_michikake.jpg	いろいろな月の満ち欠けのイラスト
pic	mặt trời	https://blogger.googleusercontent.com/img/b/R29vZ2xl/AVvXsEgk0I1BenSgs-KfJ8YthzcSUJUh0_y2MLHM6IJZ7b1txMj1XHZ5Y5D5u_mCR_JT7WmZsGdN3o0BrkbmpwB6Lt09aRohWQE1uLUQHAKLXX70g4Kk6VxdmSybHyI9RM4ZzR5kKuFtlCXuOng/s200/space01_sun.png	太陽のイラスト
pic	cô gái đọc truyện tranh	https://blogger.googleusercontent.com/img/b/R29vZ2xl/AVvXsEjKrzd-ZB64Mb0ZCPeYOeWzZ3KO8fP6CvGZspz0FKu2DjeuQfHv6iw_w45TlER6VPl_9tWDSJMfXJNI9PvaiwKr51zNM8cbFC9kqOe7jylmAqHyL33vdtDroZfSBYi8etITMEzW2Vfjd0o/s200/reading_girl.png	読書のイラスト「女の子と本」
pic	người nghe nhạc bằng tai nghe	https://blogger.googleusercontent.com/img/b/R29vZ2xl/AVvXsEihzLDzIVIe6Zm6m6a0EpLOmH09w0BY5CFNZmdNkPwPKiPMbQNgtk8ib2UUQaaWrBzYroC2_h5j_mWfAGRY93d2BTeziYTRBIDzo_YnL-7cBpGTwzKaf682bvfhCAZvj3fltJgtlsxDCRFw/s200/music_norinori_man.png	ノリノリで音楽を聴く人のイラスト（男性）
pic	người nằm chơi với mèo	https://blogger.googleusercontent.com/img/b/R29vZ2xl/AVvXsEhzjbm-_YYao_UlLdlyRSw5Y_MP4Xyio1ZJaGu7KzICmyCYdlmNZisRzWObqR5TU8RcEUXgO5bwgQh_o790aAdkgHSbaBmxYCBZQVklNxgWLYCxtVXe9eXBvRgmbsATbQGQmCfbh41H7qY/s200/pet_nekojarashi.png	猫じゃらしで猫と遊ぶ人のイラスト
pic	người đá bóng	https://blogger.googleusercontent.com/img/b/R29vZ2xl/AVvXsEizJCaYR_QJRUxCki5zB-tbr16mp1zhwdOy89q10D5l-QWuHXO9MkdFrXCO3t9WEaLBeiGN07r3AEWOKLhZSrrgM3O7pO6VeU-weJTNadVi0ywKfJzP6fy7hn5yWh9HFpcDLY0cpLH43URg/s200/soccer_boy_brazil_asia.png	サッカー少年のイラスト「ブラジルのユニフォームを着た男の子」
pic	người cầm máy ảnh	https://blogger.googleusercontent.com/img/b/R29vZ2xl/AVvXsEjx6CydOwTB2Sz2OoEVDj2knhTKcVdYCXjuK-Ze6BFv8HlCuw_c-G5viOJRCHbjhPfSVMPzuyDYbixpWUlcrL2doHLHBTGXVOc1AzacNBN3oEMaCNeRt6SOlYRvXf_lfhL7UyLUat10szaL/s200/camera_joshi.png	一眼レフカメラを持っている人のイラスト（女性）
pic	người vẽ tranh	https://blogger.googleusercontent.com/img/b/R29vZ2xl/AVvXsEgef617n4X5kWQpIbCmTeLWOWRfMdMJx_lZAzpTjctbNjG76-DmCJHRPQeQiG0hTtdkCJhLLajJ0xZZO2VmIbv79W-5rY9TO_q3lg9YY53X__IFZFFmQi5U108NegrzHjCRmM7D5sZ-LIc/s200/syasei_man.png	写生のイラスト「絵を描く男性」
pic	tấm vé (ghế S B30)	https://blogger.googleusercontent.com/img/b/R29vZ2xl/AVvXsEh8ACEEZi0xzNmGYT6vDYq2toatMb7zeish5-1HQE5Zp55EAHp8nlOd4uWER3czdCjRuvnHd2-0BmSHq8xT-0UVy02tO7PLEWEl0TOQuRkbPcY_j58dhtthgg7DS0dyTpb0_iyRcNqlm0QZ/s200/ticket_get_man.png	チケットを手に入れた人のイラスト（男性）
pic	tờ lịch tháng	https://blogger.googleusercontent.com/img/b/R29vZ2xl/AVvXsEjoNePiVNCkVdgRR_iIXly3VTncfjidjis2WS5YN17_5DLc0xOJcKYkTkPpfyDQ9N0-5FYyAL-ynxHoSoFWNAAXC4FgUwP31deGDrDIVMaHGEiKlMb03dySpFAal92JJhqP5twLsaZtkDm2/s200/calender_takujou.png	卓上カレンダーのイラスト
pic	kiệu lễ hội, người mặc áo 祭	https://blogger.googleusercontent.com/img/b/R29vZ2xl/AVvXsEhiCUv1mCbFDo0ubd7XjhwdhLVKOyLyrLNXjVactx0TQdxPQBBI5ZD06VqJ8iMsWqMBZv9vcP89q71uqWcQ_pDErbmiGYxCHZ8jG9Cvl_-5nY1dhn_1GvNLYYxgN54u1CKW2xFWWwRUyfEF/s200/omikoshi_people.png	お神輿を担ぐ人達のイラスト
pic	cầu thủ tranh bóng	https://blogger.googleusercontent.com/img/b/R29vZ2xl/AVvXsEjXyPk6TkWOd0Xwjb7HyGusK2VMhU62KRRnxazrnAT1eRUlqduk4TM08KvxmQ6Z7NVW8tpc8BzZEGOvoHEBkt9vEmPK0hgMyj0FCDMQVxofzUglq1s1LLUKWR6K0hs5wiwyHVImRczFVyA/s200/soccer_dribble2.png	ドリブルをするサッカー選手のイラスト
pic	tàu điện	https://blogger.googleusercontent.com/img/b/R29vZ2xl/AVvXsEh9qdbUos1ajOk_MKj_SQ_vbE0Bt6xD0lsN40NSAoJjyAtP71w5nJ-LnghcjaZGltsRK9GGfR1JKopC1Rvvc39F3NKxkz8zgxlth-i9p5OsY-OArpPa2YId6Jnzils1v93HlVdYo-H2z9e4/s200/train1_red.png	いろいろな色の電車のイラスト
pic	tàu điện ngầm (trong ga ngầm)	https://blogger.googleusercontent.com/img/b/R29vZ2xl/AVvXsEgmIPnC2r7zAk4Ri-GbrPK0N1MUxqQUJfnTgqUgh2FzYtBvYK99lyGcCB9PQpgcVvLsZqudOhCVM1Rbo7q07HEufowzqMb3rr9PF_H6RHVg_iGZRVT5Vah7JJC5_RW7V2Zb_OPztQdInTPC/s200/train_chikatetsu.png	地下鉄のイラスト
pic	xe taxi màu đen	https://blogger.googleusercontent.com/img/b/R29vZ2xl/AVvXsEiyvxv572QQ58Thrhg-DwrUyZwcIEkBQLzMTvoAJdiXA_E9pRk2RXH6qgCypgfbJC2dW9gHuVxV-gMLpbkFfL469TTOH75VNTN1IfEkBeS4_pIPei_IcAdZ8JmQ53pDhmzAzRx26wNcqNtq/s200/car_taxi_black.png	黒いタクシーのイラスト
pic	xe buýt	https://blogger.googleusercontent.com/img/b/R29vZ2xl/AVvXsEheI5WUIhm_OuWWeEG9woyGIH-4f-CLSDPxQJBulRfQre2YN5RCBcjmQ_XXQytN15XwP6daTDCfz-1_Hqk_wvEHPAxJPdv8R7Bcgt4x9di3WXDbmjAp5j8brvRTPIenLBh2LugnNnbr1jE/s200/thumbnail_car_bus.jpg	いろいろなバスのイラスト
pic	máy bay	https://blogger.googleusercontent.com/img/b/R29vZ2xl/AVvXsEj_JeSNdwKy0qWJr7pOXVjEVLeY6uuo3c7YlgftKyHumydSyK8Wcd0cLBwabNvRK9KzBFmabWE0eERsB57VWYjuB8Htd9hVbMlRTUOLRZk_QmH5kd9FI-zolNWK4kx9pXEoPYmK2KVBC94/s200/thumbnail_081.jpg	いろいろな色の飛行機のイラスト
pic	tàu điện ngầm	https://blogger.googleusercontent.com/img/b/R29vZ2xl/AVvXsEgmIPnC2r7zAk4Ri-GbrPK0N1MUxqQUJfnTgqUgh2FzYtBvYK99lyGcCB9PQpgcVvLsZqudOhCVM1Rbo7q07HEufowzqMb3rr9PF_H6RHVg_iGZRVT5Vah7JJC5_RW7V2Zb_OPztQdInTPC/s200/train_chikatetsu.png	地下鉄のイラスト
pic	khách mở cửa lên taxi	https://blogger.googleusercontent.com/img/b/R29vZ2xl/AVvXsEi_4Me1b_KEpFfLmcoYNxmrm3i9HDiQGLVRUhc8iV3bDkoeXmEK69nMesQoihoGf34-HJZOeJuGYXD83OyFKfI_oa_x9-qgHbJdDF5ZOJQoALfj04aHtGn6_Hg1RCdiOFfgmKXdXZQT1OU/s200/taxi_jousya_woman.png	タクシーに乗る人のイラスト（女性）
pic	tài xế hỏi, khách đưa tờ giấy	https://blogger.googleusercontent.com/img/b/R29vZ2xl/AVvXsEjiHI59-eQIPditx8jvP8zMMyFJoaoPEAHVpKYcmfQTDZS2Nr-wL3ac4JnBkJ1rtj02rexEzolZnWsD8Ap1ybLS4OYdYPB3WNsjjWPHIQiiNmOwiF2diE8eG_pkhYRM5QCG9y43CxQ3028/s200/taxi_driver_untensyu3.png	タクシーと運転手のイラスト
pic	khách hỏi tài xế trong xe	https://blogger.googleusercontent.com/img/b/R29vZ2xl/AVvXsEjiHI59-eQIPditx8jvP8zMMyFJoaoPEAHVpKYcmfQTDZS2Nr-wL3ac4JnBkJ1rtj02rexEzolZnWsD8Ap1ybLS4OYdYPB3WNsjjWPHIQiiNmOwiF2diE8eG_pkhYRM5QCG9y43CxQ3028/s200/taxi_driver_untensyu3.png	タクシーと運転手のイラスト
pic	khách trả tiền	https://blogger.googleusercontent.com/img/b/R29vZ2xl/AVvXsEiUbXrkrsUZYAsZ2zyI0MQRMhbcD3p0DsYHQM0CWv-UOQKBrflxWo-rLGw-zpM_BuDmCUpAisk9lbIQNa_JJhyNzS9s8aKD7jMCXrLSiUtSphJ4blFH20wOkTc84cMuNVI1JL8gjHMfgwqu/s200/car_taxi_ticket.png	タクシーチケットのイラスト
pic	tòa nhà cao tầng	https://blogger.googleusercontent.com/img/b/R29vZ2xl/AVvXsEhdeM-DbHmiPEnEgbSKrvunOAjOAVPXg0IIaLBjuMKFw6eznLXpUPDDeez-b5LqrpRfcEqG8Q-py5Um3jwdVO3XFmJ_WqJQpKM6D1wHT7A9UGocQ3xpCUn85OXLG4o8NkjLfOO5u0ujvV10/s200/kousou_building.png	高層ビルのイラスト
pic	cổng torii	https://blogger.googleusercontent.com/img/b/R29vZ2xl/AVvXsEjoh7vzWHceAExSMC2fh5ku8R1OdB0RgPJkvZjlWWqn1TFZDn7Tlj63d-CbYWEOueJLy0u1CM5ydnWtvlJ0GA9qJqyzxtjF1DX1KjtxGRrtqfrvYMFBgEWdzqIAaL6g6wEbBzVHKvc-9i0/s200/torii.png	鳥居のイラスト
pic	chùa có nhà sư	https://blogger.googleusercontent.com/img/b/R29vZ2xl/AVvXsEhOVYNMtFvKcLjWtBvrdEwb6Zj4fgB7i30xVCKKRZGTECW3eG7-g_gvfEuOBVSRKgdqsNLOs8Kfi7QBP-skQbHvsE5ItFXi-nlb_pDgYcQ_3YddW_1ekFW863iTXE0bGk2MqJUeAbKXmcwf/s200/job_obousan.png	お坊さんのイラスト
pic	dãy cửa hàng nhỏ	https://blogger.googleusercontent.com/img/b/R29vZ2xl/AVvXsEgzhWexllBJzcTFmMGW27f6rj3-5_yKayjv3egMbrREeCnptQelJMJwTmgBCgs9hRm8c4LQaz80-yufZDxsyfA6DVf9oHfB80OfK52ZzaBurfgrYjxaGa-x3VUIf1YWeLhFk6j-vkST3K1E/s200/shopping_syoutengai.png	商店街のイラスト
pic	con đường	https://blogger.googleusercontent.com/img/b/R29vZ2xl/AVvXsEjlJtQd34YF7AeDlk-_6jcrJ0Zcyu0zm8IxFYVkD2V2e1CbO4PY7qnahPHGpi02uwqrSqzj6XZFDhyYMzLnkFJUXpu_Fltu8UjaLSrsth6I-5MnNjw3nEXx3gzpbCb7OSF-7STVCAPRyXw/s200/magari_michi.png	曲がりくねった道のイラスト
pic	tòa nhà lớn có hộp quà	https://blogger.googleusercontent.com/img/b/R29vZ2xl/AVvXsEhzaTx41HBmO0ziX-qETTU_GbBfHRUjqoLwSN2MqEbcMQG6R7xpY8Rm2ImyeXgLJwzE1WXlehLijmGHrW6-1wNW-x32whL6YLRZ6JCMfwrU4dKNvMTeY5LksZJQczIUJsyXHgr7SbmvKRs/s200/tatemono_department_store.png	デパート・百貨店のイラスト
pic	tòa nhà có ký hiệu ¥	https://blogger.googleusercontent.com/img/b/R29vZ2xl/AVvXsEgAOAlWmcJBZiT4PHKkNUE_E6sAcEShBaMhyZ0ksOhftNY0KSohfh6cTgajHx5iL6RdhjNL9RUFhbAJJpUC2cXYySCjLJc9qOqQ_tiG1MAQJ7OHocMWnt4ETES1mYcMlNHmLnCG5jYINqk/s200/tatemono_bank_money.png	銀行のイラスト（お金）
pic	quán có tách cà phê	https://blogger.googleusercontent.com/img/b/R29vZ2xl/AVvXsEjnZUIf3iVPoiCjaKpwj39u_wTn6Hb1WFhKcu-UNn12kBRn5Z56KBNhR1PPnbRNxqJxu88l_MZCgiMXspCQrO_51UhE6XQUU07oAmylJxoTJmQeZps78M2OYzLSIs9bs5pHjgfvGAcZsHK_/s200/tatemono_cafe.png	カフェ・喫茶店のイラスト（建物）
pic	nhà ga cạnh đường ray	https://blogger.googleusercontent.com/img/b/R29vZ2xl/AVvXsEgoEZn52S_c_CHOs_q0rwiLTSpYLKcM_hPfaiGDlb920TPX1c6B6R7E2Zzj29pFkzjprI9-rOR12vQlGn4VdOQlv2wStEvcISclYIh4Zwt7-c8UeoTi4hgu4Nusab2mHjcDVse4fsaUWdTk/s200/thumbnail_bg_eki_home_train.jpg	電車が来た駅のイラスト（背景素材）
pic	tòa nhà có hình chiếc giường	https://blogger.googleusercontent.com/img/b/R29vZ2xl/AVvXsEgQzqUnPxM-o8Ea0ORxS8LE1i8LmQngrNnOJL8cHQObsXWD8F-DTfsTs_R_kZESE7vIMeak0vy8w1yJBGgLAEvYVAbVxG3A9m6vWti2PNylDJZCYFduEX13Z-53oSvjCfr3x5-1qLktosbu/s200/building_hotel.png	ホテルのイラスト
pic	áo phông	https://blogger.googleusercontent.com/img/b/R29vZ2xl/AVvXsEj1tpYBPPmaqek1lY1kcwamc1_tQ30_AFWfjdPxnRtmR4BVXn6ZEgh3Um_EHxuufzYkEZ9Qk6M2ELwMyb4rNZ4jzjBBxruOH3v65yERRicmsmVXor24SAKh2K6BIMNy0AwkzGhdvzLv_oM/s200/fashion_tshirt1_white.png	白いTシャツのイラスト
pic	cái ô	https://blogger.googleusercontent.com/img/b/R29vZ2xl/AVvXsEh0_iA1UbaEJEIrZQt26MvVrvS3Sjf3FxgyqzXsErolMmf7_Qlvr52JZ7V0baT0da-Ew50KOKwN4QkX6Ib2ACNdukVdg73EtrChtpI0sIsKeM4RWLtT2j6JBJq1ZDc_GuA7OqnFpAYJdjsK/s200/thumbnail_rain_kasa.jpg	いろいろな傘のイラスト
pic	đồng hồ đeo tay	https://blogger.googleusercontent.com/img/b/R29vZ2xl/AVvXsEhcTOnMhBC22bwTwMgIEkJW9dC5VFG3CIBy1yTSvkARaOMA41Q5zuMfZFQ_5SHwzPEuat-hIpJI7k1Q9ZGdDU9UOvuLvt18Ce2rCcWHxV1ZfanMlO2zKCR_4tOqxG2TIenhbNNKP2Uv5cI/s200/fashion_watch.png	腕時計のイラスト
pic	bưu thiếp có tranh	https://blogger.googleusercontent.com/img/b/R29vZ2xl/AVvXsEjfjGI4W-vsPoO5JV7kfyT0izCzXTX0PLYeAj0_H0swZ4cXQ1r-upuzzCWsvaPnMmQnNszXCHmejlfK8h-x4ON1hj-uK2nZVdHIo-WG5WieA_ugAp4PyV4aPmmQNegqcPbJ1dsK5Kfk2EQ/s200/hagaki_2mai.png	葉書き・ポストカードのイラストのイラスト
pic	từ điển điện tử	https://blogger.googleusercontent.com/img/b/R29vZ2xl/AVvXsEhwqF3GJ86nCOdARxaYe3VS7DkxEn01jngK4udAp5TbocDqpNEv5iYFpQJ6NLGDSZa0ENummgm4NALUeqaJXqGytdeGPfFsVBy-JXOQEFm5j3Fdc_yOK-gEjO8_BYaFCWHwUT7QCWDx1YPd/s200/denshi_jisyo.png	電子辞書のイラスト
pic	máy quay phim	https://blogger.googleusercontent.com/img/b/R29vZ2xl/AVvXsEgApR3fqdpA-cE53iEg79Es4o2-2N4FTpCYJr3rGqFINGEx_bYqX_hGJd7AK6FjauT0pjoW8zPDP8Fj1Xt12zGjRyrkxiHI6qLkU1jSCjkqHkyhughdI1U5FbpZY5lnbJ_WC-yfMWRbMe0/s200/video_camera.png	ビデオカメラのイラスト
pic	tách trà	https://blogger.googleusercontent.com/img/b/R29vZ2xl/AVvXsEgBDhQJx667QxpwIu4QPK2Y-fPfaE-JTVFwk_UKixeaD1H-rpY656pGdDbzZ8B4HFryTRzKgSr8BObhijexlbEHf674Agxbl53jHFgtG7tV0DKvdGdAsIcO_ss_DR-ljeppzYr9Lmj0wXw/s200/cafe_tea.png	紅茶・ティーカップのイラスト
pic	chuột máy tính	https://blogger.googleusercontent.com/img/b/R29vZ2xl/AVvXsEgNvCm8sYwvYee6-oKVZvaZ5CVEMgk-NPQ7W3nP6gQDtcU5SGHRmfwd7YbkuB5Rdt7C-FwwvmL5d3qZEKHmnO_jG1TAJGReNNdhCphRn0PQX8h1_qOh4bOSzrxWxrMq0MtR_T-7F2ZzTh4/s200/computer_mouse.png	マウスのイラスト（コンピューター）
pic	hoa	https://blogger.googleusercontent.com/img/b/R29vZ2xl/AVvXsEgCUrncs7rXFEWyMybuFQE8HEnGgEwX0VtKjLEHykW8hD13ufOmsA-sPs-2RgBl6mT-THVKAWXFv_Fr2icgbkBi3CSGDnwwwVuCd4zFdnNAlX83bkFehwZfca5narsf0njGdtcyooZNt7I5/s200/thumbnail_small_flower.jpg	小さな花のイラスト
pic	dây chuyền, nhẫn	https://blogger.googleusercontent.com/img/b/R29vZ2xl/AVvXsEj3xoqHQz7PpynLa0qct5hVYUJ5abkdhie4JMzdfPtCplfEFuKjF2Sunz2mgZa2zPdul95SDF9eCJDWPr8XRePMaNNl13MIYNSdb22uLDtZEwzZHWt2EDkKG-Kz5zJICyXEm_xfCGo1hgE/s200/necklace.png	真珠のネックレスのイラスト
pic	mũ	https://blogger.googleusercontent.com/img/b/R29vZ2xl/AVvXsEg0w6IJ7AqpW0LnSHRkFdGWi2JfLFQXUQG8LbD6AU6WP6yFrmn_VR_2nlLYe-jBruzTJoB0t52pFAFxwwo4Vp9xXsShooYDdioFnR8Vx_B7xSruk5CHRnhG9js2lpOU2sU9DZK9fMtC-W-9/s200/mugiwarabouhi.png	麦わら帽子のイラスト
pic	ví	https://blogger.googleusercontent.com/img/b/R29vZ2xl/AVvXsEgFgymKxOR-XD0xQjIt7ovO_ErggyTs-XES_ygXo69IuZfQdMwJBxlqK1_WzWXmlhXE9g1FBKwSn8-F0zM-Ffa-lhkOZz4pzbiK2Cuyqp5MsX3Xl91aWJvVZF4SZX0j-lQ_geRIDPPo51M/s200/money_saifu_naga.png	長財布のイラスト
pic	giày	https://blogger.googleusercontent.com/img/b/R29vZ2xl/AVvXsEhnFMX6-X_VE7nZAVSEQ3j-a4jUM49AdmhhQlRZEcnUh_LHNJosuOmrL1Vz2NJ7aMdH9rj4cfJq0LBHF8FZmedUpgj3w1jva99BpY00qYg-4R-Mm02hQLEcE8otV9ouZFgtpupksqWgDjRe/s200/shoes_sneaker.png	スニーカーのイラスト（靴）
pic	tất	https://blogger.googleusercontent.com/img/b/R29vZ2xl/AVvXsEgrX2v8MgAf-BVydorisoh-lgVNIcp-K5yCl9F5mcd7nta8__xI0TnQ0ITFNw6ObytOF_qG-vj7Q7mD6m230FI75L7blT0TRL3OWhpO4gOzuHpGNZGCkoAr7uf2FQw8FN50SDPT4kIbFPbc/s200/cloth_kutsushita.png	靴下のイラスト
pic	túi xách	https://blogger.googleusercontent.com/img/b/R29vZ2xl/AVvXsEjYAy3p6oNydqf_7d7fzgwuFGRG2ICXlW0gktqvjEALbl0I0UqFGNUPjPevLZRXTOqzVEQC2E_pWF3HqGAHP225fccnwIJEhGItYqj14h1Pvu8BsG-chGjJgt5fcWflLO2tEbf1lRvXn2g/s200/fashion_clutch_bag.png	クラッチバッグのイラスト
pic	quần dài	https://blogger.googleusercontent.com/img/b/R29vZ2xl/AVvXsEgsYOuIh1xVIbq3XwaLa1Uj5SQYVPWtvS7c7AXs_ih3NZY-a3H1fpM76wKtkceOrQlOak_sLkX_Q87CEc6hkdj97_b65K_A2j8DLgAsLbbZIQ34t90sTlpaOPvYOS06Ng8ZjL2QkQ3Gx577/s200/cloth_pants.png	カラーパンツ・ズボン・ボトムスのイラスト
pic	quần bò	https://blogger.googleusercontent.com/img/b/R29vZ2xl/AVvXsEidCItYQcLXf0VaPwXFuQn7N8Ki9JCRn7dFJiTIAugwfXax6168Q76FaE0lTbc59I3FOc_PiSuUkLpBgb5YNrPvPhv0RI93lUwX0p5TpQMk19bQqCQk9wzxNNbtFMLE5-HMmoAshbAPlK32/s200/fashion_jeans.png	ジーパン・ジーンズ・デニムのイラスト
pic	bộ com-lê	https://blogger.googleusercontent.com/img/b/R29vZ2xl/AVvXsEiazw-kYa2cxpE7oOS_Kkz5ya-t_G8Q0EC8mLEHK0HEbULF-lZjJefH6qzAZOOA4tZ71Pm15yiShPyMwiLchggJjLKkPXiBQO2mme4-arDp8xcEocfKii67_N1ffpMLbgfSG2T7OiHyYky2/s200/thumbnail_business_man_hyoujou.jpg	いろいろな表情のスーツを着た人のイラスト（男性）
pic	cà vạt	https://blogger.googleusercontent.com/img/b/R29vZ2xl/AVvXsEg9erCswcLE6Ee5n1J7Gq0F_XtexD8XwZSBlyKSlfcknGPz3gKCziFkfGzkFupBkeQVs1o9TB8YXGLP8qxZzv_7Jdz3Kwg5vbJkoTrF7RmcX5U2v8LCUzmOij4RzGep4C2JuZbjuqzLPieC/s200/necktie_man.png	ネクタイを締める人のイラスト
pic	khăn quàng cổ	https://blogger.googleusercontent.com/img/b/R29vZ2xl/AVvXsEgbl_ywj548JnR6kneYHc3aLIhU-hhDSzPO7z2SzI4cOB2Xrn-fhYbT3jtr4VvR9UKQi3nfwpdCjRdOzP5XWyFYMcl7PAhqFRQ_cQOnWJwlev9oaXiCUjkWTzoRHQNdGWDoG-z8cMDu-e6a/s200/fashion_muffler.png	マフラーのイラスト
pic	áo khoác dài	https://blogger.googleusercontent.com/img/b/R29vZ2xl/AVvXsEjbDFKiLeKy4gFp11nxbIl60P5upaFy16Ox6mEsewXbQMp4UuhN4BzW273qyFGtUIPcs8boTIJKfwM6fJTujdO_G89XL4yMTZ-lwUWpdBCnZJ2ZiEq3hFmD0imld-mh853EylsUYjgbXEur/s200/fashion_trench_coat.png	トレンチコートのイラスト
pic	giày cao gót	https://blogger.googleusercontent.com/img/b/R29vZ2xl/AVvXsEiUWyG6vAs2IeAYjmjmn9Wp14e2gS0HTyfPW1UYtbWqEPr45Mnxev5c5Cbtx5pEHcJhyphenhyphenJpBAQy4BGtnbi6e_jJUp84g2GF8PD7u3WY35sJ1QWohgxyU92FgAVjeERrtHuLbILJ4r_IFGCs/s200/fashion_high_heel.png	ハイヒールのイラスト（靴）
pic	người làm việc bên máy tính	https://blogger.googleusercontent.com/img/b/R29vZ2xl/AVvXsEiZ5-hyycPON9r6Un8XwQhUSC-h6veueGxQx6z3auYrxoKPMPNW7dcMPPve1Djj6ib46cWmKS9ZxmvPld8ev9DqXuCnR3hqAf7ceZ-ipfUKaAEtzA0HaoiNYZwI233WV24lWSCmurexGFHb/s200/kaisya_computer_man_side.png	横から見たパソコンで仕事をする人のイラスト（男性）
pic	cầu thủ đánh bóng chày	https://blogger.googleusercontent.com/img/b/R29vZ2xl/AVvXsEjo8bofsOrxpvYSiX-2xWM_lTvWvYNIo9m6yS8qwxghI0l-1pGreb04fdRW54k826cqyfcdWhKrAC1XJODSdUg12dNWTfyQDrcxe2HLH5VvHYbVJ09_K701w5I9GlQvCXdh1OqvwP-5hXlD/s200/thumbnail_sports_baseball_man.jpg	いろいろな野球選手のイラスト（男性）
pic	cuốn tạp chí (magazine)	https://blogger.googleusercontent.com/img/b/R29vZ2xl/AVvXsEiT5vvkmMopSIwIlOigOlSsJ-M7kWNnENAesExyoZjCKRO1waGeBFv75qYb6knz4qOZoTZpH0zztiWU-DLTNI2dNDR1KyuLcC6UYuluxhjArRRqZKLzz8kDRmK_4udDKac5YadhCFHva2go/s200/omake_zasshi_otona.png	付録つきの雑誌のイラスト（大人）
pic	tờ báo	https://blogger.googleusercontent.com/img/b/R29vZ2xl/AVvXsEjy6DwLzb4L13oIdSAvCDF0rYsbEmtA94Tcuq4hb-T7SITTq1izk7SuVitCvisFCZ7VFadGGTbwbY14nB4s4n6zGxTX5KF4MBjw-Bm1H4RNKe5yYam7jrkYKgPcTDGRWzmGXyuHp8UGtYnI/s200/shinbun_ojiisan.png	新聞を読む人のイラスト（おじいさん）
pic	cuốn truyện tranh	https://blogger.googleusercontent.com/img/b/R29vZ2xl/AVvXsEgIi_cZ93NAISV2ZaA0OI8PahTTibBjMfCkC2RyJjDudgqx49jXpoRV4HYjZki7Hf5z3bndZN73LR-IyNUzAY81IVUNdtqOlLhgup-7jC9cInyDjaEK9hlC4utkWHOJhDbhiAL1Y0Bm6tY/s200/manga.png	漫画本のイラスト
pic	đàn piano và đĩa CD, nốt nhạc	https://blogger.googleusercontent.com/img/b/R29vZ2xl/AVvXsEjC2wVYmyFyf4T7N397O8-WUS-wY8pKegByew1hC9k5NxaXMDrQuTvkRFaeUZ091ckRvMDx7odFICtjo-bR25JDyn1lpXVLrb5dMozWLN4QNgQb8iksAersK_XXfwOmEZ9YWumSGMaaHskB/s200/music_piano.png	グランドピアノのイラスト
pic	bữa tiệc vui vẻ	https://blogger.googleusercontent.com/img/b/R29vZ2xl/AVvXsEgC0thQYOr96ZrVDcB_cyNjJmNOaoejeMBJN5SAc-L50SXgAQv400I7iXvs1O0LOW7cgvoDU2yr_9YaV2pwqx3LWMIkYfOUKXOIbSKQEqJI4SN8Ui1nY4aP_t7dh52tLbxFpx2QfP_xRgdb/s200/party.png	パーティーをしている人達のイラスト
pic	người phụ nữ được tặng hoa	https://blogger.googleusercontent.com/img/b/R29vZ2xl/AVvXsEgZnfBrmnk97hBFlpAWYR_43hyphenhyphentEO2ka2HOzeDzQC4W_bmX-svpVzDpwXsb9_cvXCEGKdt7LoHdhHHH5c_lscBfCroDe99IdZcPfhe561QKVJa-eR6KWcPXCxgBW15kO_phcsPmMtsUxaW-/s200/girl_hanataba.png	誕生日のイラスト「女性と花束」
pic	khán giả xem biểu diễn trên sân khấu	https://blogger.googleusercontent.com/img/b/R29vZ2xl/AVvXsEgSzTbo4Ts7pwXVWbZtsH0uwecpIk2pKOqeQoHOS7rtaIxp2U1qYRtDU92nk_Ny2POGFR-0kZ-BRbT6ijF88m1o0NfQ0PjLRGfPT8iN08cRYrFnlDnandqKfib0GkJDxE5Te7z5nd7Zv74O/s200/audience.png	歓声をあげる観客のシルエットのイラスト
pic	người phụ nữ đang ăn món ăn	https://blogger.googleusercontent.com/img/b/R29vZ2xl/AVvXsEh1AZXN-Lo7Z-SY61ad_VeSNZBtFmnGrlfb69A1EmvjXbaVX9ixfL3AHZ1NnHt7RqqtaB9nvWYfSTtibZkuHcxBk3ealjVrMtu4W5IU-AAyxb8De4glUCBNqvUtY2Tk8hDP9WOFoSuALT4/s200/syokuji_woman2.png	食事をしている女性のイラスト
pic	Jose chơi với con ở công viên	https://blogger.googleusercontent.com/img/b/R29vZ2xl/AVvXsEg7OSeLfbMjDZUh54Iox-iU4xqW-FbAAWVV816S_yXuq7D9iM64j3V-fWMkuonwT56EzW9ZmZZmC0dN-3POCZB-UBll5vUkmfBHD2U3-a8H8FmhFuf2YFusdD3XMXobckP4c59VhMTuZ2vL/s200/kouen_oyako.png	公園で遊ぶ親子のイラスト
pic	Kim dọn dẹp nhà	https://blogger.googleusercontent.com/img/b/R29vZ2xl/AVvXsEh1IrWVzr-FiC2dH0KtqEDngghM_vUEyNcdgHOSxJJYm5-rmJXx9nBsI03wTWFQrVvArBhFlvpjrbIpmSQn-d-qPHOOO2c8bFB8Ykjeoe8NpN3-M6SOBbtF2-ttR-tHenbAxeUQhUnLFTw/s200/soujiki_woman.png	掃除機をかける女性のイラスト
pic	cô gái xách vali, cầm sách hướng dẫn	https://blogger.googleusercontent.com/img/b/R29vZ2xl/AVvXsEhh1c-7Yh59kggFHG4fIyVeVY5pbKX0NqRTq7m8xLSFUFMPtQ4yJ3ocZ0I1vRXve0bkGdl6XMwvBvyt2eobCv5PlQanoOE0XKlzMXio5wloefp8RmcbSWEtiONK744XiAQCwCeK8w3-ZPTv/s200/travel_nidukuri.png	旅行の荷物をまとめている人のイラスト
pic	nhà ga sân bay và máy bay	https://blogger.googleusercontent.com/img/b/R29vZ2xl/AVvXsEjcpldGqjPcqVx3ZmRXyKzQMAfnQMjxbyNJ5SGyQ9xZMN5goyrP79zXeMGmY_4ZDjfSmcP7ZY_UgFCnsK4vgLHjHMClznKfv1Ifr5NbpxJ5gNfV4khoZ_xPVCKGr9T52gh02Y7bpEk2HxtH/s200/kuukou.png	空港・飛行場のイラスト
pic	ngôi chùa	https://blogger.googleusercontent.com/img/b/R29vZ2xl/AVvXsEiNiH39_fhZhuVwWRJdgjIiOGOYibDQTQJwGrXFZZ1geQNQEZhBy_y8G6mjMPxoAt4zezPZezlaayQyiYv32mtc-XD8xCTwe45ypQhNrczkgMc06WxHN4gnAS51SLL369ne-Myk3wLzqNY/s200/building_tera.png	お寺のイラスト
pic	bản đồ nước Nhật	https://blogger.googleusercontent.com/img/b/R29vZ2xl/AVvXsEhWTz5M5rllsl2EnRyr3TbEj1-0kWUl6LAsTOE3woKBGU4Xgh_istBa0x1VQq1ARmyTmPV7IZjx4Vx8iHURejWc2XZjJTE3ngUe8z03RHkugyeEGUA5wI6kzpMat-l2iokUCHNu5sieGGUH/s200/nihonchizu.png	日本地図のイラスト
pic	túi quà, quạt, đồ lưu niệm	https://blogger.googleusercontent.com/img/b/R29vZ2xl/AVvXsEgZdX1SwSt7FsysziWLzjbvB2fVFrlqnmILlCCdrx9cETjMKb6HPcjcH1VZxUt_ccdderh_XJ1-_rX2au8gjX463QhMwzYdS7DdniRk4ZOHsGSLda4KOk1uP4p5Smm9aKEmvsGSkEsX1ns/s200/omiyage.png	おみやげのイラスト
pic	gương mặt diễn viên kabuki	https://blogger.googleusercontent.com/img/b/R29vZ2xl/AVvXsEgFsNH0iQVEJw-b0MW66ULFddt4AAyJ09J3zVKaJmJpSN7WuZNNLIsDG6znUUevW5thbe1-H1kwK1f8yJk4JtVTELOuXzdSVEvOWMO9qYDSKIS83b6o0eYDpLchnPhu945A9yJ7Z0ie0ng/s200/6_14.png	歌舞伎の鋭い視線のイラスト
pic	tôm chiên tempura	https://blogger.googleusercontent.com/img/b/R29vZ2xl/AVvXsEiRus19A5UO2G3nR9-2lt8GlQfI7okij3STmIH3bq7G4PGKIGQtoQkOWmQ4BR95rD9SKXQghsKgUfSogQZ1QKXh_ljN-_kcqvsZS_F30iDi21xt0rHmglpYrmmBc_aRNv1nIP5B3jJOzv8/s200/tendon_ebi.png	えび天丼のイラスト
word	おはようございます。	Chào buổi sáng (lịch sự).	https://blogger.googleusercontent.com/img/b/R29vZ2xl/AVvXsEhATiEsS_2vqdunv3SJD8gNfHTJyrY4UmruGcTzOKJFTpIGPz1t22jv3gQ_dzz1MSQP4YbvsY1R2HAPyUhRnZe69ZmnverTv6mjBigjW_S-9MJNTsYRNhux7SLd08DPJuVpXk3kq8JH9wk/s200/aisatsu1_ohayou.png	「おはようございます」と言っている人のイラスト
word	こんにちは。	Xin chào (ban ngày).	https://blogger.googleusercontent.com/img/b/R29vZ2xl/AVvXsEi4XDpOoue7KD7ZtpZ_8CTF2sSIvYQQA82YWKTH8YpuSlwkGWvPNgY64FnXONkprdrR1AofNqC4qvsm3SugtVi25Rjp42eMPEgF4r4FFJC2GKg1ay6ENCrfpsmBisRm4Kwfy1unVRPBU-E/s200/aisatsu2_konnichiwa.png	「こんにちは」と言っている人のイラスト
word	こんばんは。	Chào buổi tối.	https://blogger.googleusercontent.com/img/b/R29vZ2xl/AVvXsEiGEsajI5ZArEW6OFXx5zM93vDowmXKfXlZHC7zSkrzgueadxr6jRhXZ7ohDMDLU1EYeX8lUMINPTr5xac-MOfwfsZRl-b8hkcnN9BjIzjkdc7kzCXOPpJ6S098tqJeNC9SxaLDPeQEH1E/s200/aisatsu3_konbanwa.png	「こんばんは」と言っている人のイラスト
word	さようなら。	Tạm biệt.	https://blogger.googleusercontent.com/img/b/R29vZ2xl/AVvXsEihMzsYnz0T8A6zEv_nb3m5d37DZ9C28vdPL1yUSbPkDyxggphJdfvmBfF0LuKLjCSgoxPfHBOxlcl_TJvTOiWPvwl3qVEjdFkgwZdcEr0kzTQ_x4OJruI8iGHtcPuxrOS_UnhUh4Klzwo/s200/aisatsu_sayounara.png	「さようなら」と言っている人のイラスト
word	じゃあ、また。	Hẹn gặp lại nhé.	https://blogger.googleusercontent.com/img/b/R29vZ2xl/AVvXsEiKgdg38xSyfXuCEYCrBdoBCMlq7mNNb6Q2Dre0riieojT9sgkT1VZf_yaEoL32z17gdfnmfe6CsSTr-dXy8jbhoILDpefi-C55wwPWvhbQUyH0eOQz2fbojAa35HnaRyRf6gqVS1kva98/s200/byebye_boy.png	手を振る男の子のイラスト「バイバイ」
word	おつかれさまでした。	Anh/chị vất vả rồi (chào người về trước).	https://blogger.googleusercontent.com/img/b/R29vZ2xl/AVvXsEiJuT1Q4ZPTdpvSL3dL0XDpmtnQpLQpjHl4MHoBRliI06dizK49BloiFBDJHifjMQ-3ouNiMtNRxQJFJl8igkFYjWmoE8lRHIU69WB2iUsstM3XYGDfM_YQXHnRhPLmhVtrhsfNBylcA3k/s200/message_otsukaresamadesu.png	「お疲れ様です」のイラスト文字
word	ありがとうございます。	Cảm ơn (lịch sự).	https://blogger.googleusercontent.com/img/b/R29vZ2xl/AVvXsEjOgF2CUDnU64UpkWSrOrBbts98i8_kr-E5XfTnz0znR4NgQ-UpOK4abjYU2BTdFv6dFY9xaI3TDxn3kv-NKBsyvcxi0qsskmOlFJRsp1GRS-sK9VY0fLDll8Zrw0SwVqFPUO90ns6ODcU/s200/aisatsu_arigatou.png	「ありがとう」と言っている人のイラスト
word	すみません。	Cảm ơn / xin lỗi vì đã làm phiền (khi được giúp).	https://blogger.googleusercontent.com/img/b/R29vZ2xl/AVvXsEhCJCpPYc41P1Zj5Iv0GI-ZcI1ia5aDSEH_kL8gTvo71sfLVWC-FvUBHpiMaHdykOeDkwa8-Xj6y9jEKHax6ujo4R531mESChazycZDg_R-UiIvDuiFiTkqiqnKL2isyCnvOLJ2_8gGjag/s200/business_ojigi_woman.png	お辞儀をしている女性会社員のイラスト
word	すみません。	Xin lỗi (vì đến muộn).	https://blogger.googleusercontent.com/img/b/R29vZ2xl/AVvXsEi8i4n_xJAiMR2mOPZcKbk0X0um0aWXltZVzMNvmXtxXG1ubcOS1Mexpz6DiITgqm_420Lg4Pv-v0SKllSY0_xZ6bc_9IWWJ9gcjviwNhcl4d27lp3LrDZhDUJd8Yizs71nVGhDJjGhQFU/s200/pose_syazai_woman.png	謝罪をする人のイラスト（女性）
word	すみません。	Xin lỗi, cho tôi hỏi (gọi người phục vụ).	https://blogger.googleusercontent.com/img/b/R29vZ2xl/AVvXsEjdnz9Tn4zpZRzGBPAjd_nLPqYtUNaDu2c0pd8IvUcQUyppdRfoXazg4RAESZFBE_fVNKgSqseAgvi3h0ucYaRazSzeLeFVLsOVp7jx1tKEZWPIDrYkyvggqVnIEJ1_k0U02q8ixyunQ_U/s200/menu_tenin_yobu.png	店員を呼ぶ人のイラスト
word	はい。	Vâng (có tôi).	https://blogger.googleusercontent.com/img/b/R29vZ2xl/AVvXsEg7pNYQppplBchmEY9ovZu4l0Cf5TBl3pLqmhJu3nB7tq8ZT7Et-wJE555zASHRcQ303RixnvR8xbRZY1VYSEhPWFwmW7uLrVCu59w__JTEFGHCEmts1Y-eaDelGh9yKQcScyyKEVvFp6k/s200/pose_kyosyu_girl.png	手を挙げる女の子のイラスト
word	一、二、三	Chữ Kanji (chữ Hán): một, hai, ba	https://blogger.googleusercontent.com/img/b/R29vZ2xl/AVvXsEjxe6T0SjqO5QR6tyne7TOKMZue4-B_0dKt3N8PBXtEvQHaT8We2yX9_ncsK3xJdMAtnMrRjoGB4OJKbvjSlxltaPssJh_4QCaaILg2VrR-6Tju6gneFqJDSSdIl48vo-PIDTBLcO9YbbA/s200/thumbnail_number_kanji.jpg	漢数字のイラスト文字
word	1、2、3	Chữ số: 1, 2, 3	https://blogger.googleusercontent.com/img/b/R29vZ2xl/AVvXsEidt-L1A4H0bl4cf2fy4T5YXKNNsvWDxJwr-3qlFdTwpboRKyQ1W62hH33B-aNM11zt9F-hp6kQghscf3EmJJAB3xm3F0oAI0xYdCs3vsPe8REit6Rme-R2Cz52T4Y5zFZp0Qjj6Km_aFPU/s200/thumbnail_number.jpg	数字・番号のイラスト文字
word	はい。	Có ạ.	https://blogger.googleusercontent.com/img/b/R29vZ2xl/AVvXsEg7pNYQppplBchmEY9ovZu4l0Cf5TBl3pLqmhJu3nB7tq8ZT7Et-wJE555zASHRcQ303RixnvR8xbRZY1VYSEhPWFwmW7uLrVCu59w__JTEFGHCEmts1Y-eaDelGh9yKQcScyyKEVvFp6k/s200/pose_kyosyu_girl.png	手を挙げる女の子のイラスト
word	はい、います。	Có, em có mặt.	https://blogger.googleusercontent.com/img/b/R29vZ2xl/AVvXsEg7pNYQppplBchmEY9ovZu4l0Cf5TBl3pLqmhJu3nB7tq8ZT7Et-wJE555zASHRcQ303RixnvR8xbRZY1VYSEhPWFwmW7uLrVCu59w__JTEFGHCEmts1Y-eaDelGh9yKQcScyyKEVvFp6k/s200/pose_kyosyu_girl.png	手を挙げる女の子のイラスト
word	いません。	Bạn ấy không có ở đây (vắng).	https://blogger.googleusercontent.com/img/b/R29vZ2xl/AVvXsEh7W7GqW-uFsyJSdew2I4zXTGb8h6IeHs9I5OPJyDycbxfzAeFY3mQ9YgDp6FrhSugZEN7x-rrMbFgc28oGxaTcRM2LYRbyrAnzahMYjl8FZ-gZ0JXdLBV3LOhEVUx-wn_VixfcEzo2FtYo/s200/fuzaihyou.png	不在票のイラスト
word	せんせい	thầy/cô giáo	https://blogger.googleusercontent.com/img/b/R29vZ2xl/AVvXsEhFB8Kv1l93WoCVERNQ0IIadIeqGBZQW5ZgSC8BXg5vyA4LP1eYWFJj_Jv0mqV_xmkzmEkQeZ1hv2sn16P-Oix-ikoNZ1ZE1LMwahXIQQQPS6hpWDc9OR44GX32YXj97LEguqmc85AKmlU/s200/job_senesi.png	先生・講師のイラスト
word	きょうしつ	lớp học, phòng học	https://blogger.googleusercontent.com/img/b/R29vZ2xl/AVvXsEjPOhWDPVD9wMvDy4K74KNokVyjpJp6pacaFVWIYcrR1ROZ5ZATKt4gpOY-dZEsqoDxLbSEzF5OVzFUmuFjxYETZi0Y6JjYw5Ht6FOHa49SqRRkLz2l2HjlV4teevsk60RS4UdJHl-WTjU/s200/bg_school_room_back.jpg	学校の教室の後ろのイラスト（背景素材）
word	きいて ください。	Hãy nghe.	https://blogger.googleusercontent.com/img/b/R29vZ2xl/AVvXsEgwuC-_1bn-IKHB6wz2QboWNXgxnHeD9FlZQZbiFuPWRjNpHN8TBHVC4EhPPUsXTuwYC5LDIyq23w6RqXWOjQ3Kc-SRGlL3tzQ_3EArHDy_Ok6TcxLg0FNG_QcVXJckE6nW48UySP8S1lGA/s200/english_listening.png	英語のリスニングのイラスト
word	かいて ください。	Hãy viết.	https://blogger.googleusercontent.com/img/b/R29vZ2xl/AVvXsEjHDKCx_u8hEqBPULdy9UAFS20a1QAWBIGfntJmsF7-Er0Juxf94t5fn6oe3t5Bh-7usylsL09CGFnqd0_r3Yzod2VOdTEIboB6ERB21xaaXNlmZ1n9-HxUSW75PjMhIbbfbu0JT9ArvVan/s200/thumbnail_writing_school.jpg	紙に何かを書く人のイラスト（学生）
word	よんで ください。	Hãy đọc.	https://blogger.googleusercontent.com/img/b/R29vZ2xl/AVvXsEjx8qB1YbSnpbh6fkmW-JJBe0qhgBr5vooZ74QL6-vyu9g9QbBN2ehn62VGEAHFX5lRFK1XfQQ60I0yX_KENSAyuyKuXzi3I4ct30KoBLT_YczfSbKOc22qz91ekv8VYv2hWJGkGlkZhcU/s200/reading_boy.png	読書のイラスト「男の子と本」
word	3ページを あけて ください。	Hãy mở trang 3.	https://blogger.googleusercontent.com/img/b/R29vZ2xl/AVvXsEia9opKbYbbsCFmdrHVqvAOFTmfvoITHKM0RBOUOxfSHrqrVPR2uJVqeK9ZWsMtystNd1rIYLfD2P6F7kX6ihUf2LVmzBzi4066D4jG8l_eywFfwD0AXNl_kmezQgLqkH6Y84P6vQ5Vr4c/s200/book_tobidasu_ehon.png	飛び出す絵本のイラスト
word	いって ください。	Hãy nói.	https://blogger.googleusercontent.com/img/b/R29vZ2xl/AVvXsEjF6pP28s81u8Y2d_Rdgh2HMKbLc8r3YhAjZzO-3IoV-92N-M4ODPU-XqWErcEDZuEArC0Kt-lt6PvXb9bq4ZD6quzPiEgI2ff13RMIYiSAfhjpt-JNCup2jIjdA-Q9XVu-HpGRE6Bb-Pbt/s200/thumbnail_talk.jpg	いろいろな話し合う人たちのイラスト
word	みて ください。	Hãy nhìn.	https://blogger.googleusercontent.com/img/b/R29vZ2xl/AVvXsEg1d09xrR6s96icAVH5Upg7SwhUlsUXuKlZ4aASVQzYBwV7_V8d7nm5SZ9v79sjrxRXQDhEo5fISAXt_9dZMgfAHw3wRFy5roEaUGTgsK7j-MkLaGoQ6l1shhjDaCV91IQnGi5P5Cz1K732/s200/thumbnail_window_miru_man.jpg	窓の外を見る人のイラスト（男性）
word	ペアで はなして ください。	Hãy nói chuyện theo cặp.	https://blogger.googleusercontent.com/img/b/R29vZ2xl/AVvXsEiKJGqX07nYYbnphun2v3E4c1JpGP-DY9dL8cvUwxUOv4kbkZZPrVgeC1HEDv4DZdnwH0R9doDU7e2lsMX3cjR2LY3dQO16X-sjpR5fO_crVqxDoHvl6WmmC8KEISdtV4VblKDdiihXMbzT/s200/zatsudan_woman.png	談笑する女性たちのイラスト
word	じゅぎょうを はじめます。	Chúng ta bắt đầu giờ học.	https://blogger.googleusercontent.com/img/b/R29vZ2xl/AVvXsEiQE0OV8t60pmA-5j5ZRS7itqpbZVt9IJOAUZB1eFvR6qBnyJH-aFYN7_xOE05WdQJqaPDokUqTXysmzud-79VCM5AX-nY55ah-ZybO-cs-DFPSqkrek5h22vJx-7wJKKgoQVMKqYdVZdZE/s200/thumbnail_isu_boy.jpg	起立・礼・着席のイラスト（男の子）
word	えいごで "classroom" ですよ。	Tiếng Anh là "classroom" đấy.	https://blogger.googleusercontent.com/img/b/R29vZ2xl/AVvXsEgjtP904VNOGg8egqlXzVF5yC_JSBkCwFsbai80WZTkAWQo4OClI1K7zanTr1MkoOGcqw9wFSzQ_DgiDeUNLhRPWa7nRRTw6_9sdaVKO0Pvb76_dehLZjEQKChYK1NSA5o-scjkrWhKAZc/s200/thumbnail_penki_alphabet.jpg	英語のアルファベット大文字と小文字のペンキ文字
word	わかりました。	Em hiểu rồi ạ.	https://blogger.googleusercontent.com/img/b/R29vZ2xl/AVvXsEiBxdQfPTlCnkN7jbARhgvm9ZLCzvcB3CA4Flv2FNjXDpLiox0QYVWll3viDHc13MqoTTlCesBNpcgiQxnoYTiOLAVyDzLVUFuuOUVrJpVtWoLnms6OVtb9NS7cZ4lVDNoTgTWdB_M_pGp1/s200/ok_man.png	OKサインを出す人のイラスト（男性）
word	わかりません。	Em không hiểu ạ.	https://blogger.googleusercontent.com/img/b/R29vZ2xl/AVvXsEjkXmeFN1eoGRsY952ujpvvlWZFHPBrtVUPB0xaEYu-duy9b9q2oy77c7TWy5jdMvG-sWB0xc85ZY_1dvML2Kwz1zC0hG9hEZZxXZlX2pGMABqi_aC4nrBpkSzyZysPrfpn_inOUHxnYLVF/s200/question_head_boy.png	頭にクエスチョンマークを浮かべた人のイラスト（男性）
word	もういちど おねがいします。	Thầy/cô nói lại một lần nữa được không ạ.	https://blogger.googleusercontent.com/img/b/R29vZ2xl/AVvXsEgpbqHkFFx6BKwfgOz6_WCYsMBTQPQU6DFloOXyTbzGBWWxH5mYkNbSglMVOdZnKsyn9PvAxhHqbAiwrQvRKcMtw24zCnsWYlvTvZpUxolLvxIcmf1D7ieQ6E9NdXiwiUDONK2ZCgPaSWL6/s200/thumbnail_message_yoroshiku.jpg	いろいろなお辞儀をする人と「よろしくお願いします」のイラスト
word	もうすこし ゆっくり いって ください。	Xin nói chậm hơn một chút ạ.	https://blogger.googleusercontent.com/img/b/R29vZ2xl/AVvXsEiFkYPTQEbamMFo7JcfBEUd55NaCt_xeQqghyc2ba_4qUKY4WYj9inTKJLCPsmsv8OkGzC-OFytlsj4erOsDArLp2J_vdIxYnaZzyKy9H02nTy2RTRBeMQ5SRUD34khpRY8J55L4P4aTuw/s200/yajirushi_slow.png	遅い矢印のイラスト
word	すみません。おくれます。	Xin lỗi, em sẽ đến muộn.	https://blogger.googleusercontent.com/img/b/R29vZ2xl/AVvXsEi3lxjg6uKmEh0ss-dhvkbQSgLJnOoYp70fL_trSC3fKlsi8oHbDFcxz-bOg8YeGKVodLmJ1IQvb4oeYElpwi_8BHOBbONKZ89XV-RPAFiJMzRBD5uCVmiMW9idgDg_xY6WrBSm8M2AF_s/s200/chikoku_chugakusei_girl.png	遅刻しそうな人のイラスト「女子学生」
word	きょうし	giáo viên	https://blogger.googleusercontent.com/img/b/R29vZ2xl/AVvXsEjD3rmc8RGAlsJGLvalr5v3KrVu0yY9CwYcj8wXqyrPy8WCUb43g3hsBQGiXyNJc5DEDvHyBqU4LXY1atlctmYplHIbGOeyiwGuDS0Gc0i5QgnptYZZkclX62On2R3mNAmsn9do4-3VWdkK/s200/thumbnail_school_juku.jpg	教師と生徒のイラスト
word	がくせい	học sinh, sinh viên	https://blogger.googleusercontent.com/img/b/R29vZ2xl/AVvXsEhQHiUi5iyNKWSaqzCPmdHBzyZx02b4CgmcWNlfg1O63nSgoUF_0oE7A0mH215HNM3bgq8pnqDo5E3gbcXcnbgVDfRbugD1aeYm9IykVc4XgJ_o_q0sM4SaEhpFf7wrVxym3ibkZw7WfJo/s200/thumbnail_118.jpg	いろいろな合服を着た学生のイラスト（男子）
word	こうむいん	công chức, viên chức nhà nước	https://blogger.googleusercontent.com/img/b/R29vZ2xl/AVvXsEhwDiSRzc9NYQoPKbV_Qlrt8tVKnpHG_cflXBeCnp-GdSV3-3TNdD9zeCHfXnhDBdM6hO_71VIw-uCmnSbdVe7O42UvbH4uJ4l7ddb3QltkmjHgQCFzlPYNDmO_uc8xJgFB1GCZU0NRBWDx/s200/job_koumuin_men_women.png	公務員たちのイラスト
word	しゅふ	nội trợ	https://blogger.googleusercontent.com/img/b/R29vZ2xl/AVvXsEgGBQPj0ninR5AlSlX-lZtwHThFTLt5724clJFp4xY3yDD7ay6fDdHS4786ykZKhwaad0z-FcWtKVoM8CORK6KO3VE-s7lP3Y65Ho2l0zjp6OymQo4Wnp8bu3zrlgZwSwaxA4E_Unc01us/s200/busy_syufu_woman.png	家事をする女性・主婦のイラスト
word	かいしゃいん	nhân viên công ty	https://blogger.googleusercontent.com/img/b/R29vZ2xl/AVvXsEj1HdkGaJqVSbdX3voMEIOqc_hQHMNPUqhGHDuUo8PQRTVcZXXw57K7zT8uE_X20L4QtXMrE9rMlxkATuMcIToW5QRd0kUELD0vlAJdWONA1vpDZ0L-bhyphenhyphenPKqRxnhvPB_y06uYiscvxbmo/s200/thumbnail_business_man.jpg	いろいろな男性会社員のアイコン
word	エンジニア	kỹ sư	https://blogger.googleusercontent.com/img/b/R29vZ2xl/AVvXsEgJWP8a9vbGKmeUKbagxvtnL6XsYxKaKeQ01Vm8uiQPdkAdpUQtSGaICZO9MY5P-uzPFhJ_i6txSb8aSjOlxNEgMTJEi8bh0QkHNv8L-96G4uERtiwIEDn7F9dj8Vie7_vCLxqOIH6Qtt0B/s200/job_programmer.png	プログラマーのイラスト
word	ちち	bố (tôi)	https://blogger.googleusercontent.com/img/b/R29vZ2xl/AVvXsEh12I9T0bRiSbyRoGHzF_pD3cA8o3Tp66zFXD_ex4ViWfvNvLOqgJovGcNlqXx4wElmrbk0Jq1QjbxdXTJyD3zFXxsbAJFEv7oFP00gNBrMil8Nt-o2rPlZ_89r5cv0pmdLOyc2NdfMNg67/s200/thumbnail_talk_oyako_father.jpg	会話をする親子のイラスト（お父さん）
word	はは	mẹ (tôi)	https://blogger.googleusercontent.com/img/b/R29vZ2xl/AVvXsEiAnz_r33cy0jeTDksw3XLA00C_bqDHo8g2VD00YaAhnEc-AbBiEVYaf-WJ3xypXk8r2yIx-2Dd8HMD16qL_2x_DFop2VDe5FeZuLhKKcm5c_AkGrbXkWivI9lurICTzgBuZm5TWDhgpjdD/s200/thumbnail_talk_oyako_mother.jpg	会話をする親子のイラスト（お母さん）
word	おっと	chồng (tôi)	https://blogger.googleusercontent.com/img/b/R29vZ2xl/AVvXsEjmitOF9mYQ8hRV2Fx6UXqINi3pFtb2D23OBeLH2uN_azPybOPzkaEaQ2cRU9sgDAU64t_aeS9kLOk_XrZdCw7Uhucu3gVR-eeNzaYBwKsnhjEh6qMJuICJuvafi-BtU0C7n0IALPE3ka6f/s200/ninshin_couple.png	妊娠中の夫婦のイラスト「奥さんをいたわる旦那さん」
word	つま	vợ (tôi)	https://blogger.googleusercontent.com/img/b/R29vZ2xl/AVvXsEjFAdHbO_KfuwH1FLX-Y4zmcciPdpmb0PuweHzwtx5SYG_90rravKCnL8TOfBl-FsmjWbrzFZJe15d-F1_i0jYcGtM14zK8R98xIcbKwRimNmp9K6kg8ZDB-FTJi_s5WvRd8BtsTBJmF52_/s200/bansyaku.png	お酌をする奥さんのイラスト
word	こども	con (cái)	https://blogger.googleusercontent.com/img/b/R29vZ2xl/AVvXsEgrKRD15AMy9ngGTEObZENZpApSRuw3WJn-AaGzXNsoEKZXIrg8-UD5u40pyQUEBNH_PNNps29-5ig2erU4FXxHJMgo65v3hdA3Th2CRDZHb0hpYjm8GsYhXQ_VKanNYR5ebRW95CjrJ1_n/s200/thumbnail_banzai_kids.jpg	バンザイをしている子供たちのイラスト（バラバラ）
word	わたし	tôi	https://blogger.googleusercontent.com/img/b/R29vZ2xl/AVvXsEh8DENh3-B3WvOtm0oXLE2Q1QXfsrJPAV8Ya69B6HiiSUxQ0WzT3JU7YtQUxDfnmlmUoagNcJ0sVpYAbhXLQCoZ9ckGLujkH3lATSqhXiD__XjGmQ82GK_VfRsLOeTHTO3E8nHxDZMRPGw/s200/kyosyu_smartphone_woman.png	スマートフォンを持って挙手する人のイラスト（女性）
word	あに	anh trai (tôi)	https://blogger.googleusercontent.com/img/b/R29vZ2xl/AVvXsEiCMG2xCzQsuM_iZtKc3-z284rsHRyW_dMQYzVfUnsCvrMnnJC_0kj0YS1KsVgkNGBBliya1whv5QXJTyp7Mr3YqDA-KltCsl8XPhQajQxsBGrH1xyDUZYKfHMmMyGnDOGcoVr2D6XA1Osf/s200/brothers_chounan.png	妹と弟を可愛がるお兄さんのイラスト
word	あね	chị gái (tôi)	https://blogger.googleusercontent.com/img/b/R29vZ2xl/AVvXsEiYQxf5gU-yDJHxgjCS9IywQutKOSOS6mevosbgL2eTTb1rnXO7PBcBdDEjVqKJHLGJWHxkYmY0EVIqUlGAmMjHUqAG3BfpodKtUGO7J_xgcd3g5pJwRxW9Y0PgB_9eO0_hvKBO2rhiXP4/s200/family_shimai.png	姉と妹のイラスト
word	おとうと	em trai (tôi)	https://blogger.googleusercontent.com/img/b/R29vZ2xl/AVvXsEgou3IFe-vWfIdyMxp-TUq3u_N51FeYv2zI1_rV_mUAHJpPrqoyyHOpphgv5h6IEHjBwtJMzaNG9_Nhiwv-rm6oXfUs1YgMyMmq4QB72XE-1Y-gAxqWl8FBOjZJG6kZ1uLJeEytcp9Nk0k/s200/family_kyoudai.png	兄と弟のイラスト
word	いもうと	em gái (tôi)	https://blogger.googleusercontent.com/img/b/R29vZ2xl/AVvXsEiYQxf5gU-yDJHxgjCS9IywQutKOSOS6mevosbgL2eTTb1rnXO7PBcBdDEjVqKJHLGJWHxkYmY0EVIqUlGAmMjHUqAG3BfpodKtUGO7J_xgcd3g5pJwRxW9Y0PgB_9eO0_hvKBO2rhiXP4/s200/family_shimai.png	姉と妹のイラスト
word	あね / 32さい / おおさか / きょうし	chị gái / 32 tuổi / Osaka / giáo viên	https://blogger.googleusercontent.com/img/b/R29vZ2xl/AVvXsEhcDXuAfjU7L1Swiq2-k6cIhNxnkdfrLcUQnkzB-Hd-Jz-fkG6jjGjCEzvcKTqNSUtgUGoC2MlqGvWoMjIkv1qJt4ALMc7TCSjHdXJ4yeIa90XEiLv4OJqsqfVMvHq2Mo8hLVoBIEUkkvFw/s200/landmark_oosakajou.png	大阪城のイラスト
word	ともだち / 42さい / かいしゃいん	bạn / 42 tuổi / nhân viên công ty	https://blogger.googleusercontent.com/img/b/R29vZ2xl/AVvXsEiyoZDT3nZsPLnMuXQpL06NAsnjJ9a2TMybv6tZ1GOjc-KbiYUodXbcqiduY9pXOXIlLAXqFhOso_nQX1KL6lIsSYj-HS856HlmOjGK-2c2wJCDgx8nj1EcePawY50DNBiseFF2k_j4N3U/s200/friends_boys.png	友達のイラスト「男・肩組み」
word	いもうと / 26さい / ソウル / がくせい	em gái / 26 tuổi / Seoul / sinh viên	https://blogger.googleusercontent.com/img/b/R29vZ2xl/AVvXsEiUiz9Z1b0oA0r-VugpsVxyIVVhMbr7WN5svGr1On8mxRZz6NK-n1S4fm1bunlmW-VHhGk3s-yRH48DDwnx6Ih5y3D0JbweG-91DAF7EP02CG2RtMEww-SSQYMB9SAEqMrk7h7rCEmFxqc/s200/seifuku2_sailor.png	セーラー服を着た女子学生のイラスト（冬服・学生服）
word	あに	anh trai	https://blogger.googleusercontent.com/img/b/R29vZ2xl/AVvXsEiCMG2xCzQsuM_iZtKc3-z284rsHRyW_dMQYzVfUnsCvrMnnJC_0kj0YS1KsVgkNGBBliya1whv5QXJTyp7Mr3YqDA-KltCsl8XPhQajQxsBGrH1xyDUZYKfHMmMyGnDOGcoVr2D6XA1Osf/s200/brothers_chounan.png	妹と弟を可愛がるお兄さんのイラスト
word	ちち	bố	https://blogger.googleusercontent.com/img/b/R29vZ2xl/AVvXsEh12I9T0bRiSbyRoGHzF_pD3cA8o3Tp66zFXD_ex4ViWfvNvLOqgJovGcNlqXx4wElmrbk0Jq1QjbxdXTJyD3zFXxsbAJFEv7oFP00gNBrMil8Nt-o2rPlZ_89r5cv0pmdLOyc2NdfMNg67/s200/thumbnail_talk_oyako_father.jpg	会話をする親子のイラスト（お父さん）
word	いもうと	em gái	https://blogger.googleusercontent.com/img/b/R29vZ2xl/AVvXsEiYQxf5gU-yDJHxgjCS9IywQutKOSOS6mevosbgL2eTTb1rnXO7PBcBdDEjVqKJHLGJWHxkYmY0EVIqUlGAmMjHUqAG3BfpodKtUGO7J_xgcd3g5pJwRxW9Y0PgB_9eO0_hvKBO2rhiXP4/s200/family_shimai.png	姉と妹のイラスト
word	あにの こども	con của anh trai	https://blogger.googleusercontent.com/img/b/R29vZ2xl/AVvXsEgrKRD15AMy9ngGTEObZENZpApSRuw3WJn-AaGzXNsoEKZXIrg8-UD5u40pyQUEBNH_PNNps29-5ig2erU4FXxHJMgo65v3hdA3Th2CRDZHb0hpYjm8GsYhXQ_VKanNYR5ebRW95CjrJ1_n/s200/thumbnail_banzai_kids.jpg	バンザイをしている子供たちのイラスト（バラバラ）
word	65	65 (tuổi)	https://blogger.googleusercontent.com/img/b/R29vZ2xl/AVvXsEiqcECAnrdCf3tww4LJ48zbVLcnySVjejAzWZ_pZ5YY5958PzUcudqKmq_tDqdX8Whty0b3K2SjCBNcrIdiJ2GU6ZeoWjuYEFwwgT-dFZ6P0Jtzg3pmcDYhv0RuAdojf0hyphenhyphenoBYatfcrKet3/s200/car_mark_momiji.png	高齢者マークのイラスト（もみじ）
word	パリ	Paris	https://blogger.googleusercontent.com/img/b/R29vZ2xl/AVvXsEjfVpeW4PaYdwU0dZBIgiWqagqpn_PxUnXOguwjfSv0509GAN1Kc2yW-SDUlAKOTT9F2W09ZVYB4XMkTD7IER3zwbckvBnWZiEUsZKD2rtpHApjcmHPlDdbSoOjo7jF6JS9ERJKeZJmeE0/s200/Eiffel_tower.png	エッフェル塔のイラスト
word	にく	thịt	https://blogger.googleusercontent.com/img/b/R29vZ2xl/AVvXsEgKoHnWk7zL1IHpghQwKxZIU0F8JHN1IHO9ODa0oAYg6k2m45rAi284zs4ATSNz0m2d4NcuQy8QIkxR_6lg11NdB9rCexMZawSsi4EgzzpoGngtuj_CccE3bZHewPvOH5ivUrBX8wXD_DgQ/s200/niku_manga.png	マンガ肉のイラスト
word	さかな	cá	https://blogger.googleusercontent.com/img/b/R29vZ2xl/AVvXsEi6pEt9MmG_EVSTHJv-RUtWUSPUPLFRZPGXzNvgkFqbPtDa9HtDYx4zqQ-DXt4M6foUMCqyn47lpGUFAOrR1tcnQUVj3fEn72k4nWaN8dhJDQcBhDBDMU7jeeRTBdAbif4OnBfDMqNU51_k/s200/fish_tai.png	鯛のキャラクター（魚）
word	やさい	rau	https://blogger.googleusercontent.com/img/b/R29vZ2xl/AVvXsEiQ-IlSLjC-9knuwcGApmQD10dmq0A5pt1HC4hTngOejSY1t3y0U4MML-SiUrHYO9Bq1q6Vl43iwBniG0xjtTLAbjF9zBWEVbFCAk2oIwiOgRaUBYdAVZjyPwKGOFaryb8YoThx10-F1UM/s200/vegetable.png	野菜のイラスト「カゴに盛られた野菜」
word	くだもの	trái cây	https://blogger.googleusercontent.com/img/b/R29vZ2xl/AVvXsEhnvfBqhtJ7uv7cziD_3couF7d49AIhzTNGU5PeHz9-So8NwmOqfhkCYORA3eMZFmFJrV3B2p6EHjnm16pHpHLVj3aqZNHXIlAkzmxGTA-WW_jnT3oRhyTw_jW3a6LSSbVdd73tHm2qJ2fh/s200/thumbnail_fruit_kago.jpg	いろいろなカゴに入った果物のイラスト
word	たまご	trứng	https://blogger.googleusercontent.com/img/b/R29vZ2xl/AVvXsEim0NPieROG1obZ1zfkh8G0LOCvgwQgztx5UKWdUnzlHYlXQ298nr6GXah-q2Psxt9y5Y1irn4CJb9MQoPQ8EvHfor2ZoEfhu583s6HPcE3dqhtRssyOrCnOrEfA2ZSWjFxK5fgACDIbXY/s200/thumbnail_food_egg_kago.jpg	かごに入った卵のイラスト
word	みそしる	canh miso	https://blogger.googleusercontent.com/img/b/R29vZ2xl/AVvXsEgoudJ7EXQWeANeX0uzQ-n8MGOU5AOn8ZDZuY8F3S8Qbz0iGyyM1fFj3OstZqgt-O8mVvtP1qsa_qMI-FS58nwtLnLBUyBFIoRshdlaAvWYM1tDnEMPHlcg2VqU3YZPIkM26lICRw78v1lF/s200/food_misoshiru.png	味噌汁のイラスト「豆腐とわかめ」
word	ごはん	cơm	https://blogger.googleusercontent.com/img/b/R29vZ2xl/AVvXsEhI2iPJEN9aBU1aD7KhexgNK-Ki-AaZWtKhgwTlNtIz-GFqfjOdCfTjKegeeaxfchMubh1ygYIzdz4RuTpm0nuPtZbXU0ZGDptPup56oInCvMRLEnPU0p68hlTQ2465azgFVMJI0I7xZmmc/s200/food_gohan_hakumai.png	お茶碗に入ったご飯のイラスト
word	こうちゃ	hồng trà (trà đen)	https://blogger.googleusercontent.com/img/b/R29vZ2xl/AVvXsEgBDhQJx667QxpwIu4QPK2Y-fPfaE-JTVFwk_UKixeaD1H-rpY656pGdDbzZ8B4HFryTRzKgSr8BObhijexlbEHf674Agxbl53jHFgtG7tV0DKvdGdAsIcO_ss_DR-ljeppzYr9Lmj0wXw/s200/cafe_tea.png	紅茶・ティーカップのイラスト
word	ぎゅうにゅう	sữa bò	https://blogger.googleusercontent.com/img/b/R29vZ2xl/AVvXsEgPMq9YCS1rnErPHqfBgiBZ0hPC8_uSiLrZs2kbgiRg5JWIBzdDvGVSTNHoLiF0OqcssV2Ecj2OBpr9bNIlTOKA-BDJthyIuRDeeGObMJv_w1Ir_MM_83FO6KaXKvF0351JY2Y4cDGFLyGF/s200/drink_milk_glass.png	コップに入った牛乳のイラスト
word	おちゃ	trà (trà xanh Nhật)	https://blogger.googleusercontent.com/img/b/R29vZ2xl/AVvXsEgFKrH6xbdTQcRl5KUUNjOjpBPLjaJ72r7wS-CvSseeM8wWdpaewimwXsjRgpVCSW9Xjh3nq7cbeAxPeNQ-7_2dqgS-vCVXAuaQTFnvGpdqXIuvwfTb7rP32eD1vZ7s-NSGCyxg_9t_CclO/s200/thumbnail_sadou_kimono_woman.jpg	お茶を飲む女性のイラスト（茶道）
word	ジュース	nước trái cây	https://blogger.googleusercontent.com/img/b/R29vZ2xl/AVvXsEhTYxo5VfnVrwraP8EYWD5rG7QhbZMuS6KRsqL8pQcBYvm5M7bSyAiiqJ_PAf0N53wz1lmF2EiX2vUrU4owWGD9BCldrOnhJK3UaJMCUmcu9saFVhTKz322_hZ6tLHad2qWcCqbtRLPdwrH/s200/thumbnail_juice_pack.jpg	いろいろなパックに入ったジュースのイラスト
word	みず	nước lọc	https://blogger.googleusercontent.com/img/b/R29vZ2xl/AVvXsEj7WNgMFCg4BwSIGae0dRsU8xGhEO5ZxtI44mK3QaDxngRZmFtVvNm6vTLIkMrxuJI-SsbCC6scDHMkIUFwyS7QkbVAA0xS1blgg9gMAcXTdq4UhpEFAjUg2VjTh0y3vlk4tYWJMr0_8Nwp/s200/thumbnail_amount_water.jpg	いろいろな量の水のイラスト
word	カレー	cà ri (cơm cà ri)	https://blogger.googleusercontent.com/img/b/R29vZ2xl/AVvXsEjpjN92CMfQ_dLq55wvok9j_e4BFZdlUWQLJ5jaNY8onXGgu5cYY_oXy51GyZJ2uOPNevXlM8jVxWhdEUcOd1fWXoa0v5c7xuno09DaEG3dsBWkgClQNQYPBCdqyo2c1wAvbX4iQ668AN9H/s200/food_curryruce.png	カレーライスのイラスト
word	ハンバーガー	hamburger	https://blogger.googleusercontent.com/img/b/R29vZ2xl/AVvXsEg2n-AZ_NwVhtJfVnUtPznBj0yM0rT0vvi13fsg4oSFAmS9dUW_7Yg2eA67bE87AQsbxy4FNGzCRQhO2oeOZm5rDc-bTi3NtnjsXxRWTRS3FLsO4QL_eVgkiq9Y-vnhJb2putx1_qsCyaN2/s200/food_hamburger.png	ハンバーガーのイラスト
word	うどん	mì udon	https://blogger.googleusercontent.com/img/b/R29vZ2xl/AVvXsEgAVNmGQUlTLgcgg3r-NTw1t83jKShAD017W8PrinetmtbCwMH24qeHIAydRCCpnuWau2OLCB41vz2tWk3PKzoDsBBzy6qtU_JMDOybahMIWZhab3Xh9KRMP6NKOXmXVgEM-Zr1v39gIRSE/s200/food_udon_kake.png	かけうどんのイラスト
word	そば	mì soba (kiều mạch)	https://blogger.googleusercontent.com/img/b/R29vZ2xl/AVvXsEhffioKYswjGeRIKlmIRkU_u2hKgcRGE8Y5330fTVw7AN5OWI2tk8gq2Kxzw2-BLDZIcwcU6-wV4GWctupFddoCjJ-m-HRF8PyPcT2MeYh3N6-h7aMwNFg-KVsfmffwSH2k0xPHcqDQYH0T/s200/soba_tororo.png	とろろそばのイラスト
word	ピザ	pizza	https://blogger.googleusercontent.com/img/b/R29vZ2xl/AVvXsEj6DlwmhSgmlJ1Fjohz6PpoemJgRw6n8IPsda7IDQxraWlNJMJoW95F4Sb9_3wU_xupof-cE5oCv9ceN_wlW0m8S5G29mg4qkQL8hooGkX07r27sgSf0Xq9_Qm15m-YKSirboZ1jHjWu47r/s200/thumbnail_food_pizza.jpg	いろいろなピザのイラスト
word	すし	sushi	https://blogger.googleusercontent.com/img/b/R29vZ2xl/AVvXsEhnFR5bNaKk3rRor5-ZbT0mq-u5Lw34grDRjrcC-FDlMxWtRAlv1ZsMNPSXCCeAfkSKq2BhX9WsgqSUlpcE4xrVMRPsla6qDaLpV9L94aS3cflZDD-0HF9P_Ks2-2-DVomXL3PGfYhFqRon/s200/sushi_oke_nigiri.png	寿司桶に入ったお寿司のイラスト
word	ラーメン	mì ramen	https://blogger.googleusercontent.com/img/b/R29vZ2xl/AVvXsEhHOxljla7hYvElJBZWLyjdUV6XGpZnaJzrk30ziZq4SbF5qsM545Zs21lU2o6nldwCwWYUT5gvhUUBSABsoo9bQrTF9BssFlsD6uvpPjM_o0-LvNcAzaE13N9h84ai8KM_CNZMuhjea1kg/s200/counter_ramen_man.png	カウンターでラーメンを食べる人のイラスト
word	やすいです	Rẻ	https://blogger.googleusercontent.com/img/b/R29vZ2xl/AVvXsEh3DpiGNKUxIDW_d2MSWuzZO7f8FfDO5fQYNWxSjkCAVXbIcQJfhiI1IIPwW3PY2iQ6yUp5eF1ywF2-ZD9FC_aUCjysstfAJnstGRov1unnyNu1p1Rwp6Ee0jjugYaNU47DqHaLNKzJZcc4/s200/nefuda_yasui.png	安い値札を見た人のイラスト
word	おいしいです	Ngon	https://blogger.googleusercontent.com/img/b/R29vZ2xl/AVvXsEiS_B3UoVXEn6P1wlEMjAYFnPD7-9UeeuFNI4efQuWpjTU2nEv3fP37OgFzjBuLEF8DQVAj1F-8imjy0n7wmQora9r9atPm2QdeLVGiE49UYHzzsJVz8XgQZND9EXYNWM832YWfTtaA8qQ/s200/oishii6_woman.png	美味しそうにご飯を食べる女性のイラスト
word	はやいです	Nhanh	https://blogger.googleusercontent.com/img/b/R29vZ2xl/AVvXsEh9TANieAz6nioJbbvUW91L8OeKo69TooCzgiBxnWcBoDSU4_j5egfeJ5WpKiVinn4ZQrazzeggjbbEOPW4TO4daKmJu-CTuHB9GfHY4EDoD2ZT-ub8CMqmrmAcfdODnxK78GuyuzB3AaM/s200/yajirushi_fast_.png	速い矢印のイラスト
word	ハンバーガー ひとつ	một hamburger	https://blogger.googleusercontent.com/img/b/R29vZ2xl/AVvXsEg2n-AZ_NwVhtJfVnUtPznBj0yM0rT0vvi13fsg4oSFAmS9dUW_7Yg2eA67bE87AQsbxy4FNGzCRQhO2oeOZm5rDc-bTi3NtnjsXxRWTRS3FLsO4QL_eVgkiq9Y-vnhJb2putx1_qsCyaN2/s200/food_hamburger.png	ハンバーガーのイラスト
word	コーヒー ふたつ	hai cà phê	https://blogger.googleusercontent.com/img/b/R29vZ2xl/AVvXsEiNSBUOn6CHBDKXNvWjwtSOwhd-MXggp7O_pYbcLIEoUQeovTe7ZTMH7if0nGzx6xZ83mqUzZf7jtobHKyq3VSbmFG7NjDzRCZChZzvs_g7Kzt9HUHxJF_TzAQaIEqPZj_BGYjV6WIv1ZNI/s200/thumbnail_coffee.jpg	いろいろな種類のコーヒーのイラスト
word	ホットドッグ ふたつ	hai hotdog	https://blogger.googleusercontent.com/img/b/R29vZ2xl/AVvXsEiV_8zKBUBPosXtHl33pzJZba9WOsQUKGeGf6cYPFXigy0M2RopH1KOnc6Z1FFC4pVuE6WyS06V27Ih6JGsPO-fHCxGHPQqT31EJ9SppJ5xid7Jwyh4uxMgmS4TrhF7dCemyQJnMlrB9id8/s200/food_hotdog.png	ホットドッグのイラスト
word	フライドポテト みっつ	ba khoai tây chiên	https://blogger.googleusercontent.com/img/b/R29vZ2xl/AVvXsEhZTQY6nHBE5zNXX8GxOUJOnZKSq6rib90CGxczSZK0N6mcacSC_-24KJbIIbDBdR6-hWWw3m8EhKKAj1HNrikaVeSXuoPAafwmwJchURjb5ym4aylJN6Ew4qbuJDnHvfGKB4k5p9wi5-LZ/s200/food_frenchfry.png	フライドポテトのイラスト
word	コーラ ひとつ	một cola	https://blogger.googleusercontent.com/img/b/R29vZ2xl/AVvXsEhNd1XDtY0FBiegF3NpbI7T8x5nmadeFjPVmmR0ZNG1ZbBOK1KyPMmEoPT5enDMkH1rAssBXijj1s-V_NaDR6QkYmsUJeuylwy4U8taQk48M-tP84rqeaDdme_U8E-mY4XZh4HShBK3Qktg/s200/drink_coke.png	コーラのイラスト
word	チーズバーガー ひとつ	một cheeseburger	https://blogger.googleusercontent.com/img/b/R29vZ2xl/AVvXsEgW5sph6LvEDDqQuDHGKGbudpkI5nv9o_f2YzdZIT0CbjY9t6_cZ36hb6AWlNstJDO5itvAYNI2EBKypsL46TqjM_F45J-U9ky7kvTH8zej2ZayoSNF_hHGyn9U3lF4kBUe35aV2S2zlZBa/s200/food_hamburger_cheese.png	チーズバーガーのイラスト
word	ハンバーガー みっつ	ba hamburger	https://blogger.googleusercontent.com/img/b/R29vZ2xl/AVvXsEg2n-AZ_NwVhtJfVnUtPznBj0yM0rT0vvi13fsg4oSFAmS9dUW_7Yg2eA67bE87AQsbxy4FNGzCRQhO2oeOZm5rDc-bTi3NtnjsXxRWTRS3FLsO4QL_eVgkiq9Y-vnhJb2putx1_qsCyaN2/s200/food_hamburger.png	ハンバーガーのイラスト
word	オレンジジュース ひとつ	một nước cam	https://blogger.googleusercontent.com/img/b/R29vZ2xl/AVvXsEiajkeTvGih5jDVyAtpIrlmm7VfKYuRF03TjsFbENWc8ZaqWPTGERBh4Q1WQF7oY2gH9CaddjiuwMjH3swXWGSbKtafbv6oKyUmxtkQkHF-sI3aWSDS_Hdo-zQ2Gaqr4z9WiJ0rDX_n_R8u/s200/juice_orange.png	オレンジジュースのイラスト
word	コーヒー みっつ	ba cà phê	https://blogger.googleusercontent.com/img/b/R29vZ2xl/AVvXsEiNSBUOn6CHBDKXNvWjwtSOwhd-MXggp7O_pYbcLIEoUQeovTe7ZTMH7if0nGzx6xZ83mqUzZf7jtobHKyq3VSbmFG7NjDzRCZChZzvs_g7Kzt9HUHxJF_TzAQaIEqPZj_BGYjV6WIv1ZNI/s200/thumbnail_coffee.jpg	いろいろな種類のコーヒーのイラスト
word	こうちゃ ふたつ	hai hồng trà	https://blogger.googleusercontent.com/img/b/R29vZ2xl/AVvXsEgBDhQJx667QxpwIu4QPK2Y-fPfaE-JTVFwk_UKixeaD1H-rpY656pGdDbzZ8B4HFryTRzKgSr8BObhijexlbEHf674Agxbl53jHFgtG7tV0DKvdGdAsIcO_ss_DR-ljeppzYr9Lmj0wXw/s200/cafe_tea.png	紅茶・ティーカップのイラスト
word	アパート	căn hộ cho thuê (nhà tập thể thấp tầng, rẻ)	https://blogger.googleusercontent.com/img/b/R29vZ2xl/AVvXsEg1dx2MefWlm75SGRbtVFkLm0tHTkq9CG7jS9dg6fHW8v8x1BEi53PkKO8eNqxQ34hBSwAOzKH0_5dCubOjkUIbal8cczuWwzTy41oqERg1Gr1T7QCyiMwqq-XnsT0lUwW7G_8emQ5Jg2s/s200/building_apart2.png	アパートのイラスト（建物）
word	マンション	chung cư (cao tầng, kiên cố)	https://blogger.googleusercontent.com/img/b/R29vZ2xl/AVvXsEjwX9qY75nSYTAZjdWrtTJnuNfu6nkPs9h1FBq8uMWRYFWQXYzefxsP4PeH31KtrTBhXK3rI3Hea-Pgp-x1U27MPlGJ5QRitbaId8j8Cqa4zZHDIZO-IE0JKIQqAmlQTIzTGwawr3LorMc/s200/building_mansion2.png	マンションのイラスト（建物）
word	いえ（いっこだて）	nhà riêng (nhà độc lập)	https://blogger.googleusercontent.com/img/b/R29vZ2xl/AVvXsEg87d5BoqMr6-Vy_i4W9zpLVXrJ8TeV7n476E-dxwRKo0mlrmF7mnzvPer1PLYTCXdwNN-46umez4ijeArqNSTJQySVPTSeVo94PBaEDLMy7F72B-e-DPGsvO7Lm7B07_dO_ysJsM-APiXW/s200/thumbnail_building_house.jpg	いろいろな家のイラスト
word	くらい	tối	https://blogger.googleusercontent.com/img/b/R29vZ2xl/AVvXsEi2FS8cuQsCjr6k8GaJnJJRUypd03PJ0GfuM86hdC1tGUZofg0q7_PgEE6zReLflcU0e1-fzSfOv2lQaJ1KEveGBGT-1GGAt3S9GChr4RdaSHH0chPRX1qGeTa2HzinsV5-BnokbWfpRHgA/s200/computer_kurayami_woman.png	暗い部屋でパソコンを使う女性のイラスト
word	ふるい	cũ	https://blogger.googleusercontent.com/img/a/AVvXsEi_iOltHuKx1_oEhwHfL4uBKjSqA21WmKYbVn9W4QIV8xXXTTAb6pOPH9QmoYepLsqJAjNO-x3WcSk-XUf1FK3R4UYDezs-31rs4FQCdP_tBPf6_Es9NlifonN6GRyjZaMK1Yo4vnQ44o521c_UeauvVURvziM-K5dCZox6GL6GucMoja57XsEJS-EnUw=s72-c	老朽化した建物のイラスト（一戸建て）
word	ちいさい	nhỏ	https://blogger.googleusercontent.com/img/b/R29vZ2xl/AVvXsEheRhf2J8jbNb5ObnveHmHbXSFAjHbLN-5ljTHyBEo-Bi5OcXR9JUKiUFxNk5dIGu8qaNNUxgeMG4x3MHA5dqUzLbrKN4vcRNna9eOXo7eIffRX5v1MO2LSiGRA22KAJDCQRbzKg1eRYDPV/s200/building_kaisya_small.png	小さい会社のビルのイラスト
word	おおきい	to, lớn	https://blogger.googleusercontent.com/img/b/R29vZ2xl/AVvXsEj5cnPPTYOJ1ISOXXRqGrNJt6yK3w0z0hz1PK3rN7vzgDhTqOccWz43hAsuzRlQJLJLHPzlh4j3shwHJ8onpkyjh4B1-PP4XYDXw11FrYTDG6bp9fAqbb1Wf76MkUi5KBSzwUDDxhupb_I/s200/building_medical_pharmacy.png	大きめの薬局・ドラッグストアのイラスト
word	テレビ	tivi	https://blogger.googleusercontent.com/img/b/R29vZ2xl/AVvXsEhKuJe5EEXJCvSXXZKkFm2Dth160L-T25I95lRxxm15tE3a3hLNIO8iskSZjoYZtqnE4IrgL-cf8LjviqKHAHJVsPY_HEYM6Q1oM5OPgEh1FFPBXGYvijzZi3ckPkC8fzpGQfZv_cGC33vM/s200/thumbnail_kaden_tv_wide.jpg	ワイドテレビのイラスト
word	テーブル	cái bàn	https://blogger.googleusercontent.com/img/b/R29vZ2xl/AVvXsEipK4pYdM7_Yb5MJ4ifXCmWOPnU97nn9YJwParr6z5XcUb2HjhitdN6-KN26LRNsmYGd3jtItTCjCdgJ5dSc86gQZNGFCQvap1VSlov59oAkTkDHxC_gd93vw2WDAM9axO0DmSSwFAPqbLk/s200/table_syoumen_wood.png	木のテーブルのイラスト（正面）
word	デパート	trung tâm thương mại, bách hóa	https://blogger.googleusercontent.com/img/b/R29vZ2xl/AVvXsEhzaTx41HBmO0ziX-qETTU_GbBfHRUjqoLwSN2MqEbcMQG6R7xpY8Rm2ImyeXgLJwzE1WXlehLijmGHrW6-1wNW-x32whL6YLRZ6JCMfwrU4dKNvMTeY5LksZJQczIUJsyXHgr7SbmvKRs/s200/tatemono_department_store.png	デパート・百貨店のイラスト
word	レストラン	nhà hàng	https://blogger.googleusercontent.com/img/b/R29vZ2xl/AVvXsEgyzYoENpc4veCSeijGjpgjq1XZ0AzASXL0nGZTFVUwKRE8Vk7KQoXw8BN_zeAi64nK-q9oY8pJyaWPpwdSpYBaLBXIssHfdEd21xGSvPCvCu5rUKTWUqIN40Zt1ZsA6hVaaKDHKREswxU/s200/tatemono_restaurant.png	レストランのイラスト
word	こうえん	công viên	https://blogger.googleusercontent.com/img/b/R29vZ2xl/AVvXsEjql1LDUC5DBFFiiOniigDrAIF5xzkvkDYhXl6eqiLNUYVtIKP2FsU_BknuurOkppCBs6RIJR89SXyM_0Q1Xgw5NyWE_yNP6lZWr05FCrgW4I9BFk95XWw3Lxia6RkPazHOYLYVsxlLvYY/s200/tatemono_kouen.png	公園のイラスト
word	ゆうめいな ところ	nơi nổi tiếng	https://blogger.googleusercontent.com/img/b/R29vZ2xl/AVvXsEgGAWZd7l80p8C9rbJC7DFrYK1XUj8_K7VKXnknUZUxyA5k_mdAmd8sLugFTpTtTpr8Q_qQzsFTvSBv0AED6OEg07_WlFEhsElshO0yl1v3hcHCSLrhLDNHSEy6hIric39hv1WuyV8NUl8/s200/fujisan_shikaku.png	富士山のイラスト
word	たな	kệ, giá sách	https://blogger.googleusercontent.com/img/b/R29vZ2xl/AVvXsEhc2s7b3UoM0fTZYBw92QqTiuEVBA9WrjWtnwseYmsIcQeI9TyNKAu7VJ5Hic9NA3w_zxYem-XUJCt5I8QXXcIa6GrE5DyG5qPGKaqaXvMuPUIZ834qJfUxrggmTsie9G1f0e00g4ssqes/s200/book_hondana_syodana.png	本棚・書棚のイラスト
word	はこ	cái hộp	https://blogger.googleusercontent.com/img/b/R29vZ2xl/AVvXsEj0HgKGkqZrFy8QB3Ns6lxwIj7z6Mzwi4p2awfGAAtrwJRGvlcASsFIdGuYynOg6pvXZ61zbXkBET5TKBgmuC3OV8eWu37BKI1R_W1fRsb95H0COZKOFu8QmdrT-BjbS_7kCfG8mUKAVbva/s200/thumbnail_nimotsu_box_close.jpg	フタの閉じた・閉じていない箱のイラスト
word	カップ	cái cốc	https://blogger.googleusercontent.com/img/b/R29vZ2xl/AVvXsEjN5rgTSSYQ9BcCfq8m57clhF0SBTTzqNKuTiZIq7HsfjMc1KZYGoEb1CpVbuAHPzt1caKEHmkMrLm0_QbjyRZrrlK5zC6oVNQkWSg1pfF9z_6CIErRQGRYQU69QmyxNg8RS8fzO39_sFcf/s200/dish_cup.png	コップのイラスト
word	しゃしん	bức ảnh	https://blogger.googleusercontent.com/img/b/R29vZ2xl/AVvXsEjqchqla6GdFWTdJD1P58aX6nd_9LXpc0qPSn-YcosAVygTjqDNXRzTIGOsGTmUVeqEa2f5PbnxdVVo0qT6OLF5UPdRfayNXU8_4bZjETyikaK2wClErXiaQl7j42KfnfFEXcE28yIx_QE/s200/syashin_tate.png	写真立てのイラスト
word	にんぎょう	búp bê	https://blogger.googleusercontent.com/img/b/R29vZ2xl/AVvXsEhVXyqH-GVOB9Kd6Srvxo942Lboy3lD1_rJ5k3doqF7ipUp3oAuMzAVqzslrpEgKeqYbgUmqCKsCA90GxK5dCzrD_fN6To-X3bCzXOsTKPdZYOr90S9QkD1JzLGFB6InMzyJsgGyPI_r1qa/s200/toy_france_ningyou.png	フランス人形のイラスト
word	ほん	quyển sách	https://blogger.googleusercontent.com/img/b/R29vZ2xl/AVvXsEi8wWuuMweyqtGLboogSSbhBr-04RR4TBfbQHcO0aRw2zeBk-REr6e2L3pLc06L5B_6uiFYpvcuKq7SltIrj3MqqW-8WNuo9lFDi-9qw8xFJ4Pa87kcrLc9qSxon2woWk1SvJIg4pqMPnHp/s200/book_open_yoko.png	開いた本のイラスト
word	げんかん	lối vào, chỗ cởi giày	https://blogger.googleusercontent.com/img/b/R29vZ2xl/AVvXsEhSpHkBKfm6jWQXx1qrcqw4wvgOPcQIkvLWydXrvo7GHv6FAmWJ18KPzx42Qb5VompG4oVkNYyZLPn0t6ldypO0EyBOixiMa1bpyIYy_L0Gk3tf2HFiGcUrMxG0PSzbz4JZ5P1kJsyzVtrO/s200/room_genkan.png	玄関のイラスト（室内風景）
word	おふろ	phòng tắm, bồn tắm	https://blogger.googleusercontent.com/img/b/R29vZ2xl/AVvXsEhxUfFSUUKc8UnH5sFTRj6D7PXny64Tgp2CxMFmBNEATBdIVLlZsesKxZkU9wR-ZbggLWTOjy0uAphutojp0spt7O1Fi__dlfk7AO8UWN7sE4KJONFw822PvPOJIMVYVSLU0J148uHYVqk/s200/furo_oke.png	お風呂のイラスト「風呂桶」
word	だいどころ	nhà bếp	https://blogger.googleusercontent.com/img/b/R29vZ2xl/AVvXsEjHFQ3UH1iqeLxfalePzW6RfBJke6s1HX8MDyBai_ovPsQiZzHnhxP10C32PK3e2IxZCCTJqLPGFNp_IYSInl7FOpR7ch6mU3oozpmgCt784Kz3HUP1FvDpH7RA_kFdKgIAQm6uJpu8MZEX/s200/room_kitchen.png	キッチンのイラスト（室内風景）
word	へや	phòng	https://blogger.googleusercontent.com/img/b/R29vZ2xl/AVvXsEjNWNFXlRtOZUaczeQgVpKFJ5mKFbfqYsP93dHXujlcZ4_rGtIQxNvwvV6jjU-cPJ-k3Km3fR-UJuofSjlUvybMamjuuJj70f8ajvhMuFGYSYKSjUa2PX34usUoBX6nxbF3nEOtD9ukfunn/s200/fuyu_atataka.png	暖かい部屋のイラスト
word	にわ	vườn	https://blogger.googleusercontent.com/img/b/R29vZ2xl/AVvXsEhyLO0P-MIM6TNpXG_RCxod7bMnhxYmRqz0SK_Eb9oBpZipWJl9jPX9ryfQd9FW1ZZJzyngcF7BsVK765cTogB7Db_Do-k7x7hNmrPByMTKy3APu3UpDpRO_IT82QZnEzbh2HrV7IOhpLQ/s200/gardening.png	ガーデニングのイラスト「花の庭」
word	おきます。	Thức dậy. (6:30)	https://blogger.googleusercontent.com/img/b/R29vZ2xl/AVvXsEhA4UEfm6Cx6p3gXvmXJmIXpyg4Q17Srp236eXclzsV0t3nF555KVwPiFiLqriZLAps043OpkYf4PGcoZ5gcGecfmVjs8i7Um9Eb-SpzO-4tGjkDHKH-yRsH9I55stPe3dBHq-isHWASObF/s200/mezamashidokei.png	目覚まし時計のイラスト
word	あさごはんを たべます。	Ăn sáng.	https://blogger.googleusercontent.com/img/b/R29vZ2xl/AVvXsEgitLz7TVcAjxO8kwus5V5H9v18UWkpTJpJ4crHDXVp18vPOGQGkG_TJrBs-adlXFaEywgcc6t95kHFnp2hNxKKOT6umj0XZIVeQ9a3u9Qm4sUwgXFe4Q1MNUxGAJjBtOAZGjBUs2AcO1-S/s200/food_breakfast.png	朝食セットのイラスト「パン・スクランブルエッグ・ウインナー・サラダ・スープ・コーヒー」
word	しんぶんを よみます。	Đọc báo.	https://blogger.googleusercontent.com/img/b/R29vZ2xl/AVvXsEjy6DwLzb4L13oIdSAvCDF0rYsbEmtA94Tcuq4hb-T7SITTq1izk7SuVitCvisFCZ7VFadGGTbwbY14nB4s4n6zGxTX5KF4MBjw-Bm1H4RNKe5yYam7jrkYKgPcTDGRWzmGXyuHp8UGtYnI/s200/shinbun_ojiisan.png	新聞を読む人のイラスト（おじいさん）
word	しごとを します	Làm việc. (ごぜん 9:00 ～ ごご 5:00 = 9 giờ sáng đến 5 giờ chiều)	https://blogger.googleusercontent.com/img/b/R29vZ2xl/AVvXsEiZ5-hyycPON9r6Un8XwQhUSC-h6veueGxQx6z3auYrxoKPMPNW7dcMPPve1Djj6ib46cWmKS9ZxmvPld8ev9DqXuCnR3hqAf7ceZ-ipfUKaAEtzA0HaoiNYZwI233WV24lWSCmurexGFHb/s200/kaisya_computer_man_side.png	横から見たパソコンで仕事をする人のイラスト（男性）
word	うちに かえります。	Về nhà. (7:30 tối)	https://blogger.googleusercontent.com/img/b/R29vZ2xl/AVvXsEhkrIznyK4rUIRUkLFvbgy6-9TUHnbA_glfyE5SgO4UsXEtI7CKJ5Aed7TEjo2DuZROh0g7gBfZcRXCmqBxy5qwvvaYkuruW_M-t984HQTA9JUpM1-T4BEwn9apnPNo1gF-SjTEcMpLuMY/s200/home_kitaku_man.png	帰宅する男性のイラスト
word	にっき/ブログを かきます。	Viết nhật ký / blog. (10:00)	https://blogger.googleusercontent.com/img/b/R29vZ2xl/AVvXsEgKSSPTcA2Oojo91_rnJ_uvK-IsEbKFC8ZOjdxfpr_ReHv0RCf6UYu2yq3oiuDbfQ3x7vEoOLOYYz3GLQHWrhN68h7CUp8-PwqeVqngDKgMch3AWMqXp-TkXuZ0JkHXooyB0LloK2UTi8g/s200/book_nikkichou_diary.png	日記帳のイラスト
word	おふろに はいります。/シャワーを あびます。	Ngâm bồn tắm. / Tắm vòi sen.	https://blogger.googleusercontent.com/img/b/R29vZ2xl/AVvXsEjPJm34aCev05gBnzCrYvlB68rjhUZGy4fg4toOyHH0LvOZsBdKYgYAzkIVfDsY_mSXG93rGq4ZXsj6i0POGcsu9hg8jSAHmcuEM94NCGNJvbIxS9BjjcbbpnxIo-Z0aUBp15CqxS6XKyNO/s200/ofuro_shower_hot.png	温かいシャワーを浴びる人のイラスト
word	ねます。	Đi ngủ. (12:30)	https://blogger.googleusercontent.com/img/b/R29vZ2xl/AVvXsEjJzOGwQ_g-Ly8th2yl9plwSaCY87B4-SIty7oesT-9IwQhSJF41tLuDHpfQKlNnpMzDb8mYzK_vtR9MTy_V9eKSVh_KpNTzw_PMuF6DL3X-GBZwlOZFKRG6oH34ZERf-LtCZPRRFbTnHBM/s200/thumbnail_sleep_side_man.jpg	横から見た寝る人のイラスト（男性）
word	うんどうします	tập thể dục, vận động (giày, tạ)	https://blogger.googleusercontent.com/img/b/R29vZ2xl/AVvXsEgiEfSiMz67iJSnPuGD9zF1oKal0Nv6CpoFSVefiqHlf9PnthMFn8YJrKamCyh0crXESPpPTbDZcmpNrVMoiZz9r-CoSqmUWKusWq7_3OFz60dFmQd-ot2R3NtsKRB8omz8aG06L9IVLnbX/s200/thumbnail_jogging_mask_man.jpg	マスクを付けてジョギングする人のイラスト（男性）
word	テレビを みます	xem ti vi	https://blogger.googleusercontent.com/img/b/R29vZ2xl/AVvXsEiGY6mU8IWTjdrXpasGQgrzCB-raAugzZh5jLPMT8ZnWgFPujXLbi909aAK6T4a-429ou-re1fe4zbk23OKx2srzpwYdRB0M4pN5D3jM_zBDBE9o5486VlYGqtu18ZxP03QHuBerz23hc4-/s200/tv_haishin_owarai_man.png	テレビでお笑いを見る人のイラスト
word	べんきょうします	học bài (sách tiếng Anh, vở)	https://blogger.googleusercontent.com/img/b/R29vZ2xl/AVvXsEi-_RKLuh2E_FcnkXcxi85kSJ-2FV7sOK7sYdWkU5Fh-mENX6RmS_N4YDoAqkzdSmXzaxrbOCjbDIt097Vs7j7lZBDcHUDQNs-TBAwQSBs0flCJJuNpS2S-n5nVjylljCm8z5bTo-RWJfE/s200/study_woman_normal.png	集中して勉強をする人のイラスト（女性）
word	げつようび	thứ Hai	https://blogger.googleusercontent.com/img/b/R29vZ2xl/AVvXsEj_mwflHkoLsUpIP_7-ZI3_D5cBSLLzmCBR_oEpdqLs0K9I5DMxPt1g5o1JFJ_cY3cZLqnFtqHDLiPRUvV0F6yOe5Q9xJ63mDrNck51H4LTsHE19uTm2iNif7t6lFUFylO5wsj6zBZ_J3Rb/s200/thumbnail_week_text.jpg	曜日のイラスト文字「月火水木金土日」
word	かようび	thứ Ba	https://blogger.googleusercontent.com/img/b/R29vZ2xl/AVvXsEj_mwflHkoLsUpIP_7-ZI3_D5cBSLLzmCBR_oEpdqLs0K9I5DMxPt1g5o1JFJ_cY3cZLqnFtqHDLiPRUvV0F6yOe5Q9xJ63mDrNck51H4LTsHE19uTm2iNif7t6lFUFylO5wsj6zBZ_J3Rb/s200/thumbnail_week_text.jpg	曜日のイラスト文字「月火水木金土日」
word	すいようび	thứ Tư	https://blogger.googleusercontent.com/img/b/R29vZ2xl/AVvXsEj_mwflHkoLsUpIP_7-ZI3_D5cBSLLzmCBR_oEpdqLs0K9I5DMxPt1g5o1JFJ_cY3cZLqnFtqHDLiPRUvV0F6yOe5Q9xJ63mDrNck51H4LTsHE19uTm2iNif7t6lFUFylO5wsj6zBZ_J3Rb/s200/thumbnail_week_text.jpg	曜日のイラスト文字「月火水木金土日」
word	もくようび	thứ Năm	https://blogger.googleusercontent.com/img/b/R29vZ2xl/AVvXsEj_mwflHkoLsUpIP_7-ZI3_D5cBSLLzmCBR_oEpdqLs0K9I5DMxPt1g5o1JFJ_cY3cZLqnFtqHDLiPRUvV0F6yOe5Q9xJ63mDrNck51H4LTsHE19uTm2iNif7t6lFUFylO5wsj6zBZ_J3Rb/s200/thumbnail_week_text.jpg	曜日のイラスト文字「月火水木金土日」
word	きんようび	thứ Sáu	https://blogger.googleusercontent.com/img/b/R29vZ2xl/AVvXsEj_mwflHkoLsUpIP_7-ZI3_D5cBSLLzmCBR_oEpdqLs0K9I5DMxPt1g5o1JFJ_cY3cZLqnFtqHDLiPRUvV0F6yOe5Q9xJ63mDrNck51H4LTsHE19uTm2iNif7t6lFUFylO5wsj6zBZ_J3Rb/s200/thumbnail_week_text.jpg	曜日のイラスト文字「月火水木金土日」
word	どようび	thứ Bảy	https://blogger.googleusercontent.com/img/b/R29vZ2xl/AVvXsEj_mwflHkoLsUpIP_7-ZI3_D5cBSLLzmCBR_oEpdqLs0K9I5DMxPt1g5o1JFJ_cY3cZLqnFtqHDLiPRUvV0F6yOe5Q9xJ63mDrNck51H4LTsHE19uTm2iNif7t6lFUFylO5wsj6zBZ_J3Rb/s200/thumbnail_week_text.jpg	曜日のイラスト文字「月火水木金土日」
word	にちようび	Chủ nhật	https://blogger.googleusercontent.com/img/b/R29vZ2xl/AVvXsEj_mwflHkoLsUpIP_7-ZI3_D5cBSLLzmCBR_oEpdqLs0K9I5DMxPt1g5o1JFJ_cY3cZLqnFtqHDLiPRUvV0F6yOe5Q9xJ63mDrNck51H4LTsHE19uTm2iNif7t6lFUFylO5wsj6zBZ_J3Rb/s200/thumbnail_week_text.jpg	曜日のイラスト文字「月火水木金土日」
word	きのう	hôm qua	https://blogger.googleusercontent.com/img/b/R29vZ2xl/AVvXsEgJGdRSSv0ec0CaD6z-LUN7UgE8PXlGk1LUCGU9Z027c0vIeO44QFUtwQZA7NF4qOAjc6UbV4k0mszFOVSLIwzxkaJveeniPcpvbCwDRPGzhdpBi1sVmf4LGxiS8UNbrqasP9JJr88UiE8c/s200/thumbnail_day.jpg	日付を表すイラスト文字「一昨々日・一昨日・昨日・今日・明日・明後日・明々後日・弥の明後日」
word	きょう	hôm nay	https://blogger.googleusercontent.com/img/b/R29vZ2xl/AVvXsEgJGdRSSv0ec0CaD6z-LUN7UgE8PXlGk1LUCGU9Z027c0vIeO44QFUtwQZA7NF4qOAjc6UbV4k0mszFOVSLIwzxkaJveeniPcpvbCwDRPGzhdpBi1sVmf4LGxiS8UNbrqasP9JJr88UiE8c/s200/thumbnail_day.jpg	日付を表すイラスト文字「一昨々日・一昨日・昨日・今日・明日・明後日・明々後日・弥の明後日」
word	あした	ngày mai	https://blogger.googleusercontent.com/img/b/R29vZ2xl/AVvXsEgJGdRSSv0ec0CaD6z-LUN7UgE8PXlGk1LUCGU9Z027c0vIeO44QFUtwQZA7NF4qOAjc6UbV4k0mszFOVSLIwzxkaJveeniPcpvbCwDRPGzhdpBi1sVmf4LGxiS8UNbrqasP9JJr88UiE8c/s200/thumbnail_day.jpg	日付を表すイラスト文字「一昨々日・一昨日・昨日・今日・明日・明後日・明々後日・弥の明後日」
word	えいごの がっこうに いきます。	Đi học ở trường tiếng Anh.	https://blogger.googleusercontent.com/img/b/R29vZ2xl/AVvXsEj8iRFOKHmdJSKQ_Gx1eIc59WBEp-vyfuhJ1fjLlXna4rnxcWauE-KUsXLiROdLoGfoR7icPvbRfj0djgFAk5jQNhNak5taBrZHHB7BMgPfJ4mHRo1gNE9J6XxTKBEITZmr7-zxtfH8fqQ/s200/kodomo_kyoushitsu_eigo.png	子供向け英語教室のイラスト
word	びょういんに いきます。	Đi bệnh viện.	https://blogger.googleusercontent.com/img/b/R29vZ2xl/AVvXsEgP6LsfrIzQEuCKHbm68CCkFrGsIE_TMQLJ2Zhcm8rNNSBQflKYXQU5lN70oKimkIuuCDrwm2_OE4xb2UGnctYXh5-pb9cO64RZCmCNRpmggphKnBfuJlyL4IEeuwunf3smQdUp5e3ng5M/s200/tatemono_byouin2.png	病院の建物のイラスト
word	テニスを します。	Chơi quần vợt.	https://blogger.googleusercontent.com/img/b/R29vZ2xl/AVvXsEg3UMov2M8BVFA67eN1LZ10iHgAlcZ9cV72bOW5XYs2JmFxsqAC1a5J2vCiXgvJaJFvpno8_98Y14PUbrdNfzWfeB9Q-MztoPBOiVcY4GHsFYT_rBYBLpKDN0jcYZhayQLuo8rBAgplCo9z/s200/thumbnail_sports_tennis_man.jpg	いろいろなテニス選手のイラスト（男性）
word	いもうとが きます。	Em gái (tôi) đến.	https://blogger.googleusercontent.com/img/b/R29vZ2xl/AVvXsEiYQxf5gU-yDJHxgjCS9IywQutKOSOS6mevosbgL2eTTb1rnXO7PBcBdDEjVqKJHLGJWHxkYmY0EVIqUlGAmMjHUqAG3BfpodKtUGO7J_xgcd3g5pJwRxW9Y0PgB_9eO0_hvKBO2rhiXP4/s200/family_shimai.png	姉と妹のイラスト
word	ともだちと かいものに いきます。	Đi mua sắm với bạn.	https://blogger.googleusercontent.com/img/b/R29vZ2xl/AVvXsEjbP4SorFBE8wv_C9cZ6lUT9Cx_XZPbVR9ErBdzrLkNmJ5-509kFMl6yNa6iliizZS0DtMyInnatPM8Kr594dP80L03ZQRrMmSyX7sfHMiamrFZnGfJukvIeT0w4SC5RWt9unEU8LC1xrw/s200/kaimono_tsukiai.png	女性の買い物に付き合っている男性のイラスト
word	びじゅつかん/はくぶつかんに いきます。	Đi bảo tàng mỹ thuật / viện bảo tàng.	https://blogger.googleusercontent.com/img/b/R29vZ2xl/AVvXsEjtnutkDzZUryxaLjdpSVCbMT7NgYa9f9Vryegfp33-JsQyciciBIymckHJGV7RZf0r5JiTjmjHYhxMfi__mRa1vUbwNNMH0np3KybIT7R4mY2QcECquva35bySXudGeZAprrFOikN5UgY/s200/building_art_gallery.png	美術館・ギャラリーのイラスト
word	コンサート/パーティーに いきます。	Đi xem hòa nhạc / đi dự tiệc.	https://blogger.googleusercontent.com/img/b/R29vZ2xl/AVvXsEjHaZfC-QZslgOffwnPF4vte6aF5p1Cldj-oCJjj4n2PRynEyn52NmWo087oMbotF-_lf3vEpx2eM0_on1vgkmQhIy8Gj2OTR5JHkHFiUJ3KLlQG55eBZzE69I-f4V57ADjxUmy5PbRFoep/s200/concert_mask_man.png	静かにコンサートを観る人のイラスト（男性）
word	ともだちと しょくじを します。	Đi ăn với bạn.	https://blogger.googleusercontent.com/img/b/R29vZ2xl/AVvXsEjD2x8ole7l39tUHzrWcI1EF408mbTTa3VARTO39XgKeVqMA-PdVkrFuAEOikqtsuhqsYdQ8qTN4nq2WqZ5Lj_kPyRKGptG-3M0vOrXn54R0O5px7PE1KNxKKcxc9IzsD5CCaGNv8AIw-bB/s200/syokuji_family_tanoshisou.png	楽しそうに食事をする家族のイラスト
word	ダンス	khiêu vũ, nhảy	https://blogger.googleusercontent.com/img/b/R29vZ2xl/AVvXsEiAy70_-8QVQrYlyAymwCsyu0ticCG1ZJiFwBGzSMFsRdnU1qbzWvpz-yATFE4Ywk4QbP0-xfg5t4N9RaxzP74PeMmNge62cIptWPPHcn6sY9LJdj2ZOlQJK2kI_MMcYEzWd_nX-ReCj3rg/s200/thumbnail_dance_taiiku.jpg	体育でダンスを踊る生徒のイラスト （バラバラ）
word	サッカー	bóng đá	https://blogger.googleusercontent.com/img/b/R29vZ2xl/AVvXsEgGhKZn7RQDujHmr1rTP5-qedXIvBH3Yr1sL2KiLlOofe-vHUtysghrlnYOLb0Q716OpWeUITmUFLuKE0JoKjyA6_iI4wepnSARmNv6kYtDBWYcLYT6y_t85m4eBNiHeV5mhnXaB0fZw77a/s200/thumbnail_sports_soccer_man.jpg	いろいろなサッカー選手のイラスト（男性）
word	テニス	quần vợt (tennis)	https://blogger.googleusercontent.com/img/b/R29vZ2xl/AVvXsEhx-4S9HfkrRDS9sbyxL7XvKEIZ8XubYGEhVg8IHEShkasfLbB6NVWbQFBN4gRhoI1uqXW16tzel57hB2iJiEJmklj87ioclfhJ6NmTpb_iHKIaj7UV8gPJ6al5boGJxURQTBzWIRi5qHDI/s200/sports_tennis_racket_ball.png	テニスのラケットとボールのイラスト
word	やきゅう	bóng chày	https://blogger.googleusercontent.com/img/b/R29vZ2xl/AVvXsEjo8bofsOrxpvYSiX-2xWM_lTvWvYNIo9m6yS8qwxghI0l-1pGreb04fdRW54k826cqyfcdWhKrAC1XJODSdUg12dNWTfyQDrcxe2HLH5VvHYbVJ09_K701w5I9GlQvCXdh1OqvwP-5hXlD/s200/thumbnail_sports_baseball_man.jpg	いろいろな野球選手のイラスト（男性）
word	じゅうどう	judo (nhu đạo)	https://blogger.googleusercontent.com/img/b/R29vZ2xl/AVvXsEhdsP60wYn0XxGkCupOwgdNS0WhzIjVuuBTW-bltywzxBwGSbzIURyzYtB5jmH1YVp8Yp7eRTLceotpmF94Ma0v01RK3QW1AL5Ep9ypfLLnvBexuGkKkUXK248GPies13QOP61ckAPVAdE/s200/sports_judo.png	柔道の組手のイラスト
word	コメディ	phim hài	https://blogger.googleusercontent.com/img/b/R29vZ2xl/AVvXsEg7Xj0_IU3yXeJEJERJah039D3bElPW5K4o3pA1ZD0iiAS8p3g3wTPcMhgxO3C4otEIGHY231U9WcBc1WmcvUxZjIN18lhu-kQ4Ju_AvvPfoWOqbDADK8ACYJ8DteZ4fqb2JhhX4HFKjPU/s200/warai_koraeru_girl.png	笑いをこらえる人のイラスト（女性）
word	アクション	phim hành động	https://blogger.googleusercontent.com/img/b/R29vZ2xl/AVvXsEg4bAq77o_mAakGFGUywex5qLJNwzPvQmF8qOjvoYebOuX9QkSni-hNvyT324qH3QaQNvLbtyLiLZSdXFg2OPSNvXaKkNcwa8IDWBHaUYxDghWkS_nZGiic_I0WUqeKntmQLEeXsfEhn78v/s200/eiga_haiyu_stant.png	スタントマンのイラスト
word	ホラー	phim kinh dị	https://blogger.googleusercontent.com/img/b/R29vZ2xl/AVvXsEhxp0YAr7iY1kPMTmhfLG_jSRmXSUqPQS_i22_cIjUsDP2CXbhYo34wQ4lfdJNXZCLE_3NkBwZhRphIGaMO5MITMG8wFs-8ai_-mwfhfBBVh7vQ6i5q5zGzwN2DbfC_yIJllJybUlaIIMg/s200/obakeyashiki.png	お化け屋敷のイラスト
word	れんあい	phim tình cảm	https://blogger.googleusercontent.com/img/b/R29vZ2xl/AVvXsEhn8gueJ2NLhYOeYHEVR__1LGfm2W8vfe5e75YA4-0nbvFZlAW_M0kS9tUdM5a9bW1I6CaiJJ8E3NKoP37o341WLWtfk3-yFz5iBrnmW-6vNDoeD8NS798Y4adDyEoe0zkdrHniNim1Ml-L/s200/couple_date.png	デートをするカップルのイラスト
word	アニメ	phim hoạt hình (anime)	https://blogger.googleusercontent.com/img/b/R29vZ2xl/AVvXsEjs7S31wJOEADwnPe5TB1LWCgtwPu3FYPDSDnwTATX_r2XCM4bb27hgeZ6sPSH0RyHuTGwF1PwynzGUrQXlZZDl6h5DXhpOlXrWOI26m8g4Akryo7B21Th36pcCBvHZvdNGI7PwuF7p74XZ/s200/building_anime_shop.png	アニメショップのイラスト
word	がいこくご	ngoại ngữ	https://blogger.googleusercontent.com/img/b/R29vZ2xl/AVvXsEhJMUmbGh5rurp8P4BwaN0u7WsOReBYTUSWG_kXtDjVHVF64FScJHBK1zk3GVo1KgsqvQVBL5WudB5PX6PwwbyBwR1S-LG40MmsDDyMLK3GOLTIM1tEzLfnBXrpLCQhleIlCH2p6l00AtIN/s200/thumbnail_study_gogaku_woman.jpg	外国語を学ぶ人のイラスト（女性）
word	おりがみ	gấp giấy origami	https://blogger.googleusercontent.com/img/b/R29vZ2xl/AVvXsEh9dydhX8tJKrYwfKTarYBcgEdBhwPjYzmhAUHHxXu76qOksYA0EFrlLNkhF5amXH4HQ_5-Qc6eCYmKeo0hXG0zztzUQJ3nGFUUVGcVJwXaXLKdZ1ahT8iCUhkFff4M0y00UT-4sX7nPruh/s200/origami_woman.png	折り紙を折る人のイラスト
word	しゃしん	chụp ảnh, ảnh	https://blogger.googleusercontent.com/img/b/R29vZ2xl/AVvXsEhaHcHk9N9UN_uY85IJsM61p5f9pxcqmgMpw4NGpFcXXf4-B9s9R9vCrK85K99bsRxwqPUqiAzbbi3ejArcJmXEl1joR0gU-TcudXjxQLfn-cbrskV8tSj9iArrKxlQxYD8Ry1et-kfGxc/s200/thumbnail_poraloid.jpg	いろいろなポラロイド写真のフレーム素材
word	はいく	thơ haiku	https://blogger.googleusercontent.com/img/b/R29vZ2xl/AVvXsEgFDwZiruYllOmTgE6UQ8oFyYAsmBihIFkoZrCFF36AsB6jyLNd_k6Bnl00qQzn3tbUGy5Dlkj2ZSmjPPmy2MO8beO1wrp54kGWnPQHGvWyZYhtLxdxhdEfPCSmGB04ohwYV2I-iA2a7gCX/s200/haiku.png	俳句を詠んでいる男性のイラスト
word	いけばな	cắm hoa Nhật (ikebana)	https://blogger.googleusercontent.com/img/b/R29vZ2xl/AVvXsEgq4uGbF0X6vLpg9pQ1oJq1zwDsE474_LXqGxo_jNesKz9MyRnWMIEgE_mKFUoUUV41vt-PnFMF9b2_MR_XqdCrTTtq0IRdoNPMHn7Zpg9CKdA6oAJ8Vq4kLYk7YfKldXUf71y_SvOjUC1B/s200/flower_ikebana_woman.png	生け花をする女性のイラスト
word	さどう	trà đạo	https://blogger.googleusercontent.com/img/b/R29vZ2xl/AVvXsEiekEd0cf9HQJ8sBJpEACT1O6odCZotSFkWLzygEiTQMWiJYfcZ131fEYmPUw1lUbaBZ0Bp-RYIaBmTwVSp1-fkVbPhWoqyfI0PkbuSoJ-oPl866ZmGG-SsYtEhBQ49oj6biVxRjM_708Yg/s200/sadou_woman.png	茶道をしている女性のイラスト
word	クラシック	nhạc cổ điển	https://blogger.googleusercontent.com/img/b/R29vZ2xl/AVvXsEh5ANHWenWbfTSFRNmFeTWVbrYXVKfaAdJLgEOkWQS3MoDNbawzuPgDLmCQMeG99fj5_GjEG8tuUhznedtR9TdjIxn5gyONXLRsZwO_84WAiY6a3RfeK6usGK5bAdYKnu6jV-sVE2-oJdY/s200/music_orchestra.png	オーケストラのイラスト
word	ジャズ	nhạc jazz	https://blogger.googleusercontent.com/img/b/R29vZ2xl/AVvXsEg93VqmdiEM3v1dWeqR8kC2gAq7K-ysD9yzsUTCOYIBAr9GY2dg1nLNY-qLmSJXJ-TQKkKkf02cr5xNy_zK9-x7v7t_s71SVCQcY-JHr2r5hoe4Qrg4W9ALXuSwHPr-ioyiKoYxdIR-RYg/s200/sax_musician.png	サックスを吹いている人のイラスト
word	ロック	nhạc rock	https://blogger.googleusercontent.com/img/b/R29vZ2xl/AVvXsEg8MQQS2sIY9r3JvdJpO8PTE_tGyVwD9OvUi-JZ3yRLjat-hmXW5ZWEf__97nSRK3LBELiwBfROOVVO4wIbnisgxn47SBY5TLA6nfAHDe3KSzfdEPJq-KtLkeMzYbwcqJw4TiZpR2sJj34/s200/music_guitar_lespaul.png	エレキギターのイラスト
word	ポップス	nhạc pop	https://blogger.googleusercontent.com/img/b/R29vZ2xl/AVvXsEgmrjym0X-IOKDclpjUIus89Vdh3J8SzM_iQoH_gS26IWRZMfwyzTbBb_gZckFdA1HhvctsorBx-wOwigLRAgfaeZUT45OfNKOZGb1un4_Ra-1eOS2Z7k1lrybzrqxmFsLEG06hpJLSyhMS/s200/music_singer_man.png	歌手のイラスト（男性）
word	ピアノ	đàn piano	https://blogger.googleusercontent.com/img/b/R29vZ2xl/AVvXsEhC6hN7M6Zy5dB5itz0y8Skga8Frrkinp3sB_smCOoAwsrNKYQYW5Gr_kfmO3t0cj-wl9RivW3m6xJVBfhCTaGWJoGeS3BD_LQUhLyW8_8GZDL7U-eswr70KLMHvPUSDwEE7F6ec8EJnBc-/s200/piano_girl.png	ピアノを弾く女の子のイラスト
word	ギター	đàn ghi-ta	https://blogger.googleusercontent.com/img/b/R29vZ2xl/AVvXsEhmDusZlvwthENsvCCZfsgiZVHPq6XDScOLsGKHnO1ELy17lHDgwUzfR0Zp4kyPd-ZS7NmzlstpiqcNLt6uU5LBwKyb_yfE3K4xMXFjYAlVQeS25XsVBVu8KPg5af0yzB3Vf1m0pmZGu2X4/s200/music_guitar_gigbag_man.png	ギターを背負う人のイラスト（男性）
word	うた	bài hát, ca hát	https://blogger.googleusercontent.com/img/b/R29vZ2xl/AVvXsEjPgqT12gAvYnfSeAcI1Y5x8oatLdqTzyD_JrOOus2he5F7zkiXZHBTYymwt3WUi2J3aLq4TocBCzTP3NpUtEFjBK6krPo9k591geNzHwn_6XjurqEpJhF0Pb1umDDZVPjvQoK2XkCyohVs/s200/gassyou_girl.png	歌のイラスト「女の子・合唱」
word	しょうせつ	tiểu thuyết	https://blogger.googleusercontent.com/img/b/R29vZ2xl/AVvXsEhy0Au40rWcJUhOi6u51XutpwacBxFzyJysVfZ2GFEfvevuoaW66DNM6mM-wixp9Lg2GXvja6HVTJFr_pWPsbZtvVDEf_CcgHmRJLDuc7Dtp30xItmYTwNlhDCrZWzUKjKPtRsIN4sydRM/s200/entertainment_novel.png	小説のイラスト
word	ぶんがく	văn học	https://blogger.googleusercontent.com/img/b/R29vZ2xl/AVvXsEgj3jzwObrK3iIxlCT1zkmwDK2YL7Rb3iGrofvzHa-CWY86EmYZZGGBn1sXopZTIBrvVwn-SBgXSPVSLTPmIHKX5hmHVJMMKsFFoSuhVd-iF1oYn_xfZA5maDggvEunQFwo4jgA23iJo8Y/s200/job_sakka.png	作家・小説家のイラスト
word	ミステリー	truyện trinh thám	https://blogger.googleusercontent.com/img/b/R29vZ2xl/AVvXsEgtM9vPCG_5lZR9Gyh2EQRlCA6Z7XwUhsPHu2QTmYIVrlbqiSMWkrRLqyotJUjaIp8eEaUs6Be7AkhJM_acKxwm1yP2ISWwevrrrPj7PUdg-mTRsMTpbupHMU7p1WqGoQe1uq_HZgkLBHfc/s200/tantei_hannin.png	犯人を言い当てる探偵のイラスト
word	ファンタジー	truyện giả tưởng (fantasy)	https://blogger.googleusercontent.com/img/b/R29vZ2xl/AVvXsEg5cVTS8jws7l8cpghTNjEsLV7KZiAMIac6WNbww_0o_kimztvmkafPp8Zb7pP_8MrcFLw6qwlRLguE6G5gJD_iBp4wyFRzTsvSXJ9lBk-LMUeiOA5sCaSCas4No-fT5k67PuuS9DbJjkmp/s200/thumbnail_fantasy_dragon.jpg	いろいろな色のドラゴンのイラスト
word	SF	khoa học viễn tưởng	https://blogger.googleusercontent.com/img/b/R29vZ2xl/AVvXsEg6gkb_wfiYphbEHLOAjJlkPx3vF_LPcoG5iWybtsqpVW4nJ1TSK6GqlwPpKUleS9IAc4RXzi8zW-_vqWZymo_iIuyRMLxtom9UADNgXurSC_wCrhnlt1zES10zjhcaUkF3jpQdzzQ3mUE/s200/alien_ufo.png	UFOのイラスト
word	マンガ	truyện tranh (manga)	https://blogger.googleusercontent.com/img/b/R29vZ2xl/AVvXsEgIi_cZ93NAISV2ZaA0OI8PahTTibBjMfCkC2RyJjDudgqx49jXpoRV4HYjZki7Hf5z3bndZN73LR-IyNUzAY81IVUNdtqOlLhgup-7jC9cInyDjaEK9hlC4utkWHOJhDbhiAL1Y0Bm6tY/s200/manga.png	漫画本のイラスト
word	アニメ	phim hoạt hình	https://blogger.googleusercontent.com/img/b/R29vZ2xl/AVvXsEjs7S31wJOEADwnPe5TB1LWCgtwPu3FYPDSDnwTATX_r2XCM4bb27hgeZ6sPSH0RyHuTGwF1PwynzGUrQXlZZDl6h5DXhpOlXrWOI26m8g4Akryo7B21Th36pcCBvHZvdNGI7PwuF7p74XZ/s200/building_anime_shop.png	アニメショップのイラスト
word	ほんを よみます。	Đọc sách.	https://blogger.googleusercontent.com/img/b/R29vZ2xl/AVvXsEjx8qB1YbSnpbh6fkmW-JJBe0qhgBr5vooZ74QL6-vyu9g9QbBN2ehn62VGEAHFX5lRFK1XfQQ60I0yX_KENSAyuyKuXzi3I4ct30KoBLT_YczfSbKOc22qz91ekv8VYv2hWJGkGlkZhcU/s200/reading_boy.png	読書のイラスト「男の子と本」
word	えいがを みます。	Xem phim.	https://blogger.googleusercontent.com/img/b/R29vZ2xl/AVvXsEhSVnPaKt7WsXHRPkGpLD2Y5kDHtYg5mqgV8mmcu_pEMCQy6p45-w4bHBfOxeXo9La4SmuOLsLJ0nGyO8aJmjfgMh903mSgP_vvcyQFsr74D8QBHENhSK71OjaHNQ2xiMt8KgOKAjRN0m1F/s200/kandou_movie_eigakan.png	映画館のイラスト
word	おんがくを ききます。	Nghe nhạc.	https://blogger.googleusercontent.com/img/b/R29vZ2xl/AVvXsEgTh0oZc_8cAu8G2L_q_O3eURAbkdF7NjclY5MB-caEd8g6Bvlo4MQGA3vP4EL5-1iPFtBvfqNXSWzy8bSrnXyOAxYHpQaUk0ZRsouhk36VHGeKA2AfHKV8itVVjfCFUql9SEc32NG5GHN8/s200/music_headphone_woman.png	ヘッドホンで音楽を聞く人のイラスト（女性）
word	ゆっくりします。	Thư giãn, nghỉ ngơi thong thả.	https://blogger.googleusercontent.com/img/b/R29vZ2xl/AVvXsEg_Yn1nZOmOFT_oQgkL95mOi3Lb4UAmtilLhu57fRUkT4XI-40cE8idHMeEFoMSrw-qSd7up1zUne3-tNHf13d6Qpav0d-H030xDbiYF9kzAn8ANbvJsXLnZqHepLzqa8n31rgfdHQru4iK/s200/thumbnail_pose_relax.jpg	リラックスして座る人のイラスト（若者）
word	スポーツを します。	Chơi thể thao.	https://blogger.googleusercontent.com/img/b/R29vZ2xl/AVvXsEgMMiR3gMcPUYfCloOLX9AWZMnrNNNNDNlSy-7zeUmkVpt_HBam3kKu363DhVhz2wEqOQ72M2FRLiksBMlAL2mPy9I0Y0cqMyYhlVZkEIrHUccLgC0fpPkNjmxofkrBUkquXH750VwF0kZr/s200/thumbnail_kakedasu_sports.jpg	いろいろな走る人たちのイラスト（スポーツ）
word	えを かきます。	Vẽ tranh.	https://blogger.googleusercontent.com/img/b/R29vZ2xl/AVvXsEgUiFbevscOwIUoSrRoIcrFFFxahllX8ZOM3xBJmdIswyA3ZRo4FHOWncWrEna-YPVMir0o1WAbxXYIDP0jDAtkYsw7H1c0_3vPVORQQTYLbdKk15oo-etyEBdvLJJ_XwJphyDe4dsiz87z/s200/thumbnail_tablet_oekaki_woman.jpg	タブレットで絵を描く人のイラスト（女性）
word	さんぽを します。	Đi dạo.	https://blogger.googleusercontent.com/img/b/R29vZ2xl/AVvXsEhDJrQsdlJpSslNtOtP2kiAVhrvxVmRLE2XviWGF1a8pLOHpExPUPbOM5TDOiJqRjBTzgJqpSuY3A18LxcZxKthlCJXWDSK717LSiQkNHFH8hYpomWVlX0YgRbtX5XIqq8gMKrEimqPdWY/s200/pet_dog_sanpo_yugata_woman.png	夕方の犬の散歩のイラスト（女性）
word	しゃしんを とります。	Chụp ảnh.	https://blogger.googleusercontent.com/img/b/R29vZ2xl/AVvXsEhKCHxIRqOsV5fcPFlUXTZmO_Rxu3o9zYGELkXCkuU3H6WKDdriBCi4fpc8DkiPPkKFj9iaesnP2eZ-vvFBJAEezGTsNg2SxWvJM07PQaKOhU3BmingNMYAeJCXT725HQQv5kRZJXA4w31g/s200/thumbnail_smartphone_photo_man.jpg	スマートフォンで写真を撮る人のイラスト（男性）
word	にほんの えいが	phim Nhật Bản	https://blogger.googleusercontent.com/img/b/R29vZ2xl/AVvXsEhSVnPaKt7WsXHRPkGpLD2Y5kDHtYg5mqgV8mmcu_pEMCQy6p45-w4bHBfOxeXo9La4SmuOLsLJ0nGyO8aJmjfgMh903mSgP_vvcyQFsr74D8QBHENhSK71OjaHNQ2xiMt8KgOKAjRN0m1F/s200/kandou_movie_eigakan.png	映画館のイラスト
word	にほんの まつり	lễ hội Nhật Bản	https://blogger.googleusercontent.com/img/b/R29vZ2xl/AVvXsEhpdeTUQHhSEjd7jE7otXkGsOjpEqStXMlV_sUoKPJDnq7q1XVOBxwY7IwRmYvJqCpxeJ_uJSTbViyINaPEwaoiTuKvdV63S2N_QL_aT5aqm4tZ8cVUTeObkTImmluy_lJtFQl8IZ9SaRw/s200/dance_yosakoi_man.png	よさこい祭りで踊る人のイラスト（男性）
word	たいこの コンサート	buổi biểu diễn trống taiko	https://blogger.googleusercontent.com/img/b/R29vZ2xl/AVvXsEiugD1rsW0fv0Zalt0NhqLQSgS0nk9CE9jkMpa_vOpwmR0IEZbz8OzpD5Dvd43BrjqTlZLkptBfCGQF9V1CWPBEzMIoQvJ4LYp_Fd29o08i_3vRva25ZTSE8irzm-KaYKuJhRCHXM7lZ0EP/s200/thumbnail_music_oodaiko.jpg	大太鼓のイラスト
word	かぶき	kịch kabuki	https://blogger.googleusercontent.com/img/b/R29vZ2xl/AVvXsEhE4pXgndQlvD58C9LBQkjc0khRza6Cfm7kTSnIhrtRu6TxqL4uHIFNfYqhr-PhrzgUO1_fvZV78Np9yLwTTyBkEADFdKdP1s4SVVRdBRSN0dQqhNwR8IhAu9EriJfEOWlu7LLEkIxXwWhA/s200/japan_kabuki.png	歌舞伎のイラスト
word	すもう	đấu vật sumo	https://blogger.googleusercontent.com/img/b/R29vZ2xl/AVvXsEgD2CcbamsWuqSoqH9th5Oxq6fKXVEDWKf6fXPEVtrnajH630SSKz99TJUn2RAk0Ps32wednZ_olMYmfJoWiqIYlXa0xvZbSA7UTmGcXvLFIwFLjbwSB5aMMISMi2yCUK4uK7tsqpZg3C4P/s200/thumbnail_kodomo_sumou2.jpg	いろいろな子供相撲のイラスト
word	はなびたいかい	đại hội bắn pháo hoa	https://blogger.googleusercontent.com/img/b/R29vZ2xl/AVvXsEgtBb6_9xgWCcTOcy5rkevevJhNhhh3ekD0KuLML6IFXWXqu7C-yrubBT46aOAhM2qvHbAjcUwLEhtxviTypou_yqbIquoq9f7WiWxGu1QxF1zMIjw85gDhN3Wkp-X_ZvxLc8b42JtEONDC/s200/hanabi_animal.png	花火のイラスト「ウサギとクマの花火大会」
word	まつり	lễ hội	https://blogger.googleusercontent.com/img/b/R29vZ2xl/AVvXsEhpdeTUQHhSEjd7jE7otXkGsOjpEqStXMlV_sUoKPJDnq7q1XVOBxwY7IwRmYvJqCpxeJ_uJSTbViyINaPEwaoiTuKvdV63S2N_QL_aT5aqm4tZ8cVUTeObkTImmluy_lJtFQl8IZ9SaRw/s200/dance_yosakoi_man.png	よさこい祭りで踊る人のイラスト（男性）
word	コンサート	buổi hòa nhạc	https://blogger.googleusercontent.com/img/b/R29vZ2xl/AVvXsEjHaZfC-QZslgOffwnPF4vte6aF5p1Cldj-oCJjj4n2PRynEyn52NmWo087oMbotF-_lf3vEpx2eM0_on1vgkmQhIy8Gj2OTR5JHkHFiUJ3KLlQG55eBZzE69I-f4V57ADjxUmy5PbRFoep/s200/concert_mask_man.png	静かにコンサートを観る人のイラスト（男性）
word	じゅうどう	judo	https://blogger.googleusercontent.com/img/b/R29vZ2xl/AVvXsEhdsP60wYn0XxGkCupOwgdNS0WhzIjVuuBTW-bltywzxBwGSbzIURyzYtB5jmH1YVp8Yp7eRTLceotpmF94Ma0v01RK3QW1AL5Ep9ypfLLnvBexuGkKkUXK248GPies13QOP61ckAPVAdE/s200/sports_judo.png	柔道の組手のイラスト
word	とうきょうファッションショー	buổi trình diễn thời trang Tokyo	https://blogger.googleusercontent.com/img/b/R29vZ2xl/AVvXsEjIwjkkf1FGaXBTtN8jjKkPhjgxTT0isR8_dcNuD4QodyBvJF_dWJ30nnUn49HnmznzintIb5UQ8t8vU-aV6a8tLOYZUyiSBumpUvoovMrCfrYkJ5btyzwnbNryPZwKo-fCLDl1ZrW-AdN7/s200/fashion_show_woman.png	ファッションショーのイラスト（女性）
word	バイク	xe máy	https://blogger.googleusercontent.com/img/b/R29vZ2xl/AVvXsEhmLEQFa1-bwtYr1Pf2_TtiH5jSyY-hLW72Oi8ahq-RSqQlujO4TPvXz4vIugZIXampL_yGk1ReNEWTOPtEQfSQ3nSS0GTPkYJX4xCEhlE-ETT4yqW7CqLYv5EDdc4UjIMe3WIc0OittEwC/s200/bike_helmet_man.png	バイク・オートバイに乗った男性のイラスト
word	じてんしゃ	xe đạp	https://blogger.googleusercontent.com/img/b/R29vZ2xl/AVvXsEgDHD2D-GP9raeofzzmVVrhJoPc0nsKkzHdmc8KsP6vwukDSUVJytDUuAQtLGBB5XlxzC0Gs88dhOC5OMZ5vdjSFM3MvEecuIioNBOE0L1HuowjSQj0ot9XpFJMAv6BZ2RItLmY3tDGRO6S/s200/thumbnail_bicycle.jpg	いろいろな色の自転車のイラスト
word	あるいて いきます	đi bộ	https://blogger.googleusercontent.com/img/b/R29vZ2xl/AVvXsEjwvO63kSI5V93ffdyZvfRJhWTTDvRBwX509Ze5OQ4rPlqDKcWmZcHRRAxs0vl17dZU6mVXxDlKpZ_hMSl_CpUUHb2VXC0MH2y_4XL3Gkw24QBRwNuQ1ETiyITYL6qKZB6Y7wkJtNqUflux/s200/walking2_man.png	歩く男性のイラスト
word	バス	xe buýt	https://blogger.googleusercontent.com/img/b/R29vZ2xl/AVvXsEheI5WUIhm_OuWWeEG9woyGIH-4f-CLSDPxQJBulRfQre2YN5RCBcjmQ_XXQytN15XwP6daTDCfz-1_Hqk_wvEHPAxJPdv8R7Bcgt4x9di3WXDbmjAp5j8brvRTPIenLBh2LugnNnbr1jE/s200/thumbnail_car_bus.jpg	いろいろなバスのイラスト
word	タクシー	taxi	https://blogger.googleusercontent.com/img/b/R29vZ2xl/AVvXsEjY1bsYlRNfTeVNiWdeYd2RAMLnB0xTeF8VnFDcSISRFPFP38_Thb5jfDOD3MGIRCLD-QNjvhHMiRCxI4Ok8AQR1i5sKxr63kjxQtH21mAw9VxUdx-rJc4hdATe3MjttLoovpXUqBwd8YXa/s200/car_taxi2.png	タクシーのイラスト（車）
word	でんしゃ	tàu điện	https://blogger.googleusercontent.com/img/b/R29vZ2xl/AVvXsEh9qdbUos1ajOk_MKj_SQ_vbE0Bt6xD0lsN40NSAoJjyAtP71w5nJ-LnghcjaZGltsRK9GGfR1JKopC1Rvvc39F3NKxkz8zgxlth-i9p5OsY-OArpPa2YId6Jnzils1v93HlVdYo-H2z9e4/s200/train1_red.png	いろいろな色の電車のイラスト
word	ちかてつ	tàu điện ngầm	https://blogger.googleusercontent.com/img/b/R29vZ2xl/AVvXsEgmIPnC2r7zAk4Ri-GbrPK0N1MUxqQUJfnTgqUgh2FzYtBvYK99lyGcCB9PQpgcVvLsZqudOhCVM1Rbo7q07HEufowzqMb3rr9PF_H6RHVg_iGZRVT5Vah7JJC5_RW7V2Zb_OPztQdInTPC/s200/train_chikatetsu.png	地下鉄のイラスト
word	くうこう	sân bay	https://blogger.googleusercontent.com/img/b/R29vZ2xl/AVvXsEjcpldGqjPcqVx3ZmRXyKzQMAfnQMjxbyNJ5SGyQ9xZMN5goyrP79zXeMGmY_4ZDjfSmcP7ZY_UgFCnsK4vgLHjHMClznKfv1Ifr5NbpxJ5gNfV4khoZ_xPVCKGr9T52gh02Y7bpEk2HxtH/s200/kuukou.png	空港・飛行場のイラスト
word	とうきょうタワー	Tháp Tokyo	https://blogger.googleusercontent.com/img/b/R29vZ2xl/AVvXsEhjGQMyXncH8vLJWK8WDLZVfgt_24ioLoq-U8US1M25AtnPxLw_GhbWjHZo6UqyLzU61dx-zRAxY97-wR-OSzJRucScadRmFcQ9E8vxNA8KzwGO-uTVLxk8bMgRaJ6XBGjiJCozx4ZDn1U/s200/thumbnail_landmark_tower_tokyo.jpg	東京タワーのイラスト
word	さくらこうえん	công viên Sakura	https://blogger.googleusercontent.com/img/b/R29vZ2xl/AVvXsEg7OSeLfbMjDZUh54Iox-iU4xqW-FbAAWVV816S_yXuq7D9iM64j3V-fWMkuonwT56EzW9ZmZZmC0dN-3POCZB-UBll5vUkmfBHD2U3-a8H8FmhFuf2YFusdD3XMXobckP4c59VhMTuZ2vL/s200/kouen_oyako.png	公園で遊ぶ親子のイラスト
word	みどりびょういん	bệnh viện Midori	https://blogger.googleusercontent.com/img/b/R29vZ2xl/AVvXsEg21QQFt6rZrD0bJVNUNiNJOeDZj9_dIMYKGg_gVQ5dBFpSTw2uajVMbHkbJgysC1TN_Oaex-Pxl49yHv4Z8n_vmNagh-_2BKuP9Kd932UvR3yMEmja70ZBmjirlvrf8HNx9WQCsaqqdNM/s200/medical_kojin_byouin.png	個人病院・診療所のイラスト
word	(しゃしん) でんしゃ	(ảnh) tàu điện	https://blogger.googleusercontent.com/img/b/R29vZ2xl/AVvXsEh9qdbUos1ajOk_MKj_SQ_vbE0Bt6xD0lsN40NSAoJjyAtP71w5nJ-LnghcjaZGltsRK9GGfR1JKopC1Rvvc39F3NKxkz8zgxlth-i9p5OsY-OArpPa2YId6Jnzils1v93HlVdYo-H2z9e4/s200/train1_red.png	いろいろな色の電車のイラスト
word	(しゃしん) タクシー	(ảnh) taxi	https://blogger.googleusercontent.com/img/b/R29vZ2xl/AVvXsEjY1bsYlRNfTeVNiWdeYd2RAMLnB0xTeF8VnFDcSISRFPFP38_Thb5jfDOD3MGIRCLD-QNjvhHMiRCxI4Ok8AQR1i5sKxr63kjxQtH21mAw9VxUdx-rJc4hdATe3MjttLoovpXUqBwd8YXa/s200/car_taxi2.png	タクシーのイラスト（車）
word	(しゃしん) ちかてつ	(ảnh) tàu điện ngầm	https://blogger.googleusercontent.com/img/b/R29vZ2xl/AVvXsEgmIPnC2r7zAk4Ri-GbrPK0N1MUxqQUJfnTgqUgh2FzYtBvYK99lyGcCB9PQpgcVvLsZqudOhCVM1Rbo7q07HEufowzqMb3rr9PF_H6RHVg_iGZRVT5Vah7JJC5_RW7V2Zb_OPztQdInTPC/s200/train_chikatetsu.png	地下鉄のイラスト
word	(しゃしん) バス	(ảnh) xe buýt	https://blogger.googleusercontent.com/img/b/R29vZ2xl/AVvXsEheI5WUIhm_OuWWeEG9woyGIH-4f-CLSDPxQJBulRfQre2YN5RCBcjmQ_XXQytN15XwP6daTDCfz-1_Hqk_wvEHPAxJPdv8R7Bcgt4x9di3WXDbmjAp5j8brvRTPIenLBh2LugnNnbr1jE/s200/thumbnail_car_bus.jpg	いろいろなバスのイラスト
word	らくです	Thoải mái, nhàn	https://blogger.googleusercontent.com/img/b/R29vZ2xl/AVvXsEigxk8TfRDCX2MUnn4aXoMpVViX3Y0uxc4rYzNwTP1tT5OuVApLyJB9ttljfLcysQHhQ9DDzaDQmT29ByGzNoCxaGwNZJa39f2hJ1v1OZTiStjFd9r-0DNBelQwIu4WNpIog0uqdwhSzchB/s200/thumbnail_pose_relax_old.jpg	リラックスして座る人のイラスト（高齢者）
word	べんりです	Tiện lợi	https://blogger.googleusercontent.com/img/b/R29vZ2xl/AVvXsEiBxdQfPTlCnkN7jbARhgvm9ZLCzvcB3CA4Flv2FNjXDpLiox0QYVWll3viDHc13MqoTTlCesBNpcgiQxnoYTiOLAVyDzLVUFuuOUVrJpVtWoLnms6OVtb9NS7cZ4lVDNoTgTWdB_M_pGp1/s200/ok_man.png	OKサインを出す人のイラスト（男性）
word	あるいて	đi bộ	https://blogger.googleusercontent.com/img/b/R29vZ2xl/AVvXsEjwvO63kSI5V93ffdyZvfRJhWTTDvRBwX509Ze5OQ4rPlqDKcWmZcHRRAxs0vl17dZU6mVXxDlKpZ_hMSl_CpUUHb2VXC0MH2y_4XL3Gkw24QBRwNuQ1ETiyITYL6qKZB6Y7wkJtNqUflux/s200/walking2_man.png	歩く男性のイラスト
word	ゆうめいな おてら	ngôi chùa nổi tiếng	https://blogger.googleusercontent.com/img/b/R29vZ2xl/AVvXsEiNiH39_fhZhuVwWRJdgjIiOGOYibDQTQJwGrXFZZ1geQNQEZhBy_y8G6mjMPxoAt4zezPZezlaayQyiYv32mtc-XD8xCTwe45ypQhNrczkgMc06WxHN4gnAS51SLL369ne-Myk3wLzqNY/s200/building_tera.png	お寺のイラスト
word	ふるい じんじゃ	đền thần đạo cổ	https://blogger.googleusercontent.com/img/b/R29vZ2xl/AVvXsEiT09nWlzz712hdkfvR9cCGmMG3V-sR845D9wKP8R4A4IWEomVvVl1vxwuKb1kmaEdjdzohCjV1OjO7V9MwKmFM9NumlK7eD4DNrCONf-v-BmiKoxRwIK3ibfxRvLe0sUvzvEsilm8Juvw/s200/tatemono_jinja.png	神社のイラスト
word	たかい ビル	tòa nhà cao	https://blogger.googleusercontent.com/img/b/R29vZ2xl/AVvXsEhdeM-DbHmiPEnEgbSKrvunOAjOAVPXg0IIaLBjuMKFw6eznLXpUPDDeez-b5LqrpRfcEqG8Q-py5Um3jwdVO3XFmJ_WqJQpKM6D1wHT7A9UGocQ3xpCUn85OXLG4o8NkjLfOO5u0ujvV10/s200/kousou_building.png	高層ビルのイラスト
word	あたらしい ホテル	khách sạn mới	https://blogger.googleusercontent.com/img/b/R29vZ2xl/AVvXsEgQzqUnPxM-o8Ea0ORxS8LE1i8LmQngrNnOJL8cHQObsXWD8F-DTfsTs_R_kZESE7vIMeak0vy8w1yJBGgLAEvYVAbVxG3A9m6vWti2PNylDJZCYFduEX13Z-53oSvjCfr3x5-1qLktosbu/s200/building_hotel.png	ホテルのイラスト
word	にぎやかな とおり	con phố náo nhiệt	https://blogger.googleusercontent.com/img/b/R29vZ2xl/AVvXsEgiso_yodRw5I8xO45hw1fUa1hUO2MBeJLjoE1FucI9ulglKSAiAVaSSb3M1u4e1uGZhSE0scTe9IgcmNtWTd6h3nNkz-4xAHujL4qXwBcyew9F9Uh9TwgIsygOO4XuemH2ZGPZGU4tWYxh/s200/music_hikigatari_rojou_live_man.png	路上ライブのイラスト（男性）
word	ちいさい みせ	cửa hàng nhỏ	https://blogger.googleusercontent.com/img/b/R29vZ2xl/AVvXsEjqtbCpxGhN2UQI6ByH3JUvb2EMNW0uSew1onH7DEo2X_Af7wpDYqHIgevP__XOaPJVBIbVcZAIHI1_XY2JNjDlTAB0gdSDbNK95JrxNH91Jan963WI3eku-3I0-XtbBYOxDEu3YyQH2Ic/s200/omise_shop_tatemono.png	お店の建物のイラスト
word	おおきい ぎんこう	ngân hàng lớn	https://blogger.googleusercontent.com/img/b/R29vZ2xl/AVvXsEgAOAlWmcJBZiT4PHKkNUE_E6sAcEShBaMhyZ0ksOhftNY0KSohfh6cTgajHx5iL6RdhjNL9RUFhbAJJpUC2cXYySCjLJc9qOqQ_tiG1MAQJ7OHocMWnt4ETES1mYcMlNHmLnCG5jYINqk/s200/tatemono_bank_money.png	銀行のイラスト（お金）
word	まっすぐ いきます／まっすぐ いって ください	đi thẳng / xin hãy đi thẳng	https://blogger.googleusercontent.com/img/b/R29vZ2xl/AVvXsEi8jviln7SB72B9O2bBxfOXJw9c5kuEUuWBq4d6Uw9pvnYmTnM3Q0cUGA1i-lo9Fx16lQHWHE1Flf1bzvvsDATYt7z_bHAOzjUr9db0HEk1zsiI_VB8JMwEd3Rc5rFFE-BNcPJohEObOBgZ/s200/thumbnail_arrow.jpg	いろいろな矢印のイラスト
word	みぎに いきます／みぎに いって ください	rẽ phải / xin hãy rẽ phải	https://blogger.googleusercontent.com/img/b/R29vZ2xl/AVvXsEhpx9gLyG0VZ2S1bJj2LGi-cKfEH8RnVxq8d3ZqF-7YhL2hke3YxKzhAfufF6aW55hSBLpiLS6x7UWq11KlxdToW9L169ZM76vDQ9D8_XSxD70B7qCsgdQJeDvF5Qq7ViU2dSjH8dAWZ3c/s200/thumbnail_yajirushi.jpg	いろいろな矢印のイラスト
word	ひだりに いきます／ひだりに いって ください	rẽ trái / xin hãy rẽ trái	https://blogger.googleusercontent.com/img/b/R29vZ2xl/AVvXsEhpx9gLyG0VZ2S1bJj2LGi-cKfEH8RnVxq8d3ZqF-7YhL2hke3YxKzhAfufF6aW55hSBLpiLS6x7UWq11KlxdToW9L169ZM76vDQ9D8_XSxD70B7qCsgdQJeDvF5Qq7ViU2dSjH8dAWZ3c/s200/thumbnail_yajirushi.jpg	いろいろな矢印のイラスト
word	おてら	chùa	https://blogger.googleusercontent.com/img/b/R29vZ2xl/AVvXsEiNiH39_fhZhuVwWRJdgjIiOGOYibDQTQJwGrXFZZ1geQNQEZhBy_y8G6mjMPxoAt4zezPZezlaayQyiYv32mtc-XD8xCTwe45ypQhNrczkgMc06WxHN4gnAS51SLL369ne-Myk3wLzqNY/s200/building_tera.png	お寺のイラスト
word	デパート	trung tâm thương mại	https://blogger.googleusercontent.com/img/b/R29vZ2xl/AVvXsEhzaTx41HBmO0ziX-qETTU_GbBfHRUjqoLwSN2MqEbcMQG6R7xpY8Rm2ImyeXgLJwzE1WXlehLijmGHrW6-1wNW-x32whL6YLRZ6JCMfwrU4dKNvMTeY5LksZJQczIUJsyXHgr7SbmvKRs/s200/tatemono_department_store.png	デパート・百貨店のイラスト
word	ホテル	khách sạn	https://blogger.googleusercontent.com/img/b/R29vZ2xl/AVvXsEihm7mWjLDYYE0A_FVekW9RnS10iwgYGCJ9bY0G9e9M_AyAh11CSlPDgnLGUDrwzs6jryahMA-zke4bQqPEZSwVMPPh-JU7h4mZbHC_w0V2ORkYlfUZgkl32UwjpfX1WWTiucViyt6tCrE/s200/building_hotel_small.png	ホテルのイラスト（小）
word	なか	bên trong	https://blogger.googleusercontent.com/img/b/R29vZ2xl/AVvXsEh8L-sicWoqrUM1aFIo01ffGjn_BujCMUxasLqw9vEwNLy_zNjfEtbX-y5R2woBGTTsTmjh-Yq9tqDDk3-g1xsC0zgt8M_AGj1vu_DMPr5FsUl9nkFyHQeBkH6I8gnN9uDpp2Q1KJzVu8M4/s200/thumbnail_position.jpg	「上下左右中」を表すイラスト
word	となり	bên cạnh	https://blogger.googleusercontent.com/img/b/R29vZ2xl/AVvXsEiWFlWVQJvRBZhiSdE7g7A3X-PdYXArgHQEfAhfkFIaNXVF_XsrAdVFnhX6CfIAui7AZDbN9sR6j2DBqkBqsPBKtw7fxW6E-3sft8DalRkZ4rvGJk2ymmydaZUSW0RxSorTi_VGxbFLxaE1/s200/business_katakumi.png	肩を組んでいる会社員のイラスト
word	はしおき	đồ gác đũa (kê đầu đũa)	https://blogger.googleusercontent.com/img/b/R29vZ2xl/AVvXsEisR9TFGDqvuCVnYZZgR21kprQd0aRAYvCU_B5fywvWgdZsXZb89x9BZpVQuIYkESRm858BgWVfQsbnTIJeKT2InZ9KcK5NbHgOviv6xzdtg5oG0jH04X0vFVFofwyAj7Fzr3fSPlSjfCc/s200/hashioki.png	箸置きのイラスト
word	しゅりけん	phi tiêu ninja	https://blogger.googleusercontent.com/img/b/R29vZ2xl/AVvXsEgtJVhuXIUzgKBBBummlv7DX0JPmnDvmFHDO5arGvR0S-SkiN7aNNlIjjMgE4yFuE7rPhT3FRhKBTXewB6xz7LaMgf2eKvTtawXe-OB_ASDRE-RSe1swcMRrnO_vSgtROujAD_34vUVrFTd/s200/thumbnail_syuriken.jpg	いろいろな手裏剣のイラスト（忍具）
word	みみかき	que ngoáy tai	https://blogger.googleusercontent.com/img/b/R29vZ2xl/AVvXsEiDgg9YAFqpzH3jwsCPJLEXLlOkGXwzGHtezx5hFdl-VmIg4Oqpa_ZkseCUX2whvSNUIwsHc2wzYkefFxMFQiVBzle_eL9k7M4L1tcvv70oDUhCenM2y0S0b2Tb9a80joPoCA-xOvN-hbb3/s200/mimikaki.png	耳かきのイラスト
word	かわいい ハンカチ	khăn tay dễ thương	https://blogger.googleusercontent.com/img/b/R29vZ2xl/AVvXsEj46aKFbk3qXCzj2wXWPXmBaQW2glwrxfI2LM5eDd-nZWb6wMauWW8ych8nwQ2QtXnuxgRVjRdhEnYa2cMK_PrWM69RltI3Aq9BGmlbCBQRbaS3cx44WHmofS3lPsiDW0saOuL_mIdsh9mC/s200/thumbnail_fashion_handkerchief.jpg	ハンカチのイラスト（青・白）
word	にほんてきな えはがき	bưu thiếp tranh mang phong cách Nhật	https://blogger.googleusercontent.com/img/b/R29vZ2xl/AVvXsEjU6IAZyfG01KaS0dUTlvi-30zyvBbNGktYDy88hzPcjGgo7XTtqTLxbwjcC6Vaghlv8a3Xl7CCwM6Pi0bobE9abavRxPUEtOrrOi-BXV7Jr46wlRqDiM-QVi8fzF1bQncpXASepirvAKY/s200/hagaki_1mai.png	年賀はがきのイラスト
word	おもしろい Tシャツ	áo phông độc đáo, vui nhộn	https://blogger.googleusercontent.com/img/b/R29vZ2xl/AVvXsEju1GN4kRSwOCSyMLAMCXjORn8YGnFtagX8sIwYRJWxF1OE3yWZ2PL9ajuLcfGKKqlKM5Yvkl_Aptidl7beC1IZWqWAO-l-VbYOe8lo_lWdiSs2dsdOxLjFsPXbiMRgXJxfWZmASyONLCE/s200/thumbnail_fashion_tshirt.jpg	いろいろな色のTシャツのイラスト
word	おしゃれな かさ	chiếc ô thời trang	https://blogger.googleusercontent.com/img/b/R29vZ2xl/AVvXsEh0_iA1UbaEJEIrZQt26MvVrvS3Sjf3FxgyqzXsErolMmf7_Qlvr52JZ7V0baT0da-Ew50KOKwN4QkX6Ib2ACNdukVdg73EtrChtpI0sIsKeM4RWLtT2j6JBJq1ZDc_GuA7OqnFpAYJdjsK/s200/thumbnail_rain_kasa.jpg	いろいろな傘のイラスト
word	かっこいい とけい	đồng hồ đẹp, sành điệu	https://blogger.googleusercontent.com/img/b/R29vZ2xl/AVvXsEjNsBBAqklKn29xvBRTA8o6VK9JE1j62dPb5IvWfUoXUjyDKZQhWiTNZ7ZVjv_OSAHXMwjOLIwoJ8eZGHXO7gjQuhfraMqJ-4v_Ie4h46qaHg-l5SUauBC3FpDtM4Ys3LNl0-DVO78uCOL6/s200/thumbnail_watch_face.jpg	いろいろな腕時計のイラスト
word	わたし（カーラ）	bản thân tôi (Carla)	https://blogger.googleusercontent.com/img/b/R29vZ2xl/AVvXsEgXxxFRiRbyIK9V6a2gY2zwrI7S7fxUOaF4aWB3kv12lOs1R_NRD7dzlyz263M-_nmiba2PTBZtEhYsLbgyxNOj07VdKg2GqjJbUnD5KUGEkmxzYS7RMSr0LNBkJ3ZKBTLiOP8rA8i5GOEg/s200/jikosyoukai_woman.png	自己紹介のイラスト（女性）
word	あねと いもうと	chị gái và em gái	https://blogger.googleusercontent.com/img/b/R29vZ2xl/AVvXsEiYQxf5gU-yDJHxgjCS9IywQutKOSOS6mevosbgL2eTTb1rnXO7PBcBdDEjVqKJHLGJWHxkYmY0EVIqUlGAmMjHUqAG3BfpodKtUGO7J_xgcd3g5pJwRxW9Y0PgB_9eO0_hvKBO2rhiXP4/s200/family_shimai.png	姉と妹のイラスト
word	はは	mẹ (mẹ mình)	https://blogger.googleusercontent.com/img/b/R29vZ2xl/AVvXsEjrI7OLzkWV12P9nAnvLO0QtgUvtY4p0imLRBcMP2uV4c1bkKDc25RpVvVQep_yzoNSiK2mFPtlbGEfOuSiNqlZH6Um8nlCfctatU_sPI62c_WCyr1aZFAjELQXP9gOcz_hiQDR0xUdrGZP/s200/hahanohi_present.png	母の日のイラスト「お母さんにプレゼント」
word	あねの こども	con của chị gái	https://blogger.googleusercontent.com/img/b/R29vZ2xl/AVvXsEgrKRD15AMy9ngGTEObZENZpApSRuw3WJn-AaGzXNsoEKZXIrg8-UD5u40pyQUEBNH_PNNps29-5ig2erU4FXxHJMgo65v3hdA3Th2CRDZHb0hpYjm8GsYhXQ_VKanNYR5ebRW95CjrJ1_n/s200/thumbnail_banzai_kids.jpg	バンザイをしている子供たちのイラスト（バラバラ）
word	ともだち	bạn bè	https://blogger.googleusercontent.com/img/b/R29vZ2xl/AVvXsEiyoZDT3nZsPLnMuXQpL06NAsnjJ9a2TMybv6tZ1GOjc-KbiYUodXbcqiduY9pXOXIlLAXqFhOso_nQX1KL6lIsSYj-HS856HlmOjGK-2c2wJCDgx8nj1EcePawY50DNBiseFF2k_j4N3U/s200/friends_boys.png	友達のイラスト「男・肩組み」
word	ハンカチ	khăn tay	https://blogger.googleusercontent.com/img/b/R29vZ2xl/AVvXsEj46aKFbk3qXCzj2wXWPXmBaQW2glwrxfI2LM5eDd-nZWb6wMauWW8ych8nwQ2QtXnuxgRVjRdhEnYa2cMK_PrWM69RltI3Aq9BGmlbCBQRbaS3cx44WHmofS3lPsiDW0saOuL_mIdsh9mC/s200/thumbnail_fashion_handkerchief.jpg	ハンカチのイラスト（青・白）
word	Tシャツ	áo phông	https://blogger.googleusercontent.com/img/b/R29vZ2xl/AVvXsEju1GN4kRSwOCSyMLAMCXjORn8YGnFtagX8sIwYRJWxF1OE3yWZ2PL9ajuLcfGKKqlKM5Yvkl_Aptidl7beC1IZWqWAO-l-VbYOe8lo_lWdiSs2dsdOxLjFsPXbiMRgXJxfWZmASyONLCE/s200/thumbnail_fashion_tshirt.jpg	いろいろな色のTシャツのイラスト
word	かさ	ô, dù	https://blogger.googleusercontent.com/img/b/R29vZ2xl/AVvXsEh0_iA1UbaEJEIrZQt26MvVrvS3Sjf3FxgyqzXsErolMmf7_Qlvr52JZ7V0baT0da-Ew50KOKwN4QkX6Ib2ACNdukVdg73EtrChtpI0sIsKeM4RWLtT2j6JBJq1ZDc_GuA7OqnFpAYJdjsK/s200/thumbnail_rain_kasa.jpg	いろいろな傘のイラスト
word	あさくさ	Asakusa	https://blogger.googleusercontent.com/img/b/R29vZ2xl/AVvXsEjzZ4-81BnkefLV7Dy7U2ZfH5iK2n4SV0fJ85EWsWmcjTZBywOe3MUOE6rLpHnR_SQjOoh8TidvXey8EcODlUdBIGQ2kXzrqsYHdw2ZErbPictutL0IYMRTLnFzRkN1SissuwoFMH3gzQ2S/s200/kankou_kaminarimon.png	雷門のイラスト
word	あきはばら	Akihabara	https://blogger.googleusercontent.com/img/b/R29vZ2xl/AVvXsEihRl3k2DRClYSlbJVpa5jHj4vwdwUKikNjE9qVgfwZxoVGjr7hwqUNOzrcGMHw8jfGEgNz0aVLQ7Y3xk92qnXXoY3ysmYIyeRCg_LFc7wfCLvq-B5TN2Jh1kjb3DEimqzcIjgYhE8TP3sh/s200/landmark_kanda_myoujin.png	神田明神のイラスト
word	しぶや	Shibuya	https://blogger.googleusercontent.com/img/b/R29vZ2xl/AVvXsEhFgFEL9I-q8_TxUuSDtRv_bn4jQPk-5sfX0aSH0IrUJmejLG3QlRscA_P1YdtF5TPfV7W-LWjhh5xs87TvJKSCRB27ZriDfONNCABR_vIoV56HOgqTtZs2YqxeeduajodilDHz02hXEvK7/s200/landmark_hachikou.png	忠犬ハチ公像のイラスト
word	はらじゅく	Harajuku	https://blogger.googleusercontent.com/img/b/R29vZ2xl/AVvXsEjdn6yif_BO0GFFI7Y4UW8hMUcdk7q7jXU6aZe60GliU7NAuJHNtwMb09d_3P9myO7ECx5gokPCcd8iZXel3BCPfAkCrhTvwWGniZhw8Ot-jDLjfCVIQR2mZ98C8I1FTLsZZgzcCP5CjQQl/s200/music_dance_sedai_takenokozoku.png	竹の子族のイラスト
word	パンツ	quần dài	https://blogger.googleusercontent.com/img/b/R29vZ2xl/AVvXsEgsYOuIh1xVIbq3XwaLa1Uj5SQYVPWtvS7c7AXs_ih3NZY-a3H1fpM76wKtkceOrQlOak_sLkX_Q87CEc6hkdj97_b65K_A2j8DLgAsLbbZIQ34t90sTlpaOPvYOS06Ng8ZjL2QkQ3Gx577/s200/cloth_pants.png	カラーパンツ・ズボン・ボトムスのイラスト
word	ジーンズ	quần bò, jeans	https://blogger.googleusercontent.com/img/b/R29vZ2xl/AVvXsEidCItYQcLXf0VaPwXFuQn7N8Ki9JCRn7dFJiTIAugwfXax6168Q76FaE0lTbc59I3FOc_PiSuUkLpBgb5YNrPvPhv0RI93lUwX0p5TpQMk19bQqCQk9wzxNNbtFMLE5-HMmoAshbAPlK32/s200/fashion_jeans.png	ジーパン・ジーンズ・デニムのイラスト
word	コート	áo khoác dài, áo măng tô	https://blogger.googleusercontent.com/img/b/R29vZ2xl/AVvXsEio97BNSjXVb3sS0QCfFX4rmetF7mtPzr4waenkDKmeSj12TGaxfhBmII09E2bPTlz1jF0cbwjZOoL_WUBbQ63vG-KnURlxq87VnjAP_J3b4pDN_GWq3OEvCWeOSUe32AuimPDzTGRJHzU/s200/fashion_chester_coat.png	チェスターコートのイラスト
word	スカート	chân váy	https://blogger.googleusercontent.com/img/b/R29vZ2xl/AVvXsEi1jGvaRojtgFpJy1sohlGqU7hWEIC0AmWjwQq30b2gkP7tn3a5SCwr7WtcILWYZAP1x89vWXjGzX5ZhydiKLtwhOt-xw6vbk2SM_vEPIUzi300mD3eJSvy_vw11jbprl4Snc1QgYNH25tQ/s200/thumbnail_fashion_skirt.jpg	いろいろなスカートのイラスト
word	ワンピース	váy liền	https://blogger.googleusercontent.com/img/b/R29vZ2xl/AVvXsEghU4X4ajXYvHsa6muY1lfNXeYRAKt9JAPWwabFvXJGMxKjx6VpV8HHH89BjyXSUhMj8U8b2NcoXSMsELmPfJ78ojOjphCJT0gJGE7tJ5LPSRWBXUF8DmgRFlaQk7pMJ7SD9xRW1HopKFva/s200/fashion_onepiece.png	ワンピースのイラスト
word	ジャケット	áo jacket, áo khoác ngắn	https://blogger.googleusercontent.com/img/b/R29vZ2xl/AVvXsEixZ33734X6odXk8hzN4Ij9fPxAQ0ciPTrFjU7rxZRJUcWxYKy3S4jqYzk0R22W7DIC7kE38ndB2Rpy0z4yJvbg3t66F6iNt7rcI_LuAD2Y83YzzrW5ZJpyo8azI324liWt5dq8lrO-8wvz/s200/fashion_jacket.png	女性用のジャケットのイラスト
word	バッグ	túi xách	https://blogger.googleusercontent.com/img/b/R29vZ2xl/AVvXsEjYAy3p6oNydqf_7d7fzgwuFGRG2ICXlW0gktqvjEALbl0I0UqFGNUPjPevLZRXTOqzVEQC2E_pWF3HqGAHP225fccnwIJEhGItYqj14h1Pvu8BsG-chGjJgt5fcWflLO2tEbf1lRvXn2g/s200/fashion_clutch_bag.png	クラッチバッグのイラスト
word	くつ	giày	https://blogger.googleusercontent.com/img/b/R29vZ2xl/AVvXsEgcPV2Xed3eLE-9URs0Vh04uv2lfwGkw3FFN0bmNModRRpU3TXKmCrJPg27LV0JK4r73CpwgNnJALgGo38XVR0XVDhPpBMZ7NxUtxnWGKtN0MQUXOWtuYIgC8dRZTGvcBzacl4hMA70ifkU/s200/thumbnail_shoes_side.jpg	いろいろな横から見た靴のイラスト
word	くつした	tất, vớ	https://blogger.googleusercontent.com/img/b/R29vZ2xl/AVvXsEgrX2v8MgAf-BVydorisoh-lgVNIcp-K5yCl9F5mcd7nta8__xI0TnQ0ITFNw6ObytOF_qG-vj7Q7mD6m230FI75L7blT0TRL3OWhpO4gOzuHpGNZGCkoAr7uf2FQw8FN50SDPT4kIbFPbc/s200/cloth_kutsushita.png	靴下のイラスト
word	スカート　¥2,900	chân váy – 2.900 yên	https://blogger.googleusercontent.com/img/b/R29vZ2xl/AVvXsEi1jGvaRojtgFpJy1sohlGqU7hWEIC0AmWjwQq30b2gkP7tn3a5SCwr7WtcILWYZAP1x89vWXjGzX5ZhydiKLtwhOt-xw6vbk2SM_vEPIUzi300mD3eJSvy_vw11jbprl4Snc1QgYNH25tQ/s200/thumbnail_fashion_skirt.jpg	いろいろなスカートのイラスト
word	シャツ　¥2,000	áo sơ mi – 2.000 yên	https://blogger.googleusercontent.com/img/b/R29vZ2xl/AVvXsEjcsY0r3xtJu34nyshDMkvNSPwMCZLYzJxAdfbo7VHFCEMwEXQuiepkqqMBKQJBRhqxaJqSfwdQH9UCEzEu0ykDrSt84DMahzeZualTVxZuggtiv_RD74Y9-oqIlACxgCC-P4Iyihdwke7u/s200/thumbnail_fashion_shirt.jpg	いろいろなシャツのイラスト
word	くつした　¥100	tất – 100 yên	https://blogger.googleusercontent.com/img/b/R29vZ2xl/AVvXsEgrX2v8MgAf-BVydorisoh-lgVNIcp-K5yCl9F5mcd7nta8__xI0TnQ0ITFNw6ObytOF_qG-vj7Q7mD6m230FI75L7blT0TRL3OWhpO4gOzuHpGNZGCkoAr7uf2FQw8FN50SDPT4kIbFPbc/s200/cloth_kutsushita.png	靴下のイラスト
word	コート　¥50,000	áo khoác – 50.000 yên	https://blogger.googleusercontent.com/img/b/R29vZ2xl/AVvXsEio97BNSjXVb3sS0QCfFX4rmetF7mtPzr4waenkDKmeSj12TGaxfhBmII09E2bPTlz1jF0cbwjZOoL_WUBbQ63vG-KnURlxq87VnjAP_J3b4pDN_GWq3OEvCWeOSUe32AuimPDzTGRJHzU/s200/fashion_chester_coat.png	チェスターコートのイラスト
word	くつ　¥2,900	giày cao gót – 2.900 yên	https://blogger.googleusercontent.com/img/b/R29vZ2xl/AVvXsEgcPV2Xed3eLE-9URs0Vh04uv2lfwGkw3FFN0bmNModRRpU3TXKmCrJPg27LV0JK4r73CpwgNnJALgGo38XVR0XVDhPpBMZ7NxUtxnWGKtN0MQUXOWtuYIgC8dRZTGvcBzacl4hMA70ifkU/s200/thumbnail_shoes_side.jpg	いろいろな横から見た靴のイラスト
word	スカート　¥1,900	chân váy dài – 1.900 yên	https://blogger.googleusercontent.com/img/b/R29vZ2xl/AVvXsEi1jGvaRojtgFpJy1sohlGqU7hWEIC0AmWjwQq30b2gkP7tn3a5SCwr7WtcILWYZAP1x89vWXjGzX5ZhydiKLtwhOt-xw6vbk2SM_vEPIUzi300mD3eJSvy_vw11jbprl4Snc1QgYNH25tQ/s200/thumbnail_fashion_skirt.jpg	いろいろなスカートのイラスト
word	シャツ　¥1,000	áo sơ mi – 1.000 yên	https://blogger.googleusercontent.com/img/b/R29vZ2xl/AVvXsEjcsY0r3xtJu34nyshDMkvNSPwMCZLYzJxAdfbo7VHFCEMwEXQuiepkqqMBKQJBRhqxaJqSfwdQH9UCEzEu0ykDrSt84DMahzeZualTVxZuggtiv_RD74Y9-oqIlACxgCC-P4Iyihdwke7u/s200/thumbnail_fashion_shirt.jpg	いろいろなシャツのイラスト
word	くつした　¥500	tất cao cổ – 500 yên	https://blogger.googleusercontent.com/img/b/R29vZ2xl/AVvXsEgrX2v8MgAf-BVydorisoh-lgVNIcp-K5yCl9F5mcd7nta8__xI0TnQ0ITFNw6ObytOF_qG-vj7Q7mD6m230FI75L7blT0TRL3OWhpO4gOzuHpGNZGCkoAr7uf2FQw8FN50SDPT4kIbFPbc/s200/cloth_kutsushita.png	靴下のイラスト
word	コート　¥15,000	áo khoác có mũ – 15.000 yên	https://blogger.googleusercontent.com/img/b/R29vZ2xl/AVvXsEio97BNSjXVb3sS0QCfFX4rmetF7mtPzr4waenkDKmeSj12TGaxfhBmII09E2bPTlz1jF0cbwjZOoL_WUBbQ63vG-KnURlxq87VnjAP_J3b4pDN_GWq3OEvCWeOSUe32AuimPDzTGRJHzU/s200/fashion_chester_coat.png	チェスターコートのイラスト
word	くつ　¥1,900	giày bệt – 1.900 yên	https://blogger.googleusercontent.com/img/b/R29vZ2xl/AVvXsEgcPV2Xed3eLE-9URs0Vh04uv2lfwGkw3FFN0bmNModRRpU3TXKmCrJPg27LV0JK4r73CpwgNnJALgGo38XVR0XVDhPpBMZ7NxUtxnWGKtN0MQUXOWtuYIgC8dRZTGvcBzacl4hMA70ifkU/s200/thumbnail_shoes_side.jpg	いろいろな横から見た靴のイラスト
word	あか	màu đỏ	https://blogger.googleusercontent.com/img/b/R29vZ2xl/AVvXsEhrm-xQcbuoV-6HKNzT_jK_AP6TVDhoRAaWNy8GIGGQPIe_NcyqC8If9lzULfRoeq5qZo35xe7yG2YSdHyfvpFshdeXv4zeqj7VFcpR47EX-tWvcgihqBSqXTIZ_YflG-QLk2221pQ8kEcv/s200/apple_kajiru.png	かじったリンゴのイラスト
word	くろ	màu đen	https://blogger.googleusercontent.com/img/b/R29vZ2xl/AVvXsEjZc8X7da_LUcDaZcREZym88MXDwWqu2FqUCwh-izguDEcCsxABKGbdDhwRs1COoKBypmc2HmbY-sgCSrIoliDHyqoRP8nBxu4qk4dE8ydP-20m4Q2vdX3qRF_vGSjYgBCS5tD3lQT38xfk/s200/shinju_necklace_kokuchou.png	黒真珠のネックレスのイラスト
word	オレンジ	màu cam	https://blogger.googleusercontent.com/img/b/R29vZ2xl/AVvXsEgq_eoN9nP7LgUxh2K-JGh2OYN-FpanztymNDq9RXFEnLZed8LZldlOAVeWjAdaFjd1896aKxGeOScicmN9mym7mEYNd8XGKa7OITkps7vqU0KYu3h9jWSsANDqRGVtGS-qn8jkT_2g-HYl/s200/fruit_orange.png	みかん・オレンジのイラスト（フルーツ）
word	あお	màu xanh dương	https://blogger.googleusercontent.com/img/b/R29vZ2xl/AVvXsEhONgSxTHipbFxixGnK5OuRGf7lz39jsVbAVoPHcRN0RL8W2v1j2x_E43lGew0eQcujlHF2wFOXpvtYbkjwvfn2tbmSycjpXGf67IHM8uKBWvPy55qGqqwzy1HEcuu6I0Utk_qIJoDZaA4S/s200/car_patocar_blue.png	青色パトカーのイラスト
word	みどり	màu xanh lá	https://blogger.googleusercontent.com/img/b/R29vZ2xl/AVvXsEjO5AnlPHk7lBEarHthaHoG0M4yBZvUcx2yEuc2K2oaaldZCOhkuDzlL80CF77s739n8a2eCODXfPR1UZQtM5aAyBe0oBasvGA8T1NKHXn4b-I-A8ntOa4dI-Q7Oz0hXqv-OLcUlgesHOX4/s200/fruit_bergamot_green.png	緑色のベルガモットのイラスト
word	ピンク	màu hồng	https://blogger.googleusercontent.com/img/b/R29vZ2xl/AVvXsEgb91TICs_tqZyepTgtkatAw1LkAGt_z_sJ5xbOphF0_7jdZ1Q82ebRgjeIvhc8GYz4h2GIQTqrCJdmZNbGzn2ZxgptGt9g88-pftcaP-QJ1Ml6GPb8Z3OIbFIM58ZrpS3lu8iWW-JvoGuA/s200/usagi_pink.png	ピンクのうさぎのイラスト
word	きいろ	màu vàng	https://blogger.googleusercontent.com/img/b/R29vZ2xl/AVvXsEi19TaikraNWHTzqXB9f5DtG_SI9f3q647_cVCn_ER9NGpisBEyMkx0C31SubOPI_GTNq0eiF0X3QASQxGa_ipecO18vKn6ydRXePd22JEX947un8xZCph5LX9-0I2BnyLoSkuq_Q_goDcH/s200/thumbnail_postit.jpg	付箋・ポストイットのイラスト（四角）
word	ちゃいろ	màu nâu	https://blogger.googleusercontent.com/img/b/R29vZ2xl/AVvXsEgSjQ63016bpJ9ad2bKmEEGlZLnIW-XRlCnJwO0H2cjC9zI2JLu2ZU5O7yTZ_u_oB9qe5rIQNeRB81Zh5Kblj_9K_r-VDIz6xVxL2Ai5P4Pynpk6ESD4Ytc1_woYWu2dAEVjHEIWsTafwBG/s200/thumbnail_teddybear.jpg	いろいろなテディベアのイラスト
word	グレー	màu xám	https://blogger.googleusercontent.com/img/b/R29vZ2xl/AVvXsEitYeUWSbph40sJBMKnVzHJOVQuZUTpglR-1TPe87_88IW2rEJFWG_C46-HajCaXWymzmVk3af-4tMjDsuMJQvrC6CTg_8QKYu2yO1IcqSGcAv3_ow_Kc1IKEQ-p_GgVPq_i0IW0tOYlO8/s200/bird_hato.png	灰色の鳩のイラスト（鳥）
word	しろ	màu trắng	https://blogger.googleusercontent.com/img/b/R29vZ2xl/AVvXsEiAtWjBmWiCQofBDydZt_cjyHM-MLTp5M4uA1H9RSus4gwMXNKygR9-fYJJjyE4USDMWFDFojpceU55FJOI9qSqmUIl65IUWLpiiFrR_mlnpSSjtHbKJR7_ZIJ6WUnx8gJPVJm-nyEe9e4/s200/snowman_yukidaruma_sandan.png	三段の雪だるまのイラスト
word	たのしかったです。	Vui lắm.	https://blogger.googleusercontent.com/img/b/R29vZ2xl/AVvXsEik3k_4wj0uH4HM6eya9AfK_rOjqtvlpY10aKeoHWL9GYrbWEbQKUXSUbC58JzhBTFLsBVBPZsC9CWdqRGOstLhPkZ6SDnarwfQcczgoV6Y3MX35dLeyniA0NHluAynoEpWczPdBvUajng/s200/thumbnail_couple_egao.jpg	いろいろな笑顔で向き合う人たちのイラスト
word	おいしかったです。	Ngon lắm.	https://blogger.googleusercontent.com/img/b/R29vZ2xl/AVvXsEiS_B3UoVXEn6P1wlEMjAYFnPD7-9UeeuFNI4efQuWpjTU2nEv3fP37OgFzjBuLEF8DQVAj1F-8imjy0n7wmQora9r9atPm2QdeLVGiE49UYHzzsJVz8XgQZND9EXYNWM832YWfTtaA8qQ/s200/oishii6_woman.png	美味しそうにご飯を食べる女性のイラスト
word	うれしかったです。	Mừng lắm / sung sướng lắm.	https://blogger.googleusercontent.com/img/b/R29vZ2xl/AVvXsEgcc6iwJJPeaZOt8SWvm-X5ZSiBJT2XS6xUKNyuGlo9HuhY4BwUm9kXkQl8lPZH3Di_F_GY2oPeTnWse2QEAz0yEOgOUUv8haUSL6VNcMkHh4VSl2RHM_DsFhO-ZYjZmODmHqm0sc0734o/s200/thumbnail_happy_woman.jpg	嬉しい表情の女性のイラスト（6段階）
word	いそがしかったです。	Bận lắm.	https://blogger.googleusercontent.com/img/b/R29vZ2xl/AVvXsEjzo4vA3nYL-BVx-47HrkIs5sIsM9JmRUoYs1GPvxUS4jicpXZTyyW69GvIFWQNb_7RY9PSnRhLb23aGEuKiDF0CPetq9jK5-1Z47qgp4T-Cm5wh14dQ6LZzXXWPjfMKSFY-KMnWTltjx0/s200/busy_man.png	忙しいビジネスマンのイラスト
word	たいへんでした。	Vất vả lắm.	https://blogger.googleusercontent.com/img/b/R29vZ2xl/AVvXsEi5O7ebIPQwPb7j8zWG0W4g3EN_nlmRZvPEfGKxwGsCnV44eGJARhg0Zz2mBNr7m9BK61Ebp00-9v4cX_V-YkzlJB5YAj7Dpb9slFkX2GG7xGyXKCYl1wMwzi6eWXoCHVuQIFSjsaL-5CM/s200/tsukareta_business_man.png	疲れたサラリーマンのイラスト
word	はなびたいかいは よかったですか。	Lễ hội pháo hoa có hay không?	https://blogger.googleusercontent.com/img/b/R29vZ2xl/AVvXsEgtBb6_9xgWCcTOcy5rkevevJhNhhh3ekD0KuLML6IFXWXqu7C-yrubBT46aOAhM2qvHbAjcUwLEhtxviTypou_yqbIquoq9f7WiWxGu1QxF1zMIjw85gDhN3Wkp-X_ZvxLc8b42JtEONDC/s200/hanabi_animal.png	花火のイラスト「ウサギとクマの花火大会」
word	また いきますか。	Bạn có đi lại nữa không?	https://blogger.googleusercontent.com/img/b/R29vZ2xl/AVvXsEgBfmxuPnfGwTs2Ke5XgyYsP-UarCyA9nzQygR6OPpJn9gnTZBkZIRfkieoMjlkRiK98MG2nOr4mDHPYEZsZmsTJnYoXS3hM6vP-oTixtdii5B-oT-gPsNIqLfvxB3bhOO7Wnjzg0YoZvmf/s200/mark_question.png	はてなマーク・クエスチョンマーク
word	てんぷら	tempura (đồ chiên tẩm bột)	https://blogger.googleusercontent.com/img/b/R29vZ2xl/AVvXsEhPzxC_jtce3-_zaEjX6syN6VsK2_yVjyVGfOUnpOvlF99HxPdfg9XdFcmjQ5xfdfQvgrNv6pXyyiPUyd99wQloB1nZ1lUdStAN4P1sFMprxITP7bGihAuHeGFDsbCuaZb6Qz5Jq0FVmgsp/s200/food_tenpura.png	天ぷらのイラスト
word	おみやげ	quà lưu niệm	https://blogger.googleusercontent.com/img/b/R29vZ2xl/AVvXsEjeN8hatvGmlLyAW0kjA7_ALgGRf2GoTq6PO2rEDZ_DcBZ9kWnQP89YtO8EEAJzr1egNrrdGBUFd_J1lTJF4bV94BGPEHyBaPlvwOBVRDnnQ9igokic43rJdYXhqtC484XCm8jQNHdgHg3j/s200/shopping_omiyage_woman.png	お土産を持つ人のイラスト（女性）
word	しんじゅく	Shinjuku (khu phố ở Tokyo)	https://blogger.googleusercontent.com/img/b/R29vZ2xl/AVvXsEiz2ox-PoowutRLDNhPy4ATEJmdD0L8WUqRDJ22NJTpX9nuZQn_kfhFVap8QK_uVpescHbL9nm2t4ODu3PiZMGqTMOIOuux3ioYQu7hcA_b1_c0riwPB8wWs4tKvJHleCxsQHYXsibx0b14/s200/building_tokyo_tochou.png	東京都庁舎のイラスト
word	うえの	Ueno (khu có công viên, sở thú ở Tokyo)	https://blogger.googleusercontent.com/img/b/R29vZ2xl/AVvXsEhAb2W_URAOveIYwH_1a2tfpYV6slA388_u2-9NQe2g1WyFtmHd_kKx9HXV-JTFsA8vGQF03G0SRZhxBcJ_n5YsG_Okjc4QSoQQYvXtuPnv3oL4PWRdHz2aII7EsP5b3-SYGAnR_cPhyphenhyphen5A/s200/saigou_takamori_douzou.png	西郷隆盛像のイラスト
word	モノレール	tàu một ray (monorail)	https://blogger.googleusercontent.com/img/b/R29vZ2xl/AVvXsEh8ato4_qY4Ype6-gZIzFruDM2FMG0tRzV51x0XEdd3PzJxVj4K6bIV8VcocWk_hzZO01u0_CASYbzL5G8tAOxYi-Kce-_5KxiBTKeBLj-mcQ9F7EYxl3QnnxpUF1D1BoA3FzkaINfKFck/s200/train_monorail.png	モノレールのイラスト
word	うえのに いきました。	Đã đi Ueno.	https://blogger.googleusercontent.com/img/b/R29vZ2xl/AVvXsEhAb2W_URAOveIYwH_1a2tfpYV6slA388_u2-9NQe2g1WyFtmHd_kKx9HXV-JTFsA8vGQF03G0SRZhxBcJ_n5YsG_Okjc4QSoQQYvXtuPnv3oL4PWRdHz2aII7EsP5b3-SYGAnR_cPhyphenhyphen5A/s200/saigou_takamori_douzou.png	西郷隆盛像のイラスト
word	とうきょうタワーを みました。	Đã xem tháp Tokyo.	https://blogger.googleusercontent.com/img/b/R29vZ2xl/AVvXsEhjGQMyXncH8vLJWK8WDLZVfgt_24ioLoq-U8US1M25AtnPxLw_GhbWjHZo6UqyLzU61dx-zRAxY97-wR-OSzJRucScadRmFcQ9E8vxNA8KzwGO-uTVLxk8bMgRaJ6XBGjiJCozx4ZDn1U/s200/thumbnail_landmark_tower_tokyo.jpg	東京タワーのイラスト
word	すしを たべました。	Đã ăn sushi.	https://blogger.googleusercontent.com/img/b/R29vZ2xl/AVvXsEhnFR5bNaKk3rRor5-ZbT0mq-u5Lw34grDRjrcC-FDlMxWtRAlv1ZsMNPSXCCeAfkSKq2BhX9WsgqSUlpcE4xrVMRPsla6qDaLpV9L94aS3cflZDD-0HF9P_Ks2-2-DVomXL3PGfYhFqRon/s200/sushi_oke_nigiri.png	寿司桶に入ったお寿司のイラスト
word	おみやげを かいました。	Đã mua quà lưu niệm.	https://blogger.googleusercontent.com/img/b/R29vZ2xl/AVvXsEjeN8hatvGmlLyAW0kjA7_ALgGRf2GoTq6PO2rEDZ_DcBZ9kWnQP89YtO8EEAJzr1egNrrdGBUFd_J1lTJF4bV94BGPEHyBaPlvwOBVRDnnQ9igokic43rJdYXhqtC484XCm8jQNHdgHg3j/s200/shopping_omiyage_woman.png	お土産を持つ人のイラスト（女性）
word	つぎは？	Lần sau thì?	https://blogger.googleusercontent.com/img/b/R29vZ2xl/AVvXsEgBfmxuPnfGwTs2Ke5XgyYsP-UarCyA9nzQygR6OPpJn9gnTZBkZIRfkieoMjlkRiK98MG2nOr4mDHPYEZsZmsTJnYoXS3hM6vP-oTixtdii5B-oT-gPsNIqLfvxB3bhOO7Wnjzg0YoZvmf/s200/mark_question.png	はてなマーク・クエスチョンマーク
word	広島 (ひろしま)	Hiroshima	https://blogger.googleusercontent.com/img/b/R29vZ2xl/AVvXsEhBYV9dgxeLEW04rCC7QWraYo-g0Bw9LuhnYyPCFxXTy8-mNQXfdXP3G5MMwmgpqBHx4zgx7msFQ0yCyNjdIfQouDy0W8R7yu-o16tT-_ovBPWbRPIot0H4rX0q_oBakqYtQHyza9mEwcmK/s200/japan_character6_chuugoku4_hiroshima.png	広島県のキャラクター
word	沖縄 (おきなわ)	Okinawa	https://blogger.googleusercontent.com/img/b/R29vZ2xl/AVvXsEi4jKrKG2Lkto91KKCHRuXBGnMn550ogt8nKp5rptZAqEUkV-CIQwBzMYJ1uVsERVeq2MR51AhBbVaJauoDz6FIGEVICtEK7zTJKP9E6gcp04e9WMSnh4mFXT8wR9o5bCAGjecBK3jbsgwi/s200/japan_character9_okinawa.png	沖縄県のキャラクター
word	京都 (きょうと)	Kyoto	https://blogger.googleusercontent.com/img/b/R29vZ2xl/AVvXsEhGXziV89wJ19j5sfVy6EtsqOj2qTzoI0FXSCVK-T7AVJdZv5k2Q_xiWviSrInhhyphenhyphenTUjGuLG9Sbl3mD6dMgNuGMme-UTQ6uCbkZWOx0CWWex2nlNUEAxs7Xb9OR5MLqcYT51-w8Gyjef5yX/s200/landmark_tower_kyoto.png	京都タワーのイラスト
word	北海道 (ほっかいどう)	Hokkaido	https://blogger.googleusercontent.com/img/b/R29vZ2xl/AVvXsEhKod8-UvHPTiGnJ_xHsT9WEq68R785giKwJooNeScS4FG8YOwb3WwmdHUSqmxm9UEKSJA1cahx-N77HPx2C3TyovmfNN7grR-AE20v70BhDM_HKy2McCkqFuz-rthnOJjU44nlwgUvpWOn/s200/japan_character1_hokkaidou.png	北海道のキャラクター
word	スタッフの みんな	toàn thể nhân viên	https://blogger.googleusercontent.com/img/b/R29vZ2xl/AVvXsEhWUgXRsR5vXH-N_NPzPv6-gEAzGBTFiOCo6U1pC_Ri1e-a4bLJFjirKmXKhRQn48DtmUsLm_cxidhx-q0LpitU6_ErrOx-aIaUmGPiDBKCu1o_g4ba2eW-UR4-5rcQSPXOXIhyJyDhog9j/s200/enjin_business.png	円陣を組む人たちのイラスト（会社員）
word	すみません。	Ngại quá / Cảm ơn (khi nhận quà, bày tỏ sự áy náy vì người khác đã tốn công).	https://blogger.googleusercontent.com/img/b/R29vZ2xl/AVvXsEhAQpmM-hjCMExPpr2Eu0sxW2T79UGDa62MS1NhGQlGlF9SUqemm-kkiIkdKGtxsckr92j4g3dw65RFQyLYpc-rK1_ri-_cX4CBBNSU6vN7lxn__Y9okjzZVG8n-oBoATJqN1CBdlNItDs/s200/thumbnail_ojigi_man.jpg	男性のお辞儀のイラスト「会釈・敬礼・最敬礼」
pic	phụ nữ làm việc với máy tính	https://blogger.googleusercontent.com/img/b/R29vZ2xl/AVvXsEivfwAl8VwBZibThabg-742JLAR1jCz4xYzB-PWz0uSp_humZctSe3oLjmxxxfUG9uzKz5ofa2BjBv1h3PSunlyqmDxztcBcEH935_9VGCmalBUJN_nJPGlJiniWptJ83TssjXhowPzDXI/s200/thumbnail_computer_businesswoman.jpg	いろいろな表情のパソコンを使う会社員のイラスト（女性）
pic	cậu bé ngồi học ở bàn	https://blogger.googleusercontent.com/img/b/R29vZ2xl/AVvXsEgg1EkLmRTuvI9pOUIpenLUj7uCG31vlQacFKAB9ivZRrGFpfZosWbQEfVCASKwZu9AjEXy8OdhBmvsJJoq7ViBCdCq84XnIy8dve6sRd3PTU6RBeHaKW0bdxDKJepw3m6As8-8nqcjiF8/s200/study_wakaru_boy.png	勉強をする男の子のイラスト
pic	người đàn ông đang nấu ăn	https://blogger.googleusercontent.com/img/b/R29vZ2xl/AVvXsEiXJD8UxOA-for_4T4MeIAJhip-Hv60EdQ99CYeKqZMxsayjiXJD7DJT4CoHcQ1Iz522bh0qJsHSsDKKyu-f7mhv5-PrdFIprygCRy0RxWN2bVY-wCwnZniMFqunYNgtun7MufBRgBDfI8/s200/ryouri_man.png	料理のイラスト「男性」
pic	người đọc sách tiếng Anh, luyện nói	https://blogger.googleusercontent.com/img/b/R29vZ2xl/AVvXsEjWVkPHmS7NDCJ2ZPb2Apzz8RGjIyQ9OARIuQ4ErTD9JHrNizgINnAZ6V4RuZUhLG0rOPUViP23aPc0Tgz-Q-fbckQnxoYGpKt6LTD2cBfe5djD2WPbUw9BFHW0IL8OWKplkVSodbIX_2hi/s200/thumbnail_study_gogaku_man.jpg	外国語を学ぶ人のイラスト（男性）
pic	người chụp ảnh đoàn tàu	https://blogger.googleusercontent.com/img/b/R29vZ2xl/AVvXsEh9qYYk-xvr78E-wV7DM2Rrp7OPUmwDCVL-5N7-AaZ_TgMkGd0zYWz6WJ3DbpGnMLqEq_VbaMHzLjSfN6FG9gpm1XaL6ffB_9qfYoIswVNolJLjVGoMHJeCeiq8uI00kpwc2FPwE2BeOW2b/s200/densya_toritetsu.png	鉄道撮影のイラスト
pic	cô gái cổ vũ ở sân bóng	https://blogger.googleusercontent.com/img/b/R29vZ2xl/AVvXsEjKT0MBM26rHDQQJPJCdsb9IKhege-uuYV8j802E39DrjewZEVmFzrW9cDg78nH73hzlJTgcTpvMKy0r3ZWUJPoro9R9MLNTthDkjI-lOBTpijo_tcTuUnfymHihlcYK0nYbvmFRFJcJsg/s200/soccer_supporter_woman.png	女性サポーターのイラスト（サッカー）
pic	cây hoa anh đào	https://blogger.googleusercontent.com/img/b/R29vZ2xl/AVvXsEjI_ngvPbVd5zvsoEB931lSMHyPiYJaeqwdORsFfTBBW4qMz71Dfce_HPYgb4L5HSEfCY4OhbpMq6m9kYKuJJPHQvVKN3OoJm1h_d6IasuFTLey2u6CQ0N6vnyyiiJ72EoiA6XAjO02XEA/s200/sakura_tree.png	桜の木のイラスト
pic	hoa hướng dương	https://blogger.googleusercontent.com/img/b/R29vZ2xl/AVvXsEjhfXebN8QnMvTPKzQJKTsCNEGVm38qquK8PhMviAxDw2hHGVl8KY3BsPfw4TFt_WFr0wMVkikjnfOcUWRvawBSFMzslUXKCyqnRfhN1ngRyz67W0KYREL9FOsNHNV6CSdhVNMeLkYNl2la/s200/thumbnail_bg_himawari.jpg	ひまわり畑のイラスト（背景素材）
pic	lá phong đỏ	https://blogger.googleusercontent.com/img/b/R29vZ2xl/AVvXsEhTs_GCaM3j_p22ZxhMLsisVchBP0BKzg0FyCnfy-gWIxyr6R-eQNTMwyVS-lZC8Yn-uuW5l6kv5FaMjhhFUApaZ4IE3VgvDwQF5d6HRa1mlEPP53BCDAloXu2_YvzzD4MCp7Lh_8jd_Co/s200/kouyou_momiji.png	紅葉のイラスト「赤いもみじ」
pic	quả quýt	https://blogger.googleusercontent.com/img/b/R29vZ2xl/AVvXsEgq_eoN9nP7LgUxh2K-JGh2OYN-FpanztymNDq9RXFEnLZed8LZldlOAVeWjAdaFjd1896aKxGeOScicmN9mym7mEYNd8XGKa7OITkps7vqU0KYu3h9jWSsANDqRGVtGS-qn8jkT_2g-HYl/s200/fruit_orange.png	みかん・オレンジのイラスト（フルーツ）
pic	chùm nho	https://blogger.googleusercontent.com/img/b/R29vZ2xl/AVvXsEjb2jjkxJKabArJ_HUCdJBcK303BB_z5PoDW1_CjDi_ebH6NCAbcUQzYCAFPfwaNFGphnZ-CEpn9mKmCrftpoU0WhsDNXcrqJKIcPUEY1Sm909vZ0wtDqT7bIP_Wro3QkKWNXRob06cMQqd/s200/fruit_grape.png	ぶどう・グレープのイラスト（フルーツ）
pic	cô gái mặc yukata	https://blogger.googleusercontent.com/img/b/R29vZ2xl/AVvXsEhqVPg6iC7H4WNrOMe7iq0YQ2VWbixdsN0QBnwU36I8Vsc8by1bjr3wkUTlFPw9dfTZUK2SFjggMDTF2NyPVVqwEeWTBpqhGzo0IM8AZNwh_K-bw7p0ELKhI_XffSqguRyWvNpxycJzovCw/s200/thumbnail_yukata_kids_girl.jpg	浴衣を着た女の子のイラスト
pic	người trượt tuyết	https://blogger.googleusercontent.com/img/b/R29vZ2xl/AVvXsEhUghhus_55R2assNdyxBjE3Bf-IIm_WNhSckd5Os1YtJAu7PtcnVUF8NGadvMEkGPAk5rFNiGilfL7nKYif-BZTraxxWVZgQ0oI7IT5xGd7ZuFsZUEwH1jM62f_B57Pt1DFhCTPMZLIXM/s200/ski_man.png	スキーのイラスト「男の子」
pic	mẹ con trước biển 入学式	https://blogger.googleusercontent.com/img/b/R29vZ2xl/AVvXsEho74BfkmDrBoQXZFaooVt5hurbsz5zCCZB4nnzCUUuEVTNHmirBm1g-KJirnBz7Zfe5CnIEh380tNOgjBiPlvkfkVErXFLBsKwzCMJ9xm6ArNWPxSyI0t6UdVN8IG1bxXv5N4ToxwZjI8/s200/nyugaku_boy.png	入学式のイラスト「男の子と家族」
pic	bánh dày kagami mochi ngày Tết	https://blogger.googleusercontent.com/img/b/R29vZ2xl/AVvXsEjIHOWxx83_m9Fvub1oxWmFsKoy4sE6o9v0oTj81xI8jOKWSl_KUjYYNRJ2YWGQjL1MEzrL7GWCkeCx26kKU9elHJdvzwKS6Jgb29XP7RiHPUFE8vw7jaezMrkhLP462ORrf4ZhwsRD3RE/s200/syougatsu_kagamimochi.png	鏡餅のイラスト
pic	bánh dango và cỏ lau ngắm trăng	https://blogger.googleusercontent.com/img/b/R29vZ2xl/AVvXsEiiqggJxR-q5d0keU2np9lYWjfHRVoWH0sGbPqV_0sPSUF-QbXzkYMX33UHOLuGWPddqiRqB5G1aLtHdXPN7CQ1Lk4cJ5V1VFySyZZwmDKiq-iudrZCphyphenhyphen3ZQMarx6tg0rGfyUYbxS__gEp/s200/tsukimi_dango.png	月見だんごのイラスト
pic	pháo hoa	https://blogger.googleusercontent.com/img/b/R29vZ2xl/AVvXsEgQqMnaTdqEYbgCRQ_wu-Cl53mchlQuIXu6ZfZUDws4itGfCGV-aB9FfXL2zqhl9r1OKTS7y1giyNqm3rKz3dc0o6P_ssd6taRDwQKRv2joK2843kRv95RUC_64Ipodhr6rBBlWEvOO5qr0/s200/hanabi.png	花火のイラスト・背景なし
pic	hai người ngắm hoa anh đào	https://blogger.googleusercontent.com/img/b/R29vZ2xl/AVvXsEjCYj3qEf7pQfHYGZq2U2gZGKDeObANr0pQhCoQa8in6wMBptVNb9A1HAlbkN_Bd_xFAXPNVElQtjN5DNOg3ZTJafnm3PYWRIi8zoOsALpvsEWal6dpLhmtFLHw07DDb1PBacjoEV23NQYb/s200/ohanami_group.png	お花見をする人たちのイラスト
pic	người mặc áo ấm, co ro vì lạnh	https://blogger.googleusercontent.com/img/b/R29vZ2xl/AVvXsEhHaAd1C1F_AJQpnkpZkehcls1X-SjeNausa3UoySLfcudjOa1mDhQUopf-B3rh0S9aL-IIvY3GOZRbla9Md1VAMg-3v3kiyefHvm0HVZLbF_0tY9TZyeSwqM0bxHcdxG5GNLTIoFrZy2jJ/s200/samui_man.png	寒がっている人のイラスト（男性）
pic	mùa xuân	https://blogger.googleusercontent.com/img/b/R29vZ2xl/AVvXsEhZZg777iRhssfHxvzuSC7zdVYalPzqA_6a1JqKPmGA_3uKYhCZUHteGQsvnTkKazFCVjpMMwR9ufaPFy2y9VPirEwon2sfgMu1rjqH9xRYf__Amps3F9tm8I-2cGatXaNJYWaQo6VCyZ5l/s200/gashi_haru.png	春「イラスト文字」
pic	mùa hè	https://blogger.googleusercontent.com/img/b/R29vZ2xl/AVvXsEjpgW_x73oGj9q-nxuEx2dbDtW4SH9m-C8B-uNWwRivUyx9VP6P8ykEdFQQPbvRAXliR5kn-9X1FZenpTNVhFllHgsdafwFlCxWita6HTJOoCGKmGPv3gY1k3T2dbBPFlHpNqloXuSB-j2x/s200/thumbnail_icon_summer.jpg	いろいろな夏のイメージのアイコン
pic	mùa thu	https://blogger.googleusercontent.com/img/b/R29vZ2xl/AVvXsEi2sgt5G3HfOF1_dR7I_cprDRZ2Nu9oPS13KkRM9CcXJyimBoiJ4-JJLFzYgp_MTsPqI3xV3bxIobMlU5-mRJ74K6MGYOYOJfKx4gUHBfUDVtzebPRG0lvGMVvCmfz-iQ-t-rxQ6v14h5ko/s200/thumbnail_icon_autumn.jpg	いろいろな秋のイメージのアイコン
pic	mây	https://blogger.googleusercontent.com/img/b/R29vZ2xl/AVvXsEhCb4LdaHeH3DoVzRz-JpGDFuBMKkn3joxz4feZD96u-3jRQjtmc0gpOFJsqVwguul43uT3Ce6IvQbQbOSwj9PdUg1SM42tfa4waFtXLKbdkPONyJ-3HVCO_8fRI3QpRLe01CSFxnSseqc9/s200/tenki_thumbnail.jpg	天気のアイコン「晴れ・雨・曇り・雪・星・月・台風・雷」
pic	ô, mưa	https://blogger.googleusercontent.com/img/b/R29vZ2xl/AVvXsEjERAiR_4TcammKKSdlcDADJ5SveM5H1losstqviRPpmyTIRgPlb6apmZYpF_Lrz8f7HGMPSpY-qkWolRzlWPWbbsHEq9iBFNWtQebo97lhwPjm4MYrcS__4q73nfDbWmvRQzj4JJAG95U/s200/rain_ame.png	雨と傘のイラスト
pic	người tuyết	https://blogger.googleusercontent.com/img/b/R29vZ2xl/AVvXsEiAtWjBmWiCQofBDydZt_cjyHM-MLTp5M4uA1H9RSus4gwMXNKygR9-fYJJjyE4USDMWFDFojpceU55FJOI9qSqmUIl65IUWLpiiFrR_mlnpSSjtHbKJR7_ZIJ6WUnx8gJPVJm-nyEe9e4/s200/snowman_yukidaruma_sandan.png	三段の雪だるまのイラスト
pic	bầu trời xanh	https://blogger.googleusercontent.com/img/b/R29vZ2xl/AVvXsEghNf9pgvy-zmPVu-Npk5lmbZjaiNqNOdxFJ6UVmcSY1P1Ys07-_k3mjEk8ll4h-k5MUlfXU_lrvO6Ue98zDeeb5RdOcIiDuf_nZ6zPGCnLEThrdSqY9EurKEMHN4vw02X2m22sybDzowLM/s200/sora_aozora.png	青空のイラスト
pic	đám mây	https://blogger.googleusercontent.com/img/b/R29vZ2xl/AVvXsEgj1K6AjBNJ5CRvfSedmOTlL-rhNu9ZBN1rSjF4oTkPYa54SVLtvRUR2o-4f6S4dVYqEkz0jhIUwCcy_wfKvIUyAOgOLhqtsSDwJGWOumi06Vm9EjVfpQbxBaAzZ8jAT5BVM5qR6nbkOvQ/s200/kumo.png	雲のイラスト
pic	các ngôi sao trên bầu trời đêm	https://blogger.googleusercontent.com/img/b/R29vZ2xl/AVvXsEjdBF4WHp_mPF8lQiOsRb6Etv4ilwWZfJJiBBYHWgXBGpdvVgmf8ylhan4O8wzjMM6V8dbH2xAomylJoyvvUbHPvfrsyfy7Lau-AQWCJfOJvjVi2dulSo1z3K6RRFKSaK-OBFHD98H59C8/s200/hawaii_maunakea.png	満天の星のイラスト
pic	cô gái cầm ô bị gió lật trong mưa bão	https://blogger.googleusercontent.com/img/b/R29vZ2xl/AVvXsEg9neweS-czDs8Zeqq5gHXJhWT7FXVH4iTf0Kj2l9s4SRCvX4kuP-uiUi8-UmjMgldBlUX_-ZzTo3LaI2glWbFiSLBWJSbRMCl9wvy6BXI86Jn44xLHfgRj6enW2erFVxVuGqMuhbGnYlyn/s200/tenki_boufuu.png	暴風雨のイラスト
pic	ủng và ô, chữ PM	https://blogger.googleusercontent.com/img/b/R29vZ2xl/AVvXsEjzblDn5gqiG4imKfSTx4arcGTbpqzKT3SsOOSb72sZgZ5hKB6mkN01o-ZsHO4xPKsCa3DA_1nytlqdWqw2tbbdeSt1FcCvmLhf6sW2f8lv2k79vk1gOi7cJurNnKHOT21QUYPVQwtlZl0r/s200/_kasa_nagagutsu.png	梅雨のイラスト「傘と長ぐつ」
pic	công viên có đài phun nước, bãi cỏ	https://blogger.googleusercontent.com/img/b/R29vZ2xl/AVvXsEioqsdSPHmbrX155niw7OIhZ7T1deQhc6O8qjCAlkpRNgHtwOe4VtpSphAzJJD2cSuo27X0A2CM7IIQQRB8NtKtzbpyX9up78SEPwNP77RxCOfsYEokcXSVi4PquMuXysvO2SZQJhGZYsuX/s200/funsui.png	噴水のイラスト
pic	khu vui chơi có vòng quay ngựa gỗ, đu quay	https://blogger.googleusercontent.com/img/b/R29vZ2xl/AVvXsEhzkLLTqRmG2sAGec3dFrz0GWZnQ_b6LEDkSZHVKPE4JRsx_WaxOFgdilVlxfllN4yO96wNqB8_IMcfTVGR7EyIDO6Pi6yrvym4I8rUuBTb32vtWC1MJAG69at0n1b8SqQPY612ut3H-FBr/s200/yuenchi_merry_go_round.png	メリーゴーランドのイラスト（遊園地）
pic	❷ chợ Ameyoko (sạp hàng) — bạn A (nữ)	https://blogger.googleusercontent.com/img/b/R29vZ2xl/AVvXsEgIvB_merhI2lhenaevUF95v6HAhRQ8t3ExsNVG3j3Kp80CpG04szx7BjCmkbp5LtB4GyZGaA8ZrAnmkX8oBDguxXTcqILEH-xE37iMChdgT1jAwGzlECROCoUpVZgBrwd3HkFdHke_gmjY/s200/shopping_ichiba_yatai.png	市場の屋台のイラスト
pic	❷ chợ Ameyoko (sạp hàng) — bạn B (nam)	https://blogger.googleusercontent.com/img/b/R29vZ2xl/AVvXsEhY5VEqADUBlKKWKr4Lt3ub-2zwV6zo6IDjmxUD7OgU11CxrTgAg0sM0hf5m-NIiiCVEZI8bYaI8gEb-SLsoS25W6ZdQZmRbQmEdv5DTB4mBy2OdLTxKnTdD10-Pbv-jfXBztdLGMSWJnR8/s200/omatsuri_yatai.png	お祭りのイラスト「屋台」
pic	❸ ga Ueno — bạn A (nữ)	https://blogger.googleusercontent.com/img/b/R29vZ2xl/AVvXsEizmgLC49C4MOU3o7Fh1yTgYvPEbodUOxitWcJbNRP1E6NylrjZOSL9MS9vEzptffzi8X5JTybbz6nbdPQ0Udjvbh9HavFxms5c7lY9LsTTYjY-zzDlYg4dk6frtSxU0WYd8FMNzvT7ugVQ/s200/thumbnail_train_woman.jpg	電車の乗り降りをする人のイラスト（女性）
pic	❶ núi Phú Sĩ — nhận xét thứ 2	https://blogger.googleusercontent.com/img/b/R29vZ2xl/AVvXsEgGAWZd7l80p8C9rbJC7DFrYK1XUj8_K7VKXnknUZUxyA5k_mdAmd8sLugFTpTtTpr8Q_qQzsFTvSBv0AED6OEg07_WlFEhsElshO0yl1v3hcHCSLrhLDNHSEy6hIric39hv1WuyV8NUl8/s200/fujisan_shikaku.png	富士山のイラスト
pic	❸ công viên biển (Odaiba) — nhận xét thứ 2	https://blogger.googleusercontent.com/img/b/R29vZ2xl/AVvXsEghRTiEuWf_G74mvG2VaX6MLpoJO1RMKc13ZfA2XYlCvdDrCyRftx3t7Q_rGWSxdDk1m6nl25jTGy_xrcP8LyobC8FXwGPweMum7n_X0yrsY6rWSeIldCi-7-ofuY1XBkkMv9Ufp3TnCXc/s200/rainbow_bridge.png	レインボーブリッジのイラスト
pic	chỗ hai đường cắt nhau (khoanh đỏ)	https://blogger.googleusercontent.com/img/b/R29vZ2xl/AVvXsEhoI4SZ1fWOgH2xJ5Mkibv5kuKjjRXJLB22LylAIhwuziVC91FdXkK9avryJCRWZfIJFxX0wDKrS6JGiQhidWv1U4YuP9NiawbL27FLsv2Zp3kfYDeI6_QDVFPWyKpYe0DvaWK9aWyWkr7OxmgFgrHX-76mG3GFT80aH8A_egndxx8b362e8J6zUb8BYA/s200/thumbnail_car_douro_kousaten_shingou.jpg	上から見た交差点と自動車のイラスト（信号あり）
pic	cột đèn tín hiệu	https://blogger.googleusercontent.com/img/b/R29vZ2xl/AVvXsEhiIKdjbb4Zd2v_B2wQylIl979rS4c1uvm8QX3a9kiQdnfmvVRFz8Rpra5YuoWXaPvBk3ywtm569fAoW08Y-Zgynt6DHOqUj5Jfs5dS4Q5eV-Lin_ZPoOquBCzL81wbFgF2Hs6IgTkSOxud/s200/thumbnail_shingouki.jpg	信号機のイラスト
pic	quán cà phê, người ngồi uống cà phê	https://blogger.googleusercontent.com/img/b/R29vZ2xl/AVvXsEhShRwYQJCu3_OV5W_ty0pZdYHfn18fdNKfOO7LjqdYrZQOju1eP-6QU-OxoijcOeRBWlco9vk223OxjRC6cd6VguTDeKY6BSdRMhPRhui7hQH0Dywvf7bMXnpnvMLVS6gXi7S80nhc6E0J/s200/cafe_talk_couple.png	カフェでくつろぐカップルのイラスト
pic	mặt tiền tòa nhà có biển ○○デパート	https://blogger.googleusercontent.com/img/b/R29vZ2xl/AVvXsEhzaTx41HBmO0ziX-qETTU_GbBfHRUjqoLwSN2MqEbcMQG6R7xpY8Rm2ImyeXgLJwzE1WXlehLijmGHrW6-1wNW-x32whL6YLRZ6JCMfwrU4dKNvMTeY5LksZJQczIUJsyXHgr7SbmvKRs/s200/tatemono_department_store.png	デパート・百貨店のイラスト
pic	hàng dài ô tô nối đuôi nhau trên đường	https://blogger.googleusercontent.com/img/b/R29vZ2xl/AVvXsEh2M3eANl6vE09HXaSpePnIbh_-rxI7Mpi9zoFutbP5C6ctAN9Zy8inBNSTfu6sd-SUYsuxrorsfmVhnbFAEjEfhfRQYqZieME30Q76zb8KYCGoSfAsoE3m1BSOqo_Ztlk45RyuHyGIU4o/s200/car_jutai.png	渋滞のイラスト
pic	ô tô va chạm, có xe cảnh sát	https://blogger.googleusercontent.com/img/b/R29vZ2xl/AVvXsEhftAnJByPJAZcqGRMVHaKpMTOfvW0aDZSkYU8nfQQgY96cR0uGa1QQBwcAhY61hFk7BL0WPV6c5uG5qk2nhS8_DwEPKQlCbg_bdHo75rcF8p9Y72ZmrWptAjCMVLma4K2157sqPl94jqg/s200/jiko_car.png	交通事故のイラスト「玉突き事故」
pic	hai người ngồi ăn tối, nâng ly rượu vang	https://blogger.googleusercontent.com/img/b/R29vZ2xl/AVvXsEhGCFJJkAquY5wc91VAQ0BJ6yl3B7mCwCkrH-OBdcFOyRkWs5Cb2g1m8kCF2-4TVbWulENPkxzR_giX8C9S66YILew-zTe-lU4zt3aH5jy-PR6hoGzkEENVbABDjdBcmvjsoI2Rdwg_mDWi/s200/restaurant_rich_couple.png	レストランでディナーを食べるカップルのイラスト
pic	người đi bộ trên con đường trong công viên	https://blogger.googleusercontent.com/img/b/R29vZ2xl/AVvXsEj_mOc27scqqf73X320m5Di8CxF_RvrxnY8afHT5AWjMNmJ3cKkYGn6-DwNRhHnW_GBnvjUCpY3GPp24GfUGbvL6DrM6tbdHivOxMQV-UrUMNlgaTW2OIZYi8bEjINbGaqX9ibXZMFBsqEa/s200/ohanami_walk.png	歩きながらお花見をする人のイラスト
pic	phần「=Japan」(nghĩa của từ)	https://blogger.googleusercontent.com/img/b/R29vZ2xl/AVvXsEjT35GBa7nItyX8neALWotRoWJcbKG6ZqyN_lq4ORlsST6dhuS838l3QPHTQY8UA19dw-dr0clKHt9N8ldH2CLwb_kpPv2z2-dyri5PqelMBklPe2jeZYk-xIamQJqsYUCr_Lw-A53oDoI/s200/hata_kokki_flag_japan.png	日本の国旗のイラスト
pic	bậc ① (6–12 tuổi)	https://blogger.googleusercontent.com/img/b/R29vZ2xl/AVvXsEgQ7vycIioTnjnyM0OKQ2LpR9wu4ztwtvkgPn-VFVoT7V1wt1Hgd3o5wDUNrO23qV54Ub79PlVCDiU6_slLhGRN7QcHklRY6QSqMXjTjEraqABjRFDqPG-a6xayKXsNNQyOJpK4tq-FM00/s200/jugyou_fukei.png	授業中の小学生のイラスト
pic	bậc ② (12–15 tuổi)	https://blogger.googleusercontent.com/img/b/R29vZ2xl/AVvXsEjEhFE1R32TuMrxHfY399TL3InHl1jGA7GR5UqVSNK3RwIMq4OJMGEJZycysVTD3NM3zYnnFcq1aDBd6rJ-BV4MltwPTLIu5RzwJzL2rbk3vqh9ClZk6fSQ-StRrAXTJjVPRdBYf2tpCUI/s200/school_gakuran_couple.png	高校生・中学生のイラスト（学ラン・セーラー服）
pic	bậc ③ (15–18 tuổi)	https://blogger.googleusercontent.com/img/b/R29vZ2xl/AVvXsEhhdavkKiHfpGIcyminApgg3G71gLacDUXq7CujrQ9Wu8nj4xhuwarI_fLuQp6KFP7AkiudGL6sTMwl6yYOfz5OzaDZQwukB5-0XrHsBYHeCGvFfsaNBc7anw7RMe_jAP9cS3cPJRrxcjw/s200/school_blazer_couple.png	高校生・中学生のイラスト（ブレザー）
pic	bậc ④ (18–22 tuổi)	https://blogger.googleusercontent.com/img/b/R29vZ2xl/AVvXsEhpy4Fxva0fi5adGfcsTFDuEtqPpF6hRxpaukSs52ljpHl5TJt-oFpo_03FIaxNGTlYm7-bc5z2Y7DYRViI2gznr7iRLFNo8CcajM0Nf9kGgH5QTvSrsMrcGcc3ConDeQs4L4GoOlM6bhyphenhyphenp/s200/daigakusei_man.png	大学生のイラスト（男性）
pic	bậc ⑤ (trên 22 tuổi)	https://blogger.googleusercontent.com/img/b/R29vZ2xl/AVvXsEiBmRcWgVvyYm8ksOFBkiUx52618OPpJSYryoTkJolqHGQo7x2LPzFOlK-FQZ84bvuUMc8CWk44zHhsEaMpk1QmnYhEkjOUd-8S299dYm0f5_-JUSyxImFneJP0jGG52-o5OlnCB_BVh4o/s200/shinsyakaijin_man2.png	新社会人・新入社員のイラスト「男性社員」
pic	người phụ nữ ôm bụng, có vẻ đau; đáp:「すみません。ありがとうございます。」	https://blogger.googleusercontent.com/img/b/R29vZ2xl/AVvXsEgwoXS6KYuiQyxGIo7UuDbaOqCdvizG5uRlehRPkrjWLPik4d4mUChOuzvoHRv3-nL79jOoJb9cP5Gqju4H7h7602b6GF3Zd1dzTuXIKXpNEcqEXMgZdvVTIESuGJh-EL4jCCFdDjzHXI1_/s200/virus_fukutsuu_woman.png	腹痛のイラスト（女性）
pic	nhân viên đang bê nhiều thùng hàng; đáp:「すみません。ありがとうございます。」	https://blogger.googleusercontent.com/img/b/R29vZ2xl/AVvXsEgxg_xXc8uk7DwXGHljdkY-URU0VjN9rm_ik_MD2WScKZpV-bAdfqPqTWjX-Qw1jWlbOK908VzG0yjQ1nBwPWJurdZhJiGkAiB0lm84nLMu_vI7dz3_MCbo46gyYmnHe-nqD9j0e-LKzLUC/s200/danboru_hakobu.png	段ボール箱の荷物を運ぶ人のイラスト
pic	ba người ngồi ăn trên tấm thảm ở công viên	https://blogger.googleusercontent.com/img/b/R29vZ2xl/AVvXsEgDeeupV3IQa1xomaSPzFf0zTL-xc6wjMww9MwqAZnd-4PoFwzBhNc-uvvlwhPkSRdO0YJwdPGhFklT6It8FP3eB9mYBhSOpec7F1qEGIPqrP2-BChwG-K_6mc2UzkrEkCTBujrjLsM63-j/s200/ensoku_picnic_people.png	ピクニックをする若者のイラスト
pic	cả nhà nướng thịt ngoài trời bên hồ	https://blogger.googleusercontent.com/img/b/R29vZ2xl/AVvXsEjqQkiVKi-aq4KOMquVwhfHE2c_pYQGEvSRjuFBbmESOFpNSoxf6gOoUHG5AxOWnURoSe4tMGE0K7zlOC5LAWiyyaRlHG-fOc6ATWxRkG_ZD848BuZcF4zfxyYTQzAPEHkHpJNttvsoK_k/s200/bbq_couple.png	バーベキューをしている人のイラスト
pic	đôi đũa dùng một lần	https://blogger.googleusercontent.com/img/b/R29vZ2xl/AVvXsEhHju3O1FAASQ9c0hcuNLy75hM-HaRxC_6c16Eh2qev8ttTHBl8RIcFrnAGoKB-fKYzWHYwYVsUNwfnWoiVzrkrq1Ww0q8SlhsXwBwq7ifPXNVr6HbrMLetLTALJSmTqRZGE4-d9fPdvZ0/s200/obentou_waribashi.png	割り箸のイラスト
pic	cốc giấy	https://blogger.googleusercontent.com/img/b/R29vZ2xl/AVvXsEiSu9q2SE04pd_wdpbtybpJd1JT_dnw-arRaTLEWXv-dxYczy0jcEtQfeD9QEE1GtiCwT23WvxuqMJAH4fqp-ipp4d8K4K1pedwZGkKtsL3W9wOMaAs_0ZEfWIroFr950bvqrmJMuAKXiE/s200/shokki_kamikoppu.png	紙コップのイラスト
pic	thìa	https://blogger.googleusercontent.com/img/b/R29vZ2xl/AVvXsEjTY6rq44eIF3ZUfi2ZP3HcO_W_4Z6qtjyiku-EAdVcXIFpDWeq19nZTfcY6DfkGYFdGaL-qR1EWITgQM0KHVUcfrdZm1l1Rpuen9GCqXi5OnaSzoNl2Ug8l40sxn0Aj8-L-eP7L17mhzv-/s200/thumbnail_syokki1.jpg	ナイフ・フォーク・スプーンのイラスト
pic	nĩa	https://blogger.googleusercontent.com/img/b/R29vZ2xl/AVvXsEiTBRzAAeVmeUWTW0KyH5PY5FXfV8g1CIUxRx13-CUo6u29mqSudZA50g5-3H2UMnvhCriBC8dqHIWQVvX5Iq18ckZak8a7qnuo3bfLgdygmVsjYf9-kbQ4IUTCJsJWUzH1AJ2XW5_1XU6t/s200/fork_spoon.png	フォークとスプーンのイラスト
pic	dao	https://blogger.googleusercontent.com/img/b/R29vZ2xl/AVvXsEi8WzKHYcfLs0EMHVSL4cjbK-LVwus60eha5rh3dxP7irqVeVh8dLiqeVLCg-uQrXXqm0YH-1INHJJbSvBtXkJli1iwqQBmpr80tIAaZPbTha8Og2yVs21noJ6XV38Jtx0sRqiOZDqacBGk/s200/cooking_butter_knife.png	バターナイフのイラスト
pic	đĩa giấy	https://blogger.googleusercontent.com/img/b/R29vZ2xl/AVvXsEjJJtIckXXIucpttsCaSaq3Dhla_9MBBKNouKS51TFgnpxVG9okoCB9fEXXnutk6RPnKqVt4q3l6YeswLK7TXANrqQrY3iacQxe7VcipZMLbTEGVadjQUrwFb5BdHfLVruhT6FzXAnbIJ4/s200/shokki_kamizara.png	紙皿のイラスト
pic	kim chi	https://blogger.googleusercontent.com/img/b/R29vZ2xl/AVvXsEidnnjss_sclSe9feHHjVuG-9C15x3C9ooqVtTDYw_PoVG9wdMkViUiZRIhg-j5v3EDQMkWUTz8wC6Nn3H2uoO03o2YgmQfXip9VTTowhZcePA11JA5jGeyC0LxZOYCq3i9aixwzNe9Z94/s200/food_kimuchi.png	キムチのイラスト
pic	quả chanh vàng	https://blogger.googleusercontent.com/img/b/R29vZ2xl/AVvXsEgp_qXryzcrQY2pk4CWitS_EEhCbyjLpeEvmh5r_NxmaKfU-0hBU1QAxDUqGyZv3dFq-LXW7boRgXjLFXuwTgjvGZU7aJnfngw0n1ksonm4Tf9iwrnmZgDUQ6FkEZuYtO0c85dMZBbH_u6I/s200/fruit_lemon.png	レモンのイラスト（フルーツ）
pic	đĩa rau củ muối	https://blogger.googleusercontent.com/img/b/R29vZ2xl/AVvXsEjQ8qkOy3McAxtkslPa87vHao60qLh7qvy6RwORteyQkBaNhQ6N41hyphenhyphenIBE05mcILuto_L_xJ6BvmtmJcFIlKK5jKg3-HBnSSMCr2HBEFBBYbTr9HvLVnc7zWXJ85Tze_1WonUvnscrRF-s/s200/tsukemono.png	お漬物のイラスト
pic	② phải: cốc kem	https://blogger.googleusercontent.com/img/b/R29vZ2xl/AVvXsEjUhGfeD_3duEoDiUYZSUpr7xB3WrAe87DYhZ7QnLhnEiI-9ogfJmKKRdxox6PPBoX77bi5IXKG1QtOCvSwobrtOFJU2FiJap7xYtu0H6pQIJtBvLj7uDtHLBkahvQKi2m2VJuyCFIhBPg/s200/thumbnail_icecream.jpg	いろいろな種類のアイスクリームのイラスト
pic	bánh mì kẹp – nhân cá (số 1)	https://blogger.googleusercontent.com/img/b/R29vZ2xl/AVvXsEi61I0ZEFvP2Cy4mVkdSvi3WxntGuw-2kbPgLCMH6H8JQrH9pR3ZygNgQ7-oVaZGyGcbuxrpA9U_bFOFndiF8jvhrdvjhBvzLd9ZUl40s_HXhdtwhgFkxC7Up9g5ChfteuaUl0Ba760RDBh/s200/obentou_sandwich.png	一口サンドイッチのイラスト
pic	bánh mì kẹp – lát xanh (số 2)	https://blogger.googleusercontent.com/img/b/R29vZ2xl/AVvXsEjMnzqyhUCSBNn4NH_irc8MxxXVQJlFK2jubtr8Uf-tJPTz8NzRCeA3pD4wqT7y7hV6QxnEVVsyp1lTcfF4LjkvihkFcVTOeg7pyD16Au9s0ZZFfxsXKk9riRhd-DO2vLHmCvLLvmrv1u_F/s200/food_sandwich_blt.png	BLTサンドイッチのイラスト
pic	bánh mì kẹp – lát trắng vàng (số 3)	https://blogger.googleusercontent.com/img/b/R29vZ2xl/AVvXsEiYcPNdxBikoQB-4H1Fw6tV9L7cFMvtEOEj5-qHmvc-Iey9o6_jz7b8vqrUL-4c-Ei2hz3s6Jy2b_lnKDvrnNQwphtSJ6PpHul7REabWmRt-99Lqoe61EPBoxmfyZMi7igeSf6t7BgldQE/s200/pan_hotsand_sandwich.png	ホットサンドイッチのイラスト
pic	salad – lá xanh bên ngoài (số 4)	https://blogger.googleusercontent.com/img/b/R29vZ2xl/AVvXsEhL1em9kzkDhqa3v_uTGaaW06PIaR_OcgtAPpbIvpfHTRRRO37K5Zs4g_TOdWYWxtplPka0d9NiiQAQ3rOqAOyHlCRMhYg7_kocRiIfV_W0_R5NCfvXI0pUigccP8ZEg59pBBygezJqR96X/s200/salad.png	サラダのイラスト
pic	salad – miếng trắng (số 5)	https://blogger.googleusercontent.com/img/b/R29vZ2xl/AVvXsEgtZffm9F4DhF56L6zbfqLDJ3JsREuzD2xtoox3MkNq9fYq-bZkOS-Ca8v4s3ommlnBjPp9MTVw7WWyYwDccWOKaltCCvqEiJxwKnyNcmyU_GAdBzIv7IxRjsIQOZBUxe3F6EYOeRQF3anF/s200/tamanegi_onion+(1).png	玉ねぎのイラスト（野菜）
pic	salad – con màu hồng cam (số 6)	https://blogger.googleusercontent.com/img/b/R29vZ2xl/AVvXsEiwcP7iTRp8J81CJenN2TH6pNIMYl-q9mvqUCkVHC5XVbmdBRxASqZyVi4GYvE0D01P69r47GzAz1t7dEC8b9c826u1SIhCClVvs36czS3nZ0HiHpys9I5dfbmoA8uv20-LdhSV5uo4tucE/s200/ebi_aka.png	赤いエビのイラスト
pic	salad – quả tròn đỏ (số 7)	https://blogger.googleusercontent.com/img/b/R29vZ2xl/AVvXsEiP-5VKehRUlMKZELBwPIOORz4ChKQVJPGKqgFKnnaGmT4PRkI62I-j_-KJuWKqXsCxCNaYAsAgW4TSVBWCH6zDxIM6UFVr2i9NehsOFX3FaLHA9FdAu8eW0Xrci93AJqe1wN2L_-TGywk/s200/food_puchitomato.png	ミニトマト・プチトマトのイラスト
pic	cơm nắm – nhân đỏ ở giữa (số 8)	https://blogger.googleusercontent.com/img/b/R29vZ2xl/AVvXsEj3SfB9os9tkbaylMeadGSFfFp8KnMypX7ZNbTrV9G9hpL9R2chvAbU5MMoKWQO4tkVKfv77jFJ06Vw7CAnORaP-v1KKmAIiM0WvOW5Jp2tnhuq09NIq8bFMUfVaCnXvM47pVKdC_tGbY8/s200/onigiri_ume.png	梅干しのおにぎり・おむすびのイラスト
pic	người đi máy bay	https://blogger.googleusercontent.com/img/b/R29vZ2xl/AVvXsEj_JeSNdwKy0qWJr7pOXVjEVLeY6uuo3c7YlgftKyHumydSyK8Wcd0cLBwabNvRK9KzBFmabWE0eERsB57VWYjuB8Htd9hVbMlRTUOLRZk_QmH5kd9FI-zolNWK4kx9pXEoPYmK2KVBC94/s200/thumbnail_081.jpg	いろいろな色の飛行機のイラスト
pic	đèn trên trần	https://blogger.googleusercontent.com/img/b/R29vZ2xl/AVvXsEiTk1FwCuKHEUiGX9Pa4M41z6gdrGDaJHsHuYBfhG6FJ8SbGysQ_a5tjRAnumpJWV-_0GtoHe8P7NbIfigDEBIheIZgyfinGYF7B38oBngRXVzBZ16sH79WQLpm5ZbIFiDyfBu5n48oM5w/s200/kagu_syoumei_ceiling.png	シーリングライトのイラスト
pic	cửa sổ có rèm	https://blogger.googleusercontent.com/img/b/R29vZ2xl/AVvXsEjbVMgK-oDMRF5QaLILC8PfrxzBxfiltNy-Jx6VlD8XrYouMIta31TSMbRW1Bx_8RCi_vcga-6FGrmaPLd3poTIE8PiNuohPtfONtkFQcIe48wFaOXkYdlnrDoCM0R2yJbrJGc8DV0SgMG4/s200/curtain_pink.png	カーテンと窓のイラスト
pic	cửa ra vào	https://blogger.googleusercontent.com/img/b/R29vZ2xl/AVvXsEiwnaA2JyF9BmnfxJK5LYHrqJ33WQqouFzrxKpIuzpwvdjQFrUtbd65r_5M8RowMjRmxI2Ip4CcDlnn7MdZBBqXz7KfIRagIBv2lMetar0Lx-Q1j-mzexxK-LYuWIIXyKwHrXs3zYKDp8Un/s200/thumbnail_door.jpg	いろいろな状態のドアのイラスト
pic	máy tính trên bàn	https://blogger.googleusercontent.com/img/b/R29vZ2xl/AVvXsEjDHzlYGgdE2kohPBfws0m93wIty5cILoRRScGve0eOY3dvXSm1WwP94QoZR2UPhD6K0WCZPrJmdAz_6d1HHpBZqgFuV0nq0cv3t3dnfkDK4Mwb84mR2FrGHrCIKxsdsZdo02cA4NXip2mf/s200/computer_desk.png	モニターの置かれた机のイラスト
pic	máy lớn giữa phòng để sao chụp	https://blogger.googleusercontent.com/img/b/R29vZ2xl/AVvXsEiYK7pFJVsodTeHDnf0-Ae__iwSiu_4QBwG7pYRHJl_imiOrF9KmNOrrSCCAI_zwRpN3tUp8WQob9zEfeib3VZG3exMaE29dSDfV6Pm7cMhGEYPfAU-ggUdY8Uly1G8CK5PHJWKcDxiMq0/s200/copy_machine.png	コピー機のイラスト
pic	máy fax nhỏ	https://blogger.googleusercontent.com/img/b/R29vZ2xl/AVvXsEjbSfZA5t5fn5WZ1amTloTYCk0G4OKNzuflx-JraLvS2aaghPeTyT4vt5uND5HJqJYVeEkhB3kOYYLmVQMMdVbmK0N-nLf8ZnOsfHvPvfIV7hWC9k54S31DA5eVVF2o7PsC98eUnR6IqWs/s200/fax.png	ファックス・ファクシミリのイラスト
pic	người đàn ông đi vào cửa (sếp)	https://blogger.googleusercontent.com/img/b/R29vZ2xl/AVvXsEiM0N275y9CcQgK-Tm9b3Vvlusxx1EQ17fOwTRHvSRiLvbC81MQ0DO9hc1WV4cWC9clIqqFNtUG5pE9lEDy2LumrvHH_kGCVEODzfjr6kMTbAwJlzmbLXE4tmsLjj7mkpr61_FgRzqyY2Z9/s200/walking_businessman2.png	歩く男性会社員のイラスト
pic	người phụ nữ đi cạnh sếp	https://blogger.googleusercontent.com/img/b/R29vZ2xl/AVvXsEgde13K6sRxMyRLXWRDBpa9ZwBpFB0mw1jZWCveHy1J6Tl5uo3Um26IU9YCv5u9jDC8hmL7gG91W9qc_Owh3ci7SrENmyz0yp5N7_CxSU1kF8lr45HZQBbCrq4QUQ9S4PJLQNRLPGnMnbey/s200/thumbnail_stand_businesswoman.jpg	いろいろな角度から見た女性会社員のイラスト
pic	người ngồi ở quầy gần cửa	https://blogger.googleusercontent.com/img/b/R29vZ2xl/AVvXsEimR5NL3SdGqtU9kuD_JwQwa0n2bl1hWcc8mi_jApJQxQu1fjb4m4k5uRl3K62BtqSW9eTGtYlPZa5Zvqw_Nn4GIRBc_TRD69zj8NqqXmH0XewFYaXRbb5Lc33tBj_-Nu7nl2wCCzcWGMl9/s200/kaisya_uketsuke_woman.png	会社の受付のイラスト（女性）
pic	người phụ nữ làm việc ở máy tính	https://blogger.googleusercontent.com/img/b/R29vZ2xl/AVvXsEivfwAl8VwBZibThabg-742JLAR1jCz4xYzB-PWz0uSp_humZctSe3oLjmxxxfUG9uzKz5ofa2BjBv1h3PSunlyqmDxztcBcEH935_9VGCmalBUJN_nJPGlJiniWptJ83TssjXhowPzDXI/s200/thumbnail_computer_businesswoman.jpg	いろいろな表情のパソコンを使う会社員のイラスト（女性）
pic	bộ phận số 2 (mắt)	https://blogger.googleusercontent.com/img/b/R29vZ2xl/AVvXsEgLo3UW4k5aiGc-RnddKz_8S_fvX5vbw6D-pw5FOFXV476mI7abwj_UOHiz92gURDBjZsYh7KdcGpMRErHT8J9C3VjLJ4rtnj1es4iVOFmiZiYOahvSv1JRn_Vypp-UeNdiFUKmMUDeI4w/s200/thumbnail_eye.jpg	いろいろな目の表情のイラスト
pic	bộ phận số 3 (tai)	https://blogger.googleusercontent.com/img/b/R29vZ2xl/AVvXsEiEUW2rYBGsNMuKMhb94T4AYrF_zl3Tj4tJ9Pj2CfX_OzPPCoIMtLJAypCcEyQ6rnROgcVZK3UpaWyxOMxu3dye4CJn6Sz7pBjF3a2eV2Es6cT_y8jPKRdAvmpJfHi3AnLNpGh4QXU5OLc/s200/nanchou_ojiisan.png	耳の遠いお爺さんのイラスト
pic	bộ phận số 6 (mũi)	https://blogger.googleusercontent.com/img/b/R29vZ2xl/AVvXsEi9JiW9CrWjW5uW3tHAQZrrvqmlCxx3wEaaf35Wqln-bh0RE1qpbM_80fDZ80n37tp3DJJ8IjzPV8mK-VD3pS7vZL2U42gt-sD7hkwSioxQjCDFwsd354onH1PYYrjCaWDvGCzXLADPg28u/s200/kenkoushindan_hana_boy.png	鼻の検査のイラスト（健康診断・男の子）
pic	bộ phận số 7 (miệng)	https://blogger.googleusercontent.com/img/b/R29vZ2xl/AVvXsEiGExeBVkMOrpvWVYL5rm-zaIBNvQaPsvN4Zh8khB4ml8zZvgv0DNA_kwEbrIInmCtaYvbeqxzgJjWqPasJCwAeL3RKEl6ZF0cN5yuaUoeUdNvAAsTXYNczVt9FXpzaRWWvd_MR8Y6-LZIg/s200/thumbnail_kuchi_taisou.jpg	口の体操のイラスト
pic	bộ phận số 8 (cổ)	https://blogger.googleusercontent.com/img/b/R29vZ2xl/AVvXsEjxo1xSSoJM-_L18w4MB7Y0g4-sQO5-poHOLe1hn3Ki1U0Fj0uUlmpHa8N1XNMnZ_pQkgeT2jzMTiyD5R5pJTXwtFXJpKcfXguIxm_02Jff3FfN72lEgPWPm1_hzjvNmmSu9kNPgOlf3EuQ/s200/medical_corset_kuubi_woman.png	首にコルセットを巻いた人のイラスト（女性）
pic	bộ phận số 1 (bàn tay đang duỗi)	https://blogger.googleusercontent.com/img/b/R29vZ2xl/AVvXsEi52Qvqu6pT2ue5SJV1zJ6zACKN1V0Iz7a-TdVRM9TQ3Wk9X_mlZt_WbP4wPyVcAljUNOXN4mI6RmyVwdCrcPNL58SbNPszhtlTSkmBx45skJ7UIuSJXwTderp_bdnUKfmWT8LeJGHmrD88/s200/thumbnail_body_hand_hitosashiyubi.jpg	人差し指を立てた手のイラスト（掌・甲）
pic	bộ phận số 3 (bụng)	https://blogger.googleusercontent.com/img/b/R29vZ2xl/AVvXsEggNzW8yYxkPufsypiuWSLJXWtzxeFuHMCRhcPFlUpUH62n5WMRJFtiHiAX_UQD2QhHgXf_hQAcDRIFkOnNH9DFsONQNVvtsvyDUJTa914QL12l6fJQwGKtDGvYQNZiVfDREZBoD6eHZHqi/s200/body_danmen_shibou_normal.png	お腹の断面のイラスト
pic	bộ phận số 4 (chân)	https://blogger.googleusercontent.com/img/b/R29vZ2xl/AVvXsEgq972dTpHwLqVqlWzTVi3sOg5CRRKeLgOmruwbln_f_klAMWL9bDf-3_eafm3_ZSMu-bgOX8fqo5CBwDdYZYERWOtbgq3u5IxIhKCdtzKn-Y99FFLZyy23XlZKUB_G-k5z4RZsZBP8GWla/s200/thumbnail_body_foot_side_long.jpg	横から見た足のイラスト（ももまで）
pic	bộ phận số 5 (vai của cô gái)	https://blogger.googleusercontent.com/img/b/R29vZ2xl/AVvXsEhEt44_Xi_hIjGuo1DoIb8bDpHhs6KI-RiTj31ChAcQQDgTM5nSLUkrcxAV8D2cH5zw_uA-o4uQL35T1XFGQOAjTYFwrIftuRROQTnhCIynpfv4zFMWdhrhTwwUpF4H9tZe6vRuikIf7sA/s200/thumbnail_body_kata.jpg	普通の肩・いかり肩・なで肩のイラスト
pic	bộ phận số 8 (hông)	https://blogger.googleusercontent.com/img/b/R29vZ2xl/AVvXsEipEZSrsXQunxHgVY77L31P2nB7VccqDUyIQsc_MXgSZW908Ex7tvtVumbT3excHPsbZ87P9Csv7PSgnlYGUFFPu4DoGFeSe4goM-vx-B_0aJzt2WOrRpxkZ-BWO3_NQWGgdJxL5s4T0DaP/s200/koshi_supporter.png	腰のサポーターのイラスト
pic	số 9: cả người (toàn thân)	https://blogger.googleusercontent.com/img/b/R29vZ2xl/AVvXsEgZbKTNu3Lq0UqVaqLvzJA_ywFjQtKXqcrNZ1rkWvDKDeZiIyDG4XjABMwug7xixjHgutnXV0zUtiKT1y-XCYN03AVcAa4lsTaaKT9lShyphenhyphen9P_8M806gyQKj1qRPgDy7NWeUcHFStYL02fXr/s200/body_woman.png	女性の全身のイラスト（人体）
pic	người phụ nữ ôm đầu, nhăn mặt	https://blogger.googleusercontent.com/img/b/R29vZ2xl/AVvXsEgGzKBOWVvhRRkeB50g7w9fjkMoYTd40yBh58HxZLRVht1eMUrvm27MTDSORnA-tzdP_KKNhwkq-WwdTXN8Nhq4B0ZOE2VxJyjFAxpgt4HiqfpawPACdGCPy0-6wd4GWyfBvHCvJI8QS-s0/s200/virus_zutsuu2.png	頭痛のイラスト
pic	người đàn ông ngồi thở dài, uể oải	https://blogger.googleusercontent.com/img/b/R29vZ2xl/AVvXsEi5O7ebIPQwPb7j8zWG0W4g3EN_nlmRZvPEfGKxwGsCnV44eGJARhg0Zz2mBNr7m9BK61Ebp00-9v4cX_V-YkzlJB5YAj7Dpb9slFkX2GG7xGyXKCYl1wMwzi6eWXoCHVuQIFSjsaL-5CM/s200/tsukareta_business_man.png	疲れたサラリーマンのイラスト
pic	người nằm trên giường mở mắt, có trăng và đồng hồ	https://blogger.googleusercontent.com/img/b/R29vZ2xl/AVvXsEiBvp3wadGbYJGou94hzaKJfplyOilm_j2Dxi6LRHqq_1zcmPjKnGRIT-w0mhAMqpljmGVCzV4nDveH4mCwbcp86kjXcNAjwzXafLqLfHVFPQGlFIgSiTeaLn6LsfPISQe9ZmGNMOn0utDW/s200/nettaiya.png	熱帯夜のイラスト
pic	người chạy trong công viên	https://blogger.googleusercontent.com/img/b/R29vZ2xl/AVvXsEgObXiRcg5Imb8HqB2IlD2bZeJYBMF4p_HMrkpCEuATy7G5OAZcO-5r6DMzzuwTWTRKOxT_fo_pE_qtyJf3EbhxxmxxSeIsQWW7NUoNIUtm1MJ9Kufzf28Mi-LuYzrCt6xhpBpw7Z6LJ9au/s200/thumbnail_sport_jogging_man.jpg	いろいろなジョギングをする人のイラスト（帽子付き）
pic	cô gái tập với máy tập tạ	https://blogger.googleusercontent.com/img/b/R29vZ2xl/AVvXsEjNFVnJ8zlEvtkRBXzhWkO5O8P0rM9yf2kj_UllcsC0Zr3K7FydyeNwisHcdOc2_gtLAFy82a_6GfQiGpqOgsvvzeBostSQcjicKmzPv7CZyfUrGV0YqnnST2FsqgjULxM0ndu4cflQwT8/s200/dumbbell_woman.png	筋トレのイラスト「ダンベルを持ち上げる女性」
pic	người ngồi xếp bằng thiền trên thảm	https://blogger.googleusercontent.com/img/b/R29vZ2xl/AVvXsEhvrs8eupfgacF2GFYbZvb2VDj-gJnCb4GU9GcUABC3fPZHaUSQZ5S_-HA_vLgPtd3_N3urrhj8sMaMaB-1uIAuBAY993o9rHw01Gk4WbAYoDxF5bdxOsByqcj9Wz5FQOcGNqtdRP-1x8s/s200/yoga_meisou.png	ヨガのイラスト「瞑想」
pic	người khuỵu gối giãn cơ chân	https://blogger.googleusercontent.com/img/b/R29vZ2xl/AVvXsEiPe96Z3x1wgHluJNQBsNFwx2LL9GpRSJaZOdEFNLeHPDQlW-Bnuyr2Kf3BDBv8Y409Bp4A3tp3ISRjr_OoZAeSpSHUUqe0IQ7taKF4QFfLZGMl1kIlL-LVnaxX4Nqtxevb-EotUSdF0C4/s200/achilles_woman.png	アキレス腱ストレッチのイラスト（女性）
pic	cô gái nhảy theo nhạc từ máy cát-sét	https://blogger.googleusercontent.com/img/b/R29vZ2xl/AVvXsEjZ4uTUHRn48p2uNc1CogA6429BYOsqeSE2kob8cd1_6CLUYfm0VUBq5bLjtBqLWjDws-tSGz5BPIKT2UQbk7RLmikThAAhyphenhyphenhEAVo_IClMlfVW9VHZ95itMDBjSMUxMHEmMrH_HgsBqSRk/s200/dance_limbo_woman.png	リンボーダンスのイラスト（女性）
pic	cậu bé thổi nến bánh kem, có hộp quà	https://blogger.googleusercontent.com/img/b/R29vZ2xl/AVvXsEgtwmIEjgaoGkZoNNA5L2JuOx1dC_hNNdD7cwD7CqfdswEzjeoO564Ng9b6oNNfixrKveWFV0j_xOeO7gBMr3XAx1Un48h5aqJ64hR3r_xp-plshgjW8fAVAE3iVeqqe38v-fHmw4d-wYM/s200/birthdayparty_boy2.png	誕生日のイラスト「バースデーパーティー・男の子」
pic	con tặng quà cho mẹ	https://blogger.googleusercontent.com/img/b/R29vZ2xl/AVvXsEjrI7OLzkWV12P9nAnvLO0QtgUvtY4p0imLRBcMP2uV4c1bkKDc25RpVvVQep_yzoNSiK2mFPtlbGEfOuSiNqlZH6Um8nlCfctatU_sPI62c_WCyr1aZFAjELQXP9gOcz_hiQDR0xUdrGZP/s200/hahanohi_present.png	母の日のイラスト「お母さんにプレゼント」
pic	con tặng quà cho bố	https://blogger.googleusercontent.com/img/b/R29vZ2xl/AVvXsEi7cFho4Pqv5rhYKx5B6gbcvgR1j7aj1vGWU7npv43g4RpM2HSOaKK8fGliGteyeN9TGadI3y9rif6pQWDJxGKJ6SDyFO5QgHsj0V-685-E8jNbrvrksfK6azFtoPAy0H2qZUP_SHZYbQY7/s200/chichinohi_present_oyako_white.png	父の日のイラスト「お父さんにプレゼント」
pic	cây thông Noel và hộp quà	https://blogger.googleusercontent.com/img/b/R29vZ2xl/AVvXsEjbnH7u4XJRBiztRYMBMMIuPxOsoQISQwvYtbQdLcWTMWJC-vFy6fSxxfxrjqiMGWzrBOvQtSKK9ncC_YU12d72_8FpiGtMqRXI7Pna2JD4cNuds7Bp1rMeftRogsv3iE078iEBeevgxT0/s200/thumbnail_christmas_ornament.jpg	いろいろなクリスマスの飾りのイラスト
pic	lịch tháng 2, ngày 14 có trái tim	https://blogger.googleusercontent.com/img/b/R29vZ2xl/AVvXsEhii1DKh5vKyY0gficYVFXbchVj9IRt2mQydEJAiKsYBWnS-h86aGfcYqiLonHXXpgFaFxgZJsC8mLOlaIsOmQlVvtVv_riZrWJa1fbkqJpBq9x_KrK22PBAvNFUoH8B8oOfoPVMetpkqlb/s200/text_season_valentinesday.png	「バレンタインデー」のイラスト文字
pic	người mặc vest xách cặp đứng cạnh tòa nhà công ty	https://blogger.googleusercontent.com/img/b/R29vZ2xl/AVvXsEgnYdZ13dICc9MQnUzT7c1DvdOrue7vZ3VWmdV6Eb8J95IpUIFBSbSyv0NhpJ6-QbXFwTAYtAxlQT3q6QMAVtWtjk_8TGvUmMnNsTXE8HYSEXsfw9bDcM2qNl1iPAStLwHbHVV6gzL8p_0D/s200/syukatsu.png	就活生のイラスト
pic	cô dâu chú rể trong lễ cưới	https://blogger.googleusercontent.com/img/b/R29vZ2xl/AVvXsEgTAKt8Kl1wsLG0CE6IGt_7NyPAo9lGRRZ30Fs2B19SXwOe3M8-V4Ee28lnjMpEFx862I-F66cg0PctGKv_UjClkVi_-_kpMwmCFuUfw022TsH3_7TXFdjNab82tVyNkM85uJyCvVNkjwQE/s200/wedding_syukufuku.png	祝福されている新郎新婦のイラスト（結婚式）
