敷く	しく	ban hành (lệnh); trải	
以来	いらい	kể từ khi	
怯える	おびえる	sợ hãi, khiếp sợ	
つぐむ	つぐむ	ngậm miệng, im lặng	
ちゃ	ちゃ	-	
こもれる	こもれる	-	
茶屋	ちゃや	quán trà	
お待ち	おまち	đang chờ (kính ngữ)	
びょうぶ	びょうぶ	bình phong	
うし	うし	-	
屏風	びょうぶ	bình phong	
向こう	むこう	phía bên kia	
影	かげ	bóng, hình bóng	
映る	うつる	in bóng, phản chiếu	
奉行	ぶぎょう	Phụng hành (cơ quan, quan chức)	
綾	あや	-	
なんで	なんで	tại sao	
隠れる	かくれる	ẩn nấp, trốn	
無礼	ぶれい	vô lễ, thất lễ	
お許し	おゆるし	sự tha thứ (kính ngữ)	
ご用	ごよう	việc, công việc (kính ngữ)	
はぐれる	はぐれる	thất lạc, lạc mất	
雷電	らいでん	sấm sét, lôi điện	
会える	あえる	có thể gặp	
つらい	つらい	khổ sở, đau lòng	
離れ離れ	はなればなれ	chia lìa, xa cách	
さぞ	さぞ	hẳn là, chắc hẳn	
辛い	つらい	khổ sở, đau lòng	
拝謁	はいえつ	yết kiến (khiêm nhường)	
容易	ようい	dễ dàng	
先	さき	trước; phía trước	
力添え	ちからぞえ	giúp sức, hỗ trợ	
任せる	まかせる	giao phó, để cho	
まえる	まえる	-	
陰	かげ	chỗ khuất, phía sau	
淡い	あわい	nhạt, nhẹ	
気品	きひん	khí chất thanh cao	
パイ	ぱい	-	
よろしく	よろしく	mong được giúp đỡ	
話せる	はなせる	có thể nói chuyện	
拝見	はいけん	xem (khiêm nhường)	
見知り	みしり	quen biết (お見知りおき: xin ghi nhớ)	
早朝	そうちょう	sáng sớm	
屋敷	やしき	dinh thự	
花びら	はなびら	cánh hoa	
霜	しも	sương giá	
まとう	まとう	khoác, phủ lên mình	
木の下	このした	dưới gốc cây	
のれん	のれん	-	
はなせる	はなせる	có thể rời (mắt); buông ra	
剣	けん	kiếm	
太刀筋	たちすじ	đường kiếm	
すげる	すげる	-	
まあ	まあ	ôi, chà	
見苦しい	みぐるしい	khó coi, không đẹp mắt	
なんだか	なんだか	không hiểu sao, có vẻ	
幻想	げんそう	huyền ảo, ảo mộng	
いとしい	いとしい	-	
決して	けっして	tuyệt đối (không)	
屈す	くっす	khuất phục	
民	みん	người dân	たみ
務め	つとめ	bổn phận, nhiệm vụ	
凛と	りんと	hiên ngang, nghiêm trang	
光栄	こうえい	vinh hạnh	
いただける	いただける	được nhận (khiêm nhường)	
ですが	ですが	tuy nhiên	
日々	ひび	ngày ngày, mỗi ngày	
励む	はげむ	nỗ lực, chăm chỉ	
怠ける	なまける	lười biếng	
きらきら	きらきら	lấp lánh	
吹き抜ける	ふきぬける	thổi qua	
光	ひかり	ánh sáng	
きらめく	きらめく	lấp lánh, lóe sáng	
舞い上がる	まいあがる	bay lên, tung bay	
こんな	こんな	như thế này	
そんなふうに	そんなふうに	theo cách như thế	
ご覧	ごらん	xem (kính ngữ)	
覆う	おおう	bao phủ, che phủ	
夕方	ゆうがた	buổi chiều tối	
天守閣	てんしゅかく	tháp chính của thành	
夕暮れ	ゆうぐれ	hoàng hôn	
導く	みちびく	dẫn dắt	
丘	おか	ngọn đồi	
登る	のぼる	leo lên, trèo	
彼方	かなた	phía xa, đằng xa	
そびえる	そびえる	sừng sững, vươn cao	
天領	てんりょう	Thiên Lĩnh (lãnh địa trực thuộc)	
推し進める	おしすすめる	thúc đẩy	
到底	とうてい	hoàn toàn (không thể)	
もむ	もむ	-	
うもれる	うもれる	bị vùi lấp	
閉ざす	とざす	đóng chặt, phong tỏa	
門	もん	cổng	
細腕	ほそうで	cánh tay yếu ớt	
いなむ	いなむ	-	
そんな	そんな	như thế	
証	あかし	bằng chứng, minh chứng	
いたく	いたく	đau (dạng của 痛い)	
締めつける	しめつける	siết chặt, thắt lại	
小さな	ちいさな	nhỏ bé	
ふわり	ふわり	nhẹ nhàng, bồng bềnh	
そっと	そっと	khẽ khàng, nhẹ nhàng	
掌	てのひら	lòng bàn tay	
浮かび上がる	うかびあがる	nổi lên, hiện lên	
それでも	それでも	dù vậy	
どうか	どうか	xin hãy, làm ơn	
お力	おちから	sức lực, sự giúp đỡ (kính ngữ)	
背負う	せおう	gánh vác; cõng	
具体	ぐたい	cụ thể	
まずは	まずは	trước hết	
手はず	てはず	sự sắp xếp, kế hoạch	
夕日	ゆうひ	mặt trời lặn, nắng chiều	
夕陽	ゆうひ	mặt trời lặn, nắng chiều	
一滴	いってき	một giọt	
しずく	しずく	giọt nước	
濡らす	ぬらす	làm ướt	
もん	もん	cổng	
幾重	いくえ	nhiều lớp	
共に	ともに	cùng nhau	
非番	ひばん	ngày nghỉ, không trực	
装い	よそおい	trang phục, cách ăn mặc	
こっそり	こっそり	lén lút	
バレる	ばれる	bị lộ	
暮らし	くらし	cuộc sống, sinh hoạt	
せんする	せんする	-	
走り回る	はしりまわる	chạy khắp nơi	
扇	おうぎ	quạt	
軒	のき	mái hiên	
連ねる	つらねる	xếp thành dãy	
笑い声	わらいごえ	tiếng cười	
一生	いっしょう	cả đời (一生けんめい: hết sức)	
けんめい	けんめい	hết sức, cố gắng	
時勢	じせい	thời thế	
懸命	けんめい	hết sức, cố gắng	
紡ぐ	つむぐ	kéo sợi; vun đắp	
店先	みせさき	trước cửa hàng	
幼い	おさない	nhỏ tuổi, bé	
どうやら	どうやら	có vẻ như	
破れる	われる	bị rách	やぶれる
気の毒	きのどく	tội nghiệp, đáng thương	
差し上げる	さしあげる	biếu, làm cho (khiêm nhường)	
折る	おる	gấp; bẻ	
こういう	こういう	như thế này	
とく	とく	-	
名案	めいあん	ý hay	
嗜む	たしなむ	thạo, có sở thích	
多少	たしょう	đôi chút	
心得	こころえ	hiểu biết, kiến thức	
おる	おる	gấp (giấy)	
指先	ゆびさき	đầu ngón tay	
ぱっと	ぱっと	bừng lên, đột ngột	
笑み	えみ	nụ cười	
彩り	いろどり	sắc màu	
錦絵	にしきえ	tranh khắc gỗ màu	
一筋	ひとすじ	một sợi, một nét	
ないしょ	ないしょ	bí mật	
内密	ないみつ	bí mật, kín đáo	
縁側	えんがわ	hiên nhà	
見上げる	みあげる	ngước nhìn	
まんま	まんま	-	
後ほど	のちほど	lát nữa, sau đó	
満ちる	みちる	tròn đầy, tràn đầy	
ついで	ついで	kế thừa (継いで)	
ささえる	ささえる	nâng đỡ, hỗ trợ	
和歌	わか	thơ waka	
家督	かとく	quyền thừa kế gia tộc	
支える	ささえる	nâng đỡ, hỗ trợ	
涙す	なみだす	rơi lệ	
白鷺	しらさぎ	cò trắng	
姫君	ひめぎみ	công chúa, tiểu thư	
抱え込む	かかえこむ	ôm ấp, gánh một mình	
しん	しん	-	
誇り	ほこり	niềm tự hào	
しれる	しれる	được biết (かもしれない: có lẽ)	
けれど	けれど	nhưng	
傍	はた	bên cạnh	そば
歩む	あゆむ	bước đi	
報う	むくう	được đền đáp	
いたす	いたす	làm (khiêm nhường)	
再び	ふたたび	lại lần nữa	
月光	げっこう	ánh trăng	
照らす	てらす	chiếu sáng	
巡る	めぐる	xoay vòng, quay lại	
これから	これから	từ bây giờ	
満たす	みたす	làm đầy	
さて	さて	nào, vậy thì	
用意	ようい	chuẩn bị	
鳴神	なるかみ	Narukami (thần sấm)	
大社	たいしゃ	đền lớn	
廃止	はいし	bãi bỏ	
一行	いっこう	đoàn, nhóm người	
神木	しんぼく	cây thần	
月明かり	つきあかり	ánh trăng	
満開	まんかい	nở rộ	
紅	べに	màu đỏ son	
持ち主	もちぬし	chủ sở hữu	
ゴーン	ごうん	(tiếng chuông) boong	
かね	かね	chuông	
鐘	かね	chuông	
鳴り響く	なりひびく	vang dội	
余韻	よいん	dư âm	
きち	きち	-	
大吉	だいきち	đại cát	
良縁	りょうえん	lương duyên	
いよいよ	いよいよ	càng ngày càng; cuối cùng	
記す	しるす	ghi chép	
友	とも	bạn	
とっくに	とっくに	từ lâu rồi	
今宵	こよい	đêm nay	
生涯	しょうがい	cả đời	
おいおい	おいおい	này này	
かなう	かなう	thành hiện thực	
叶う	かなう	thành hiện thực	
夜空	よぞら	bầu trời đêm	
うつる	うつる	in bóng, phản chiếu	
夜更け	よふけ	đêm khuya	
ほとり	ほとり	bờ, ven	
水面	すいめん	mặt nước	
満月	まんげつ	trăng tròn	
踏み出す	ふみだす	bước ra	
しらす	しらす	-	
しら	しら	-	
水底	すいてい	đáy nước	
いずれ	いずれ	rồi sẽ, sớm muộn	
それでは	それでは	vậy thì	
閉じる	とじる	đóng, gấp lại	
預ける	あづける	gửi, giao cho	あずける
そく	そく	-	
召し上がる	めしあがる	ăn, uống (kính ngữ)	
一服	いっぷく	một chén (trà)	
あんまり	あんまり	không... lắm	
作法	さほう	lễ nghi, phép tắc	
伸びる	のびる	vươn ra, duỗi ra	
せんべい	せんべい	bánh gạo	
しおからい	しおからい	mặn	
煎餅	せんべい	bánh gạo	
渋	しぶ	chát, đậm vị	
格別	かくべつ	đặc biệt	
見とれる	みとれる	ngắm say mê	
月夜	つきよ	đêm trăng	
離島	りとう	đảo xa; Ritou (địa danh)	
いろんな	いろんな	nhiều loại	
こく	こく	-	
聞ける	きける	có thể nghe	
異国	いこく	nước ngoài	
取り仕切る	とりしきる	điều hành, quản lý	
手がける	てがける	tự tay làm	
よろしい	よろしい	được, tốt (lịch sự)	
お作り	おつくり	làm (kính ngữ)	
づける	づける	-	
茶漬け	ちゃづけ	cơm chan trà	
温まる	あたたまる	ấm lên	
密か	ひそか	thầm kín, bí mật	
早起き	はやおき	dậy sớm	
はける	はける	-	
日の出	ひので	mặt trời mọc	
三文	さんもん	ba đồng (chút ít)	
徳	とく	lợi ích; đức	
掘り出し物	ほりだしもの	món hời, đồ quý tìm được	
中ごろ	なかごろ	-	
たま	たま	thỉnh thoảng (たまに)	
休息	きゅうそく	nghỉ ngơi	
正直	しょうじき	thật lòng, thành thật	
なさる	なさる	làm (kính ngữ)	
おっしゃる	おっしゃる	nói (kính ngữ)	
お話し	おはなし	nói chuyện (khiêm nhường)	
終える	おえる	kết thúc	
見つけ出す	みつけだす	tìm ra	
言える	いえる	có thể nói	
西風	せいふう	gió tây	
騎士	きし	hiệp sĩ	
本部	ほんぶ	trụ sở chính	
踏み入れる	ふみいれる	bước vào	
るい	るい	-	
執務	しつむ	làm việc công vụ	
黙々と	もくもくと	lặng lẽ, miệt mài	
代理	だいり	quyền, thay mặt	
団長	だんちょう	đoàn trưởng	
こんなに	こんなに	nhiều thế này	
うわる	うわる	-	
ファ	ふぁ	-	
遠征	えんせい	viễn chinh	
その間	そのかん	trong khoảng thời gian đó	
預かる	あずかる	nhận trông giữ, đảm nhận	
あらし	あらし	bão	
おそう	おそう	tấn công	
嵐	あらし	bão	
幾度	いくど	nhiều lần	
襲う	おそう	tấn công	
そもそも	そもそも	vốn dĩ, ngay từ đầu	
心強い	こころづよい	yên tâm, vững dạ	
腕前	うでまえ	tài nghệ, bản lĩnh	
かつて	かつて	trước đây, từng	
守護	しゅご	bảo vệ, thủ hộ	
牙	きば	nanh	
ふきこむ	ふきこむ	thổi vào	
突風	とっぷう	cơn gió mạnh bất chợt	
吹き込む	ふきこむ	thổi vào	
穏やか	おだやか	êm dịu, ôn hòa	
荒れる	あれる	dữ dội, hỗn loạn	
とりもどす	とりもどす	lấy lại	
取り戻す	とりもどす	lấy lại	
きし	きし	hiệp sĩ	
見回る	みまわる	đi tuần tra	
同行	どうこう	đi cùng	
巡回	じゅんかい	tuần tra	
見回り	みまわり	tuần tra	
自ら	みずから	tự mình	
くらし	くらし	cuộc sống, sinh hoạt	
聞こえる	きこえる	nghe thấy	
ヒルチャール	ひるちゃある	Hilichurl (quái vật)	
しょうにん	しょうにん	thương nhân	
かこむ	かこむ	bao vây	
悲鳴	ひめい	tiếng thét	
群れ	むれ	bầy, đàn	
行商	ぎょうしょう	người bán hàng rong	
荷車	にぐるま	xe chở hàng	
取り囲む	とりかこむ	vây quanh	
引き受ける	ひきうける	đảm nhận, nhận lấy	
商人	しょうにん	thương nhân	
護衛	ごえい	hộ tống, bảo vệ	
食い止める	くいとめる	chặn đứng	
下がる	さがる	lùi lại	
うず	うず	xoáy	
まく	まく	cuộn (xoáy)	
飛ばす	とばす	thổi bay, làm bay	
一閃	いっせん	một nhát chém chớp nhoáng	
渦巻く	うずまく	cuộn xoáy	
疾風	しっぷう	gió mạnh, cuồng phong	
巻く	まく	cuộn, quấn	
魔物	まもの	quái vật, ma vật	
吹き飛ばす	ふきとばす	thổi bay	
竜巻	たつまき	lốc xoáy	
けがす	けがす	-	
ちょうと	ちょうと	-	
かする	かする	sượt qua (かすり傷: vết xước)	
いも	いも	-	
あんなに	あんなに	đến thế, như vậy	
だが	だが	nhưng	
種	たね	hạt giống	
守れる	まもれる	có thể bảo vệ	
昼下がり	ひるさがり	đầu giờ chiều	
にぎわう	にぎわう	nhộn nhịp, đông vui	
待てる	まてる	chờ đã (待て)	
流れ	ながれ	dòng chảy, luồng	
妙	みょう	kỳ lạ	
突如	とつじょ	đột nhiên	
吹き荒れる	ふきあれる	thổi dữ dội	
看板	かんばん	biển hiệu	
頭上	ずじょう	trên đầu	
瞬時	しゅんじ	trong nháy mắt	
駆け寄る	かけよる	chạy lại gần	
障壁	しょうへき	bức chắn, rào chắn	
かばう	かばう	che chở, bảo vệ	
砕ける	くだける	vỡ vụn	
木片	もくへん	mảnh gỗ	
かすめる	かすめる	sượt qua, lướt qua	
かけよる	かけよる	chạy lại gần	
泣き	なき	khóc (泣きべそ: mếu máo)	
べそ	べそ	mếu máo (泣きべそ)	
血	ち	máu	
手当て	てあて	băng bó, sơ cứu	
程度	ていど	mức độ	
危険	きけん	nguy hiểm	
さらす	さらす	phơi ra (危険にさらす: đặt vào nguy hiểm)	
清潔	せいけつ	sạch sẽ	
布	ぬの	vải	
代々	だいだい	đời đời, nhiều thế hệ	
一族	いちぞく	gia tộc	
口癖	くちぐせ	câu cửa miệng	
明かり	あかり	ánh đèn	
灯り	あかり	ánh đèn	
ともる	ともる	(đèn) sáng, thắp	
扉	とびら	cánh cửa	
片付く	かたづく	được dọn dẹp, xong xuôi	
あらあら	あらあら	ôi chà	
淹		pha (trà)	いれる
まかせる	まかせる	giao phó	
託す	たくす	ủy thác, gửi gắm	
足りる	たりる	đủ	
補う	おぎなう	bù đắp	
はた	はた	lá cờ	
旗	はた	lá cờ	
はためく	はためく	phấp phới	
信頼	しんらい	tin tưởng	
どんなに	どんなに	dù thế nào, biết bao	
手分け	てわけ	chia nhau làm	
提案	ていあん	đề xuất	
思える	おもえる	có thể nghĩ, cảm thấy	
半ば	なかば	nửa, phần nào	
強引	ごういん	cưỡng ép, ép buộc	
地	ち	vùng đất	
連れ出す	つれだす	dẫn ra ngoài	
たんぽぽ	たんぽぽ	hoa bồ công anh	
タンポポ	たんぽぽ	hoa bồ công anh	
綿毛	わたげ	lông tơ (bồ công anh)	
どうにも	どうにも	thế nào cũng (không)	
草	くさ	cỏ	
ねころぶ	ねころぶ	nằm dài	
寝転ぶ	ねころぶ	nằm dài	
摘む	つまむ	hái	つむ
吹きかける	ふきかける	thổi vào	
初耳	はつみみ	lần đầu nghe	
教会	きょうかい	nhà thờ	
もしかして	もしかして	có lẽ nào, phải chăng	
祈祷	きとう	cầu nguyện	
牧師	ぼくし	mục sư	
剣術	けんじゅつ	kiếm thuật	
勉学	べんがく	học tập	
記憶	きおく	ký ức	
さかせる	さかせる	làm nở (hoa)	
根	ね	rễ	
咲かせる	さかせる	làm nở (hoa)	
ひさし	ひさし	-	
休める	やすめる	có thể nghỉ ngơi	
勇気	ゆうき	dũng khí	
たおれる	たおれる	ngã, gục ngã	
倒れる	たおれる	ngã, gục ngã	
急ぎ	いそぎ	vội vàng, gấp	
聖堂	せいどう	thánh đường	
駆け込む	かけこむ	chạy vào	
なおす	なおす	chữa khỏi	
姉ちゃん	ねえちゃん	chị (thân mật)	
治療	ちりょう	chữa trị	
癒す	いやす	chữa lành, xoa dịu	
包み込む	つつみこむ	bao bọc	
やがて	やがて	chẳng mấy chốc	
まぶた	まぶた	mí mắt	
いける	いける	được, ổn (いけない: không được)	
すっごい	すっごい	cực kỳ, ghê lắm	
ねえさん	ねえさん	chị	
本音	ほんね	lời thật lòng	
本当は	ほんとうは	thật ra thì	
眩しい	まぶしい	chói lóa, rạng rỡ	
じまん	じまん	niềm tự hào; khoe khoang	
自慢	じまん	niềm tự hào; khoe khoang	
ステンドグラス	すてんどぐらす	kính màu	
しまう	しまう	-	
おたがいに	おたがいに	lẫn nhau	
式典	しきてん	buổi lễ	
執り行う	とりおこなう	cử hành, tổ chức	
功績	こうせき	công lao	
称える	たたえる	ca ngợi, tôn vinh	
栄誉	えいよ	vinh dự	
称号	しょうごう	danh hiệu	
授ける	さづける	trao tặng	さずける
あい	あい	-	
相棒	あいぼう	bạn đồng hành, cộng sự	
城壁	じょうへき	tường thành	
星空	ほしぞら	bầu trời sao	
はしゃぐ	はしゃぐ	vui đùa, phấn khích	
圧政	あっせい	bạo chính, áp bức	
解き放つ	ときはなつ	giải phóng	
築く	きずく	xây dựng	
英雄	えいゆう	anh hùng	
獅子	しし	sư tử	
やれる	やれる	làm được	
迷い	まよい	sự do dự, phân vân	
振るう	ふるう	vung (kiếm)	
はけ	はけ	-	
かかげる	かかげる	giơ cao	
掲げる	かかげる	giơ cao	
刀身	とうしん	thân kiếm	
そくす	そくす	-	
ちかう	ちかう	thề	
しし	しし	sư tử	
きば	きば	nanh	
誓う	ちかう	thề	
かけがえ	かけがえ	sự thay thế (かけがえのない: vô giá)	
守り抜く	まもりぬく	bảo vệ đến cùng	
出会える	であえる	có thể gặp gỡ	
なかなか	なかなか	mãi mà (không); khá	
説得	せっとく	thuyết phục	
楽しめる	たのしめる	có thể tận hưởng	
がんばれる	がんばれる	có thể cố gắng	
頑張れる	がんばれる	có thể cố gắng	
生徒	せいと	học sinh	
慕う	したう	quý mến, ngưỡng mộ	
参考	さんこう	tham khảo	
数少ない	かずすくない	ít ỏi	
すっきり	すっきり	sảng khoái, thông suốt	
合間	あいま	lúc rảnh, khoảng giữa	
鹿	しか	con hươu	
他愛	たあい	vô tư, vặt vãnh (他愛もない)	
姉さん	ねえさん	chị	
頼もしい	たのもしい	đáng tin cậy	
お母様	おかあさま	mẹ (kính ngữ)	
愛	あい	tình yêu	
愛情	あいじょう	tình thương	
食卓	しょくたく	bàn ăn	
囲む	かこむ	quây quần, vây quanh	
総出	そうで	toàn bộ cùng ra	
大樹	たいじゅ	cây lớn	
木陰	こかげ	bóng cây	
昼寝	ひるね	ngủ trưa	
シードル	しいどる	rượu táo (cider)	
湖	みずうみ	hồ	
しく	しく	-	
絶品	ぜっぴん	tuyệt phẩm	
選べる	えらべる	có thể chọn	
他者	たしゃ	người khác	
ひつ	ひつ	-	
天井	てんじょう	trần nhà	
書架	しょか	giá sách	
インク	いんく	mực	
香り	かおり	mùi hương	
漂う	ただよう	lan tỏa, phảng phất	
手がかり	てがかり	manh mối	
つば	つば	vành (mũ)	
頬杖	ほおづえ	chống cằm	
気持ちよい	きもちよい	dễ chịu, thoải mái	
うたた寝	うたたね	ngủ gà ngủ gật	
お客	おきゃく	khách	
日差し	ひざし	ánh nắng	
司書	ししょ	thủ thư	
居眠り	いねむり	ngủ gật	
基本	きほん	cơ bản	
各国	かっこく	các nước	
案外	あんがい	không ngờ, bất ngờ	
記録	きろく	ghi chép, tư liệu	
わたす	わたす	đưa, trao	
かしだす	かしだす	cho mượn	
手渡す	てわたす	trao tận tay	
貸出	かしだし	cho mượn	
さらさら	さらさら	(viết) loạt soạt, trôi chảy	
ただし	ただし	tuy nhiên, nhưng	
返却	へんきゃく	trả lại	
もし	もし	nếu	
お仕置き	おしおき	hình phạt	
パチパチ	ぱちぱち	(tiếng) lách tách	
さき	さき	-	
パチ	ぱち	(tiếng) lách tách	
紫色	むらさきいろ	màu tím	
稲妻	いなづま	tia chớp	
パチッ	ぱちっ	(tiếng) tách	
弾ける	はじける	nổ tung, bắn tách	
逆立つ	さかだつ	dựng đứng (tóc)	
びり	びり	(điện giật) tê rần	
ビリビリ	びりびり	tê rần rần (điện giật)	
了解	りょうかい	hiểu rồi, rõ	
ちなみに	ちなみに	nhân tiện	
素直	すなお	ngoan ngoãn, thẳng thắn	
ちょうだい	ちょうだい	cho tôi (xin)	
どうしても	どうしても	dù thế nào cũng	
魔女	まじょ	phù thủy	
のぞき込む	のぞきこむ	nhìn vào, ngó vào	
青ざめる	あおざめる	tái mặt	
叫び声	さけびごえ	tiếng hét	
優雅	ゆうが	thanh lịch, tao nhã	
傾ける	かたむける	nghiêng	
覚悟	かくご	chuẩn bị tinh thần	
ふわっと	ふわっと	phồng lên, bồng bềnh	
指	ゆび	ngón tay	
紫電	しでん	tia điện tím	
膨らむ	ふくらむ	phồng lên	
すい	すい	-	
なお	なお	-	
おしまい	おしまい	kết thúc, hết	
操れる	あやつれる	có thể điều khiển	
惜しむ	おしむ	tiếc, tiếc rẻ	
導	しるべ	-	
生まれ	うまれ	nơi sinh, xuất thân	
知恵	ちえ	trí tuệ	
天才	てんさい	thiên tài	
がく	がく	-	
優等生	ゆうとうせい	học sinh ưu tú	
優秀	ゆうしゅう	ưu tú, xuất sắc	
それほど	それほど	đến mức đó	
とんでも	とんでも	(とんでもない) phi thường, ghê gớm	
とれる	とれる	lấy được, nắm được	
知	ち	tri thức, hiểu biết	
つかむ	つかむ	nắm lấy	
やけど	やけど	bỏng	
知識	ちしき	kiến thức	
電流	でんりゅう	dòng điện	
掴む	つかむ	nắm lấy	
動ける	うごける	có thể cử động	
差し出す	さしだす	đưa ra	
作戦	さくせん	kế hoạch tác chiến	
神殿	しんでん	thần điện	
古	いにしえ	thời xưa	
源	みなもと	nguồn gốc	
結晶	けっしょう	tinh thể	
放つ	はなつ	bỏ mặc (放っておく)	ほうる
スライム	すらいむ	slime (quái vật)	
渦	うず	xoáy	
わっ	わっ	oái, ôi	
せっかち	せっかち	nóng vội	
そこで	そこで	ở đó; vì vậy	
大人しい	おとなしい	ngoan, yên lặng	
終わらせる	おわらせる	kết thúc, làm cho xong	
たのもしい	たのもしい	đáng tin cậy	
範囲	はんい	phạm vi	
きが	きが	-	
杖	つえ	gậy, trượng	
結界	けっかい	kết giới	
ぴくり	ぴくり	(động đậy) giật nhẹ	
退ける	しりぞける	đẩy lùi	
最奥	さいおう	nơi sâu nhất	
かざす	かざす	giơ (tay) lên	
荒れ狂う	あれくるう	cuồng nộ, hoành hành	
静まる	しずまる	lắng xuống	
あずかる	あずかる	được nhận (お褒めにあずかる)	
丸	まる	tròn; trọn (丸一日)	
帰り	かえり	đường về	
鎮める	しずめる	trấn áp, làm lắng xuống	
刻む	きざむ	khắc, ghi khắc	
静まり返る	しずまりかえる	im phăng phắc	
廊下	ろうか	hành lang	
ぽつんと	ぽつんと	lẻ loi, trơ trọi	
灯る	ともる	(đèn) sáng	
睨める	ねめる	-	
届け	とどけ	đem đến (届ける)	
埋もれる	うずもれる	bị vùi lấp	
どうせ	どうせ	đằng nào cũng	
案件	あんけん	vụ việc, hồ sơ	
整理	せいり	sắp xếp	
手伝える	てつだえる	có thể giúp	
ことわれる	ことわれる	có thể từ chối	
一山	ひとやま	một đống	
湯気	ゆげ	hơi nước	
立ちのぼる	たちのぼる	bốc lên	
眉間	みけん	giữa hai lông mày	
しわ	しわ	nếp nhăn	
ほどける	ほどける	giãn ra, tháo ra	
近づく	ちかづく	đến gần	
引き合う	ひきあう	hút nhau	
合える	あえる	(通じ合える) có thể thấu hiểu nhau	
時点	じてん	thời điểm	
共鳴	きょうめい	cộng hưởng, đồng cảm	
漏れる	もれる	lọt ra, rò ra	
降り続く	ふりつづく	mưa rơi liên tục	
時おり	ときおり	thỉnh thoảng	
稲光	いなびかり	tia chớp	
混じる	こんじる	lẫn vào, pha trộn	まじる
気配	けはい	dấu hiệu, hơi hướng	
降り注ぐ	ふりそそぐ	trút xuống	
語りかける	かたりかける	nói chuyện với, thủ thỉ	
ぽつりぽつり	ぽつりぽつり	lác đác, từng chút một	
語る	かたる	kể	
書物	しょもつ	sách vở	
かじりつく	かじりつく	bám chặt, cắm cúi	
たまらない	たまらない	không chịu nổi; vô cùng	
追いかける	おいかける	đuổi theo	
追い求める	おいもとめる	theo đuổi	
すり減らす	すりへらす	mài mòn, hao mòn	
学者	がくしゃ	học giả	
しるこ	しるこ	-	
代償	だいしょう	cái giá phải trả	
ひきつける	ひきつける	thu hút	
測る	はかる	đo lường, đánh giá	
ひときわ	ひときわ	nổi bật, đặc biệt	
雨脚	あまあし	hạt mưa, cơn mưa	
弱まる	よわまる	yếu đi	
そろそろ	そろそろ	sắp sửa	
湿っぽい	しめっぽい	ẩm ướt; u buồn	
雨上がり	あめあがり	sau cơn mưa	
お話	おはなし	câu chuyện (lịch sự)	
やり方	やりかた	cách làm	
むしろ	むしろ	ngược lại, đúng hơn là	
紛らわせる	まぎらわせる	khuây khỏa, giải khuây	
申し出	もうしで	lời đề nghị	
秘伝	ひでん	bí truyền	
決め手	きめて	yếu tố quyết định	
洗い流す	あらいながす	rửa trôi	
狼	おおかみ	sói	
少年	しょうねん	thiếu niên	
ぐにゃぐにゃ	ぐにゃぐにゃ	ngoằn ngoèo, mềm oặt	
読める	よめる	có thể đọc	
えらい	えらい	giỏi lắm, đáng khen	
はっと	はっと	giật mình	
貴重	きちょう	quý giá	
ふっと	ふっと	bỗng nhiên	
凍りつく	こおりつく	đông cứng	
ゆうべ	ゆうべ	tối qua	
閉館	へいかん	đóng cửa (thư viện)	
忍び込む	しのびこむ	lẻn vào	
写本	しゃほん	bản chép tay	
におう	におう	bốc mùi, ngửi thấy mùi	
追える	おえる	có thể đuổi theo	
宝	たから	báu vật, kho báu	
盗む	ぬすむ	ăn trộm	
取り返し	とりかえし	lấy lại (取り返す)	
追いつける	おいつける	có thể đuổi kịp	
あんな	あんな	-	
先導	せんどう	dẫn đường	
にやにや	にやにや	cười nhăn nhở	
暮らせる	くらせる	có thể sống	
こわく	こわく	đáng sợ (dạng của こわい)	
しゅん	しゅん	-	
紫	むらさき	màu tím	
染まる	そまる	nhuộm màu	
周囲	しゅうい	xung quanh	
無数	むすう	vô số	
ほとばしる	ほとばしる	tuôn trào, phun ra	
間もなく	まもなく	chẳng bao lâu	
崩れ落ちる	くずれおちる	sụp đổ, ngã gục	
ボス	ぼす	trùm, thủ lĩnh	
戻す	もどす	trả về chỗ cũ	
窓辺	まどべ	bên cửa sổ	
ティーセット	てぃいせっと	bộ ấm chén trà	
焼き	やき	nướng (焼き菓子: bánh nướng)	
ささやか	ささやか	nho nhỏ, khiêm tốn	
だき	だき	-	
サクサク	さくさく	giòn tan	
もどす	もどす	lấy lại (取りもどす)	
どきどき	どきどき	hồi hộp, tim đập thình thịch	
高鳴る	たかなる	(tim) đập mạnh	
忘れかける	わすれかける	gần như quên	
罪	つみ	tội; tội lỗi	
飛び出す	とびだす	lao ra, chạy ra	
おんぶ	おんぶ	cõng	
歩き疲れる	あるきつかれる	đi bộ mỏi chân	
おぶう	おぶう	cõng	
かすか	かすか	mờ nhạt, khẽ	
読み	よみ	đọc (読む)	
なす	なす	-	
贈り物	おくりもの	món quà	
閉		đóng (閉架: kho sách đóng)	へい
おおう	おおう	-	
扱い	あつかい	sự đối xử	
それと	それと	và còn nữa	
帳消し	ちょうけし	xóa nợ, bù trừ	
思い出せる	おもいだせる	có thể nhớ lại	
とびきり	とびきり	hảo hạng, tuyệt nhất	
いざ	いざ	lúc cần (いざというとき)	
ぱらりと	ぱらりと	(lật) sột soạt	
めくる	めくる	lật (trang)	
それとも	それとも	hay là	
茶	ちゃ	trà	
眠気	ねむけ	cơn buồn ngủ	
ティー	てぃい	trà (tea)	
タイム	たいむ	thời gian (time)	
組み合わせ	くみあわせ	sự kết hợp	
パンケーキ	ぱんけえき	bánh kếp	
はちみつ	はちみつ	mật ong	
たっぷり	たっぷり	đầy ắp, nhiều	
奇遇	きぐう	tình cờ	
確保	かくほ	đảm bảo, giữ lại	
野宿	のじゅく	ngủ ngoài trời	
焚き火	たきび	lửa trại	
枕	まくら	gối	
深入り	ふかいり	đi quá sâu	
戻れる	もどれる	có thể quay lại	
蔵書	ぞうしょ	sách lưu trữ	
見当	けんとう	phỏng đoán, ước chừng	
把握	はあく	nắm bắt	
木かげ	こかげ	bóng cây	
昼間	ひるま	ban ngày	
ほんの	ほんの	chỉ một chút	
眠り	ねむり	giấc ngủ	
邪魔	じゃま	cản trở, làm phiền	
お天気	おてんき	thời tiết	
雷雨	らいう	mưa giông	
びく	びく	giật mình (びくっと)	
責任	せきにん	trách nhiệm	
後回し	あとまわし	để sau, gác lại	
見張る	みはる	canh chừng	
近寄る	ちかよる	lại gần	
なかよし	なかよし	thân thiết, bạn thân	
かりに	かりに	đi săn (狩りに)	
口数	くちかず	lời nói (ít nói/nhiều lời)	
安心	あんしん	yên tâm	
おいで	おいで	-	
もらえる	もらえる	được nhận	
本心	ほんしん	lòng thật	
同感	どうかん	đồng cảm, đồng ý	
ころぶ	ころぶ	vấp ngã	
石段	いしだん	bậc đá	
膝	ひざ	đầu gối	
しゃくり上げる	しゃくりあげる	khóc nấc	
転ぶ	ころぶ	vấp ngã	
擦りむく	すりむく	trầy xước	
ひざ	ひざ	đầu gối	
すりむく	すりむく	trầy xước	
修道	しゅうどう	tu hành (修道服: áo tu sĩ)	
ツイン	ついん	đôi (twin)	
テール	てえる	đuôi (tóc)	
揺らす	ゆらす	đung đưa, lắc	
治せる	なおせる	có thể chữa	
輝き	かがやき	ánh sáng lấp lánh	
擦り傷	すりきず	vết trầy	
一瞬	いっしゅん	trong chốc lát	
何者	なにもの	ai, người thế nào	
なおせる	なおせる	có thể chữa	
治す	なおす	chữa trị	
特等	とくとう	hạng đặc biệt	
ワン	わん	một (one)	
フレーズ	ふれえず	câu hát, đoạn nhạc	
道行く	みちゆく	đi ngang qua đường	
いつしか	いつしか	lúc nào không hay	
埋める	うめる	lấp đầy, chôn	
ベンチ	べんち	ghế băng	
噴水	ふんすい	đài phun nước	
五線譜	ごせんふ	khuông nhạc	
にらめっこ	にらめっこ	nhìn chằm chằm; trò đấu mắt	
しきりに	しきりに	liên tục, mãi	
かしげる	かしげる	nghiêng (đầu)	
新曲	しんきょく	bài hát mới	
おどれる	おどれる	có thể nhảy múa	
お年	おとし	tuổi (お年寄り: người già)	
懐く	いだく	-	
えんする	えんする	-	
踊れる	おどれる	có thể nhảy múa	
上がれる	あがれる	lên được (盛り上がれる: sôi nổi)	
わくわく	わくわく	háo hức	
たぶ	たぶ	-	
スイートフラワー	すいいとふらわあ	hoa ngọt (Sweet Flower)	
ひらめく	ひらめく	lóe lên (ý tưởng)	
勇ましい	いさましい	dũng mãnh, hùng dũng	
手柄	てがら	công lao	
食いしん坊	くいしんぼう	người ham ăn	
しあげる	しあげる	hoàn thành	
仕上げる	しあげる	hoàn thành	
しんぼう	しんぼう	-	
余計	よけい	thừa, không cần thiết	
弾む	はずむ	nảy lên, rộn ràng	
手つき	てつき	động tác tay	
音符	おんぷ	nốt nhạc	
横顔	よこがお	khuôn mặt nhìn nghiêng	
宝石	ほうせき	đá quý	
討伐	とうばつ	thảo phạt, tiêu diệt	
運び込む	はこびこむ	khiêng vào	
シスター	しすたあ	nữ tu	
ところが	ところが	thế nhưng	
片隅	かたすみ	góc	
長身	ちょうしん	người cao	
もたれかかる	もたれかかる	dựa vào	
組む	くむ	khoanh (tay); ghép	
祈り	いのり	lời cầu nguyện	
向う	むこう	phù hợp (向いている)	むく
サボる	さぼる	trốn việc	
ほうたい	ほうたい	băng gạc	
包帯	ほうたい	băng gạc	
集中	しゅうちゅう	tập trung	
期待	きたい	kỳ vọng	
染める	そめる	nhuộm	
癒える	いえる	lành (vết thương)	
絶やす	たやす	để tắt, làm mất	
ふらふら	ふらふら	loạng choạng	
悲しむ	かなしむ	buồn bã	
てれる	てれる	ngượng ngùng	
満天	まんてん	đầy trời	
瞬く	まばたく	lấp lánh (sao)	またたく
腰かける	こしかける	ngồi xuống	
ぼんやり	ぼんやり	mơ màng, lơ đãng	
考えごと	かんがえごと	suy nghĩ, trầm tư	
ほこり	ほこり	niềm tự hào	
蒲公英	ほこうえい	bồ công anh	たんぽぽ
安泰	あんたい	yên ổn, bình an	
とこ	とこ	chỗ, lúc (ところ)	
かっこよい	かっこよい	ngầu, đẹp trai	
使える	つかえる	có thể sử dụng	
賢い	かしこい	thông minh	
あったかい	あったかい	ấm áp	
輝ける	かがやける	có thể tỏa sáng	
ぼる	ぼる	-	
すっと	すっと	vụt qua, nhẹ nhàng	
流れ星	ながれぼし	sao băng	
横切る	よこぎる	băng qua	
尖塔	せんとう	tháp nhọn	
欲ばり	よくばり	tham lam	
逃す	のがす	bỏ lỡ	
歌声	うたごえ	tiếng hát	
夜明け	よあけ	bình minh	
朝っぱら	あさっぱら	sáng sớm tinh mơ	
くるう	くるう	-	
軽やか	かろやか	nhẹ nhàng, uyển chuyển	
ターン	たあん	xoay người (turn)	
尻もち	しりもち	ngã chổng mông	
たた	たた	-	
いっす	いっす	-	
手拍子	てびょうし	vỗ tay theo nhịp	
ちょ	ちょ	-	
ちょい	ちょい	một chút (ちょちょいと: nhoáng cái)	
もれる	もれる	-	
立ち上がる	たちあがる	đứng dậy	
額	がく	trán	ひたい
奇跡	きせき	phép màu, kỳ tích	
のぼる	のぼる	mọc lên (mặt trời)	
地平線	ちへいせん	đường chân trời	
百人力	ひゃくにんりき	mạnh như trăm người	
重ねる	かさねる	chồng lên, lặp lại	
びら	びら	-	
勢い	いきおい	khí thế, mạnh mẽ	
爪痕	つめあと	vết cào	
にじむ	にじむ	rỉ ra, thấm ra	
大した	たいした	to tát, đáng kể	
街道	かいどう	đường cái	
油断	ゆだん	lơ là, sơ ý	
ふるえる	ふるえる	run rẩy	
震える	ふるえる	run rẩy	
こぼれ落ちる	こぼれおちる	rơi xuống, trào ra	
いたわる	いたわる	quan tâm, săn sóc	
しんと	しんと	im phăng phắc	
沈黙	ちんもく	im lặng	
今朝	けさ	sáng nay	
当日	とうじつ	ngày hôm đó	
あいだ	あいだ	khoảng thời gian	
結ぶ	むすぶ	buộc, gắn kết	
破る	やぶる	phá vỡ (lời hứa)	
失格	しっかく	mất tư cách	
泣き顔	なきがお	mặt mếu, mặt khóc	
一変	いっぺん	thay đổi hoàn toàn	
拳	こぶし	nắm đấm	
突き上げる	つきあげる	giơ thẳng lên	
切らす	きらす	hết (息を切らす: hụt hơi)	
後列	こうれつ	hàng sau	
思いっきり	おもいっきり	hết sức, thỏa thích	
ふりかえる	ふりかえる	ngoảnh lại	
にっこり	にっこり	mỉm cười	
ウインク	ういんく	nháy mắt	
しみこむ	しみこむ	thấm vào	
幕	まく	màn (sân khấu)	
歌える	うたえる	có thể hát	
精いっぱい	せいいっぱい	hết sức mình	
口ずさむ	くちずさむ	ngân nga	
鼻歌	はなうた	ngâm nga khe khẽ	
デュエット	でゅえっと	song ca	
動き出す	うごきだす	bắt đầu chuyển động	
アップ	あっぷ	lên (アップテンポ: nhịp nhanh)	
しっとり	しっとり	êm dịu, sâu lắng	
子守	こもり	trông trẻ (子守歌: bài hát ru)	
前列	ぜんれつ	hàng đầu	
束ね	たばね	-	
キラキラ	きらきら	lấp lánh	
ぴんぴん	ぴんぴん	khỏe mạnh	
特急	とっきゅう	tốc hành	
吹き飛ぶ	ふきとぶ	bay biến	
照れる	てれる	ngượng ngùng	
なんだかんだ	なんだかんだ	dù gì đi nữa	
お祈り	おいのり	cầu nguyện	
双子	ふたご	sinh đôi	
離ればなれ	はなればなれ	chia lìa, xa cách	
自まん	じまん	niềm tự hào; khoe khoang	
本人	ほんにん	người đó, chính mình	
日頃	ひごろ	thường ngày	
つまめる	つまめる	có thể nhón ăn	
小さめ	ちいさめ	hơi nhỏ	
特技	とくぎ	sở trường	
眠らせる	ねむらせる	ru ngủ	
つられる	つられる	bị cuốn theo	
腹	はら	bụng	
落ち込む	おちこむ	chán nản, suy sụp	
ちっぽけ	ちっぽけ	nhỏ nhoi	
風車	かざぐるま	cối xay gió	ふうしゃ
くぐる	くぐる	đi qua (cổng)	
視線	しせん	ánh mắt	
ちび	ちび	nhóc tí hon	
初対面	しょたいめん	lần đầu gặp	
騎兵隊	きへいたい	đội kỵ binh	
失礼	しつれい	thất lễ; xin lỗi	
アンバー	あんばあ	-	
よけい	よけい	thừa, không cần thiết	
出回る	でまわる	lan truyền, được bán ra	
育ち	そだち	sự lớn lên (育ち盛り: tuổi ăn tuổi lớn)	
風の神	かぜのかみ	thần gió	
見物	けんぶつ	tham quan, ngắm cảnh	
そいつ	そいつ	gã đó, cái đó	
骨	ほね	xương (骨が折れる: vất vả)	
お代	おだい	tiền trả, phí	
シェア	しぇあ	-	
おごる	おごる	khao, đãi	
信用	しんよう	tin tưởng, tín nhiệm	
警戒	けいかい	cảnh giác	
見極める	みきわめる	nhìn thấu, xác định rõ	
ひらり	ひらり	nhẹ nhàng, phất phơ	
人ごみ	ひとごみ	đám đông	
掴みどころ	つかみどころ	chỗ để nắm bắt (khó nắm bắt)	
畑	はたけ	ruộng, vườn	
書状	しょじょう	thư, công văn	
見渡す	みわたす	nhìn bao quát	
すんで	すんで	sống, cư trú (dạng て của すむ)	
ワイナリー	わいなりい	xưởng rượu vang	
お迎え	おむかえ	đón, nhận về (kính ngữ)	
無愛想	ぶあいそう	lạnh lùng, cộc cằn	
へらへら	へらへら	cười cợt, cợt nhả	
当然	とうぜん	đương nhiên	
すぐれる	すぐれる	xuất sắc, ưu tú	
世間	せけん	thế gian, người đời	
優れる	すぐれる	xuất sắc, ưu tú	
血統	けっとう	huyết thống, dòng dõi	
それだけ	それだけ	chỉ có vậy	
敏感	びんかん	nhạy cảm	
お子様	おこさま	đứa trẻ, cậu bé (kính ngữ)	
けんか	けんか	cãi nhau, đánh nhau	
少なくとも	すくなくとも	ít nhất	
そめる	そめる	nhuộm	
片目	かため	một mắt	
何やら	なにやら	gì đó, có vẻ như	
兄ちゃん	にいちゃん	anh (cách gọi thân mật)	
ボンボン	ぼんぼん	(tiếng) bùm bùm	
爆弾	ばくだん	bom	
内緒	ないしょ	bí mật, giấu kín	
ドーン	どうん	(tiếng) đùng, bùm	
轟音	ごうおん	tiếng nổ lớn, tiếng gầm	
水柱	みずばしら	cột nước	
反省	はんせい	hối lỗi, tự kiểm điểm	
生態	せいたい	sinh thái	
助手	じょしゅ	trợ lý, phụ tá	
大目	おおめ	(大目に見る) bỏ qua, châm chước	
静けさ	しずけさ	sự yên tĩnh	
波紋	はもん	gợn sóng	
でまかせ	でまかせ	nói bừa, bịa chuyện	
かいかぶる	かいかぶる	đánh giá quá cao	
買いかぶる	かいかぶる	đánh giá quá cao	
ぶた	ぶた	-	
オーナー	おうなあ	chủ quán, chủ sở hữu	
グラス	ぐらす	ly, cốc thủy tinh	
磨く	みがく	đánh bóng, lau; mài giũa	
さっさと	さっさと	nhanh chóng, mau	
騒がしい	さわがしい	ồn ào, náo động	
繰り広げる	くりひろげる	diễn ra, triển khai	
かくれる	かくれる	ẩn nấp, trốn	
たか	たか	-	
アジト	あじと	sào huyệt, hang ổ	
お宝	おたから	kho báu	
ごっそり	ごっそり	nhiều, cả đống	
一幕	ひとまく	một màn (kịch)	
一役	ひとやく	một vai (一役買う: góp sức)	
企む	たくらむ	âm mưu, toan tính	
うなずく	うなずく	gật đầu	
ふり	ふり	giả vờ; dáng vẻ	
ふらつく	ふらつく	loạng choạng	
足取り	あしどり	bước đi, dáng đi	
陽気	ようき	vui vẻ, hớn hở	
装う	よそおう	giả vờ, ngụy trang; ăn mặc	
たかる	たかる	-	
からっぽ	からっぽ	trống rỗng	
ガセ	がせ	tin giả, tin vịt	
滝	たき	thác nước	
さわがせる	さわがせる	làm phiền, gây náo động	
捕まえる	つかまえる	bắt, tóm	
黙る	だまる	im lặng	
飲みほす	のみほす	uống cạn	
飲み干す	のみほす	uống cạn	
満足	まんぞく	hài lòng, thỏa mãn	
降りしきる	ふりしきる	(mưa) rơi không ngớt	
闇	やみ	bóng tối	
見つめる	みつめる	nhìn chăm chú	
土砂降り	どしゃぶり	mưa như trút	
置き去り	おきざり	bỏ lại, bỏ rơi	
二度と	にどと	không bao giờ nữa	
主	あるじ	chủ nhân	
行き場	いきば	nơi để đi, chốn nương thân	
もうろく	もうろく	-	
暖炉	だんろ	lò sưởi	
キス	きす	nụ hôn	
雨粒	あまつぶ	hạt mưa	
伝う	つたう	chảy dọc theo, lăn xuống	
凍てつく	いてつく	đóng băng, lạnh buốt	
口づけ	くちづけ	nụ hôn	
ごめん	ごめん	xin lỗi; không muốn (ごめんだ)	
説教	せっきょう	thuyết giáo, mắng	
ささやく	ささやく	thì thầm	
パトロール	ぱとろうる	tuần tra	
任務	にんむ	nhiệm vụ	
ぴたり	ぴたり	(dừng) bặt, khít	
アビス	あびす	vực thẳm (Abyss)	
魔術	まじゅつ	ma thuật, pháp thuật	
木々	きぎ	cây cối	
不気味	ぶきみ	rùng rợn, kỳ quái	
教団	きょうだん	giáo phái, giáo đoàn	
待ち伏せ	まちぶせ	mai phục	
無茶	むちゃ	liều lĩnh, quá sức	
詠唱	えいしょう	niệm chú, ngâm xướng	
げき	げき	-	
回り込む	まわりこむ	vòng ra, đi vòng	
背後	はいご	phía sau lưng	
炎	ほのお	ngọn lửa	
塊	かたまり	khối, cục	
とび出る	とびでる	lao ra, nhảy ra	
振り向く	ふりむく	quay lại, ngoảnh lại	
ざま	ざま	ngay khi (振り向きざま: vừa quay lại)	
貫く	つらぬく	xuyên qua, đâm thủng	
ひやす	ひやす	làm lạnh, làm mát	
ひやせる	ひやせる	có thể làm lạnh	
火傷	かしょう	vết bỏng	やけど
自前	じまえ	tự mình có, của riêng	
冷やせる	ひやせる	có thể làm lạnh	
なぞる	なぞる	lần theo, vuốt theo	
出自	しゅつじ	xuất thân, gốc gác	
打ち明ける	うちあける	thổ lộ, tâm sự	
交える	まじえる	giao đấu, đan xen	
皮肉	ひにく	trớ trêu, mỉa mai	
授かる	さずかる	được ban cho	
なかなおり	なかなおり	làm lành	
隠しごと	かくしごと	điều giấu giếm	
言いふらす	いいふらす	nói khắp nơi, đồn thổi	
何事	なにごと	chuyện gì, việc gì	
温もり	ぬくもり	hơi ấm	
物語る	ものがたる	nói lên, kể lại	
律儀	りちぎ	chu đáo, giữ lễ nghĩa	
遠慮ない	えんりょない	không khách sáo	
だまる	だまる	im lặng	
勘違い	かんちがい	hiểu lầm	
頂戴	ちょうだい	nhận (khiêm nhường)	
むちゃ	むちゃ	liều lĩnh, quá sức	
肝	きも	gan (肝に銘じる: khắc cốt ghi tâm)	
銘じる	めいじる	khắc ghi	
忠告	ちゅうこく	lời khuyên, cảnh báo	
わら	わら	-	
りん	りん	-	
健全	けんぜん	lành mạnh	
名産	めいさん	đặc sản	
外せる	はずせる	có thể bỏ qua; tháo ra được	
そっけ	そっけ	-	
愛想	あいそ	sự niềm nở, thân thiện	
してやる	してやる	làm cho (ai)	
ほろ苦い	ほろにがい	hơi đắng, đắng nhẹ	
しゃれる	しゃれる	sành điệu, dí dỏm	
辛口	からくち	vị khô (rượu); cay	
カクテル	かくてる	cocktail	
おしい	おしい	tiếc, suýt đúng	
物騒	ぶっそう	nguy hiểm, đáng sợ	
率いる	ひきいる	dẫn dắt, chỉ huy	
集め	あつめ	sự thu thập	
役目	やくめ	vai trò, nhiệm vụ	
無理やり	むりやり	ép buộc, cưỡng ép	
いっそ	いっそ	thà, dứt khoát	
押しつける	おしつける	đùn đẩy, áp đặt	
鎖	くさり	xiềng xích	
名誉	めいよ	danh dự	
火花	ひばな	tia lửa	
仲良い	なかよい	thân thiết, hòa thuận	
離せる	はなせる	rời ra được (目が離せない: không rời mắt được)	
常連	じょうれん	khách quen	
なかよい	なかよい	thân thiết, hòa thuận	
滅多に	めったに	hiếm khi	
ドカーン	どかあん	(tiếng) bùm, đoàng	
爆破	ばくは	cho nổ, phá nổ	
喜び	よろこび	niềm vui	
夕飯	ゆうはん	bữa tối	
一気に	いっきに	một mạch, ngay lập tức	
無用	むよう	không cần thiết	
実用	じつよう	thực dụng, thiết thực	
差し入れ	さしいれ	đồ tiếp tế, quà thăm	
奴	やっこ	gã, thằng	やつ
そういや	そういや	nhân tiện, à này	
眼帯	がんたい	bịt mắt	
酒場	さかば	quán rượu	
不器用	ぶきよう	vụng về	
のど	のど	cổ họng	
くだ	くだ	-	
カラカラ	からから	khô khốc	
マスター	ますたあ	chủ quán	
青年	せいねん	thanh niên	
冷ややか	ひややか	lạnh lùng	
出せる	だせる	có thể đưa ra	
無言	むごん	im lặng, không nói	
連中	れんちゅう	bọn, lũ	
バーテンダー	ばあてんだあ	người pha chế rượu	
対価	たいか	cái giá, thù lao	
おっかない	おっかない	đáng sợ	
真似	まね	bắt chước; hành động dại dột	
馬車	ばしゃ	xe ngựa	
いぶき	いぶき	-	
一団	いちだん	một nhóm, một đoàn	
積み込む	つみこむ	chất lên, xếp lên	
隙間	すきま	khe hở	
のぞく	のぞく	nhìn trộm; lộ ra	
コソコソ	こそこそ	lén lút, len lén	
刹那	せつな	khoảnh khắc, sát na	
黒衣	こくい	áo đen	
人影	ひとかげ	bóng người	
闇夜	やみよ	đêm tối	
ゆるせる	ゆるせる	tha thứ được	
名乗る	なのる	xưng tên	
見過ごせる	みすごせる	làm ngơ được, bỏ qua được	
するどい	するどい	sắc bén, tinh ý	
目ざとい	めざとい	tinh mắt	
見破る	みやぶる	nhìn thấu, vạch trần	
やはり	やはり	quả nhiên	
雲間	くもま	khe mây	
積み荷	つみに	hàng chở, hàng hóa	
手遅れ	ておくれ	quá muộn	
さばける	さばける	phán xử được	
裁ける	さばける	phán xử được	
ならば	ならば	nếu vậy thì	
断ち切る	たちきる	cắt đứt	
やみ	やみ	bóng tối	
他言	たごん	nói ra ngoài (他言無用: cấm tiết lộ)	
まねく	まねく	mời	
招き	まねき	lời mời	
黄金	おうごん	vàng, hoàng kim	
メイド	めいど	hầu gái	
なあなあ	なあなあ	này này (gọi thân mật)	
つまみ食い	つまみぐい	ăn vụng, ăn nhón	
でき	でき	chất lượng, kết quả	
天候	てんこう	thời tiết	
出来	でき	chất lượng, kết quả	
残り火	のこりび	than hồng còn sót	
揺らめく	ゆらめく	lung linh, chập chờn	
この世	このよ	thế gian này	
時折	ときおり	thỉnh thoảng	
こよない	こよない	hết mực, vô cùng	
気遣い	きづかい	sự quan tâm, lo lắng	
足す	たす	thêm vào	
薪	たきぎ	củi	
くべる	くべる	cho (củi) vào lửa	
中庭	なかにわ	sân trong	
軽々と	かるがると	nhẹ nhàng, dễ dàng	
振り回す	ふりまわす	vung, múa	
しゅうし	しゅうし	-	
手合わせ	てあわせ	đấu thử, giao đấu	
手加減	てかげん	nương tay	
一撃	いちげき	một đòn	
鋼	はがね	thép	
よほど	よほど	rất, đáng kể	
真実	しんじつ	sự thật	
伏せる	ふせる	che giấu; úp xuống	
命じる	めいじる	ra lệnh	
筋	すじ	lẽ phải, đạo lý; gân	
しるし	しるし	dấu hiệu, huy hiệu	
その後	そのご	sau đó	
徽章	きしょう	huy hiệu	
投げ捨てる	なげすてる	vứt bỏ, ném đi	
はぐ	はぐ	-	
もえつきる	もえつきる	cháy rụi	
両方	りょうほう	cả hai	
燃え尽きる	もえつきる	cháy rụi	
備える	そなえる	trang bị, chuẩn bị	
生き延びる	いきのびる	sống sót	
つれない	つれない	lạnh nhạt, hờ hững	
睦まじい	むつまじい	hòa thuận, thân thiết	
すくめる	すくめる	nhún (vai)	
ひらひら	ひらひら	phấp phới, vẫy vẫy	
ばか	ばか	ngốc, ngớ ngẩn	
馬鹿	ばか	ngốc, ngớ ngẩn	
たんじょう	たんじょう	sự ra đời, sinh ra	
誕生	たんじょう	sự ra đời, sinh ra	
逝く	ゆく	qua đời	
互いに	たがいに	lẫn nhau	
にぎる	にぎる	nắm chặt	
握る	にぎる	nắm chặt	
こもる	こもる	dồn vào, chứa đựng	
瞳	ひとみ	con ngươi, đôi mắt	
燻る	いぶる	âm ỉ, cháy âm ỉ	くすぶる
窮地	きゅうち	tình thế nguy khốn	
見捨てる	みすてる	bỏ rơi	
知らせ	しらせ	tin báo, thông báo	
襲撃	しゅうげき	tập kích, tấn công	
企てる	くわだてる	âm mưu, mưu tính	
うじゃうじゃ	うじゃうじゃ	lúc nhúc	
湧き出る	わきでる	tuôn ra, trào ra	
ふせぐ	ふせぐ	phòng thủ, chặn	
間一髪	かんいっぱつ	trong gang tấc	
受け止める	うけとめる	đỡ, chặn lại	
背中合わせ	せなかあわせ	quay lưng vào nhau	
構える	かまえる	vào thế thủ	
押し切る	おしきる	bị áp đảo; đẩy tới cùng	
やきはらう	やきはらう	thiêu rụi	
白む	しらむ	hửng sáng	
不死鳥	ふしちょう	phượng hoàng lửa	
焼き払う	やきはらう	thiêu rụi	
まぶしい	まぶしい	chói lóa	
てらす	てらす	chiếu sáng	
昇る	のぼる	mọc lên, lên	
暁	あかつき	bình minh	
がた	がた	-	
命日	めいにち	ngày giỗ	
裏手	うらて	phía sau	
小高い	こだかい	cao cao, hơi cao	
ぽん	ぽん	-	
供える	そなえる	dâng cúng	
邪	よこしま	tà, xấu xa (邪眼: tà nhãn)	じゃ
禁じる	きんじる	cấm	
正義	せいぎ	chính nghĩa	
怒り	いかり	cơn giận	
しずむ	しずむ	chìm, lặn	
おの	おの	-	
そまる	そまる	nhuộm màu	
沈む	しずむ	chìm, lặn	
おびやかす	おびやかす	đe dọa	
脅かす	おびやかす	đe dọa	
背負い込む	しょいこむ	gánh vác một mình	
採れる	とれる	thu hoạch được	
保証	ほしょう	bảo đảm	
冷える	ひえる	trở lạnh	
赤ワイン	あかわいん	rượu vang đỏ	
禁物	きんもつ	điều cấm kỵ	
酒造り	さけづくり	việc nấu rượu	
生業	なりわい	nghề nghiệp, kế sinh nhai	
そのもの	そのもの	bản thân nó	
好む	このむ	ưa thích	
さっぱり	さっぱり	thanh mát, dễ chịu	
スメール	すめえる	-	
伝手	つて	mối quan hệ, đường dây	
がり	がり	hái, săn (狩り)	
見もの	みもの	cảnh đáng xem	
人手	ひとで	nhân lực	
質	しつ	chất lượng	
太陽	たいよう	mặt trời	
歳月	さいげつ	năm tháng	
はたける	はたける	-	
朝露	あさつゆ	sương sớm	
一見	いっけん	nhìn qua một lần	
手料理	てりょうり	món ăn tự nấu	
張り切る	はりきる	hăng hái	
ふるう	ふるう	vung (腕をふるう: trổ tài)	
賢明	けんめい	sáng suốt, khôn ngoan	
ろくな	ろくな	ra hồn, tử tế (dùng với phủ định)	
夜道	よみち	đường đêm	
寝つける	ねつける	ngủ được, chợp mắt được	
ためらう	ためらう	do dự, ngần ngại	
差し伸べる	さしのべる	chìa (tay), giúp đỡ	
実践	じっせん	thực hành	
偽る	いつわる	giả dối, lừa dối	
つきもの	つきもの	điều khó tránh, đi kèm	
鍛錬	たんれん	rèn luyện	
心がけ	こころがけ	sự lưu tâm, ý thức	
継続	けいぞく	sự duy trì, liên tục	
叩き込む	たたきこむ	nhồi nhét, dạy kỹ	
頼れる	たよれる	có thể dựa vào	
かかえこむ	かかえこむ	ôm đồm, gánh một mình	
義理	ぎり	nghĩa vụ, tư cách (言えた義理じゃない)	
受け継ぐ	うけつぐ	kế thừa	
奔		-	
遠吠え	とおぼえ	tiếng tru (của sói)	
重なる	かさなる	chồng lên, trùng nhau	
ひえ	ひえ	(tiếng kêu sợ hãi) ối	
草むら	くさむら	bụi cỏ	
灰色	はいいろ	màu xám	
かぐ	かぐ	ngửi	
茂み	しげみ	bụi rậm	
鋭い	するどい	sắc bén	
見据える	みすえる	nhìn chằm chằm	
焼き肉	やきにく	thịt nướng	
びびと	びびと	-	
朝もや	あさもや	sương mù buổi sáng	
岩	いわ	tảng đá	
おいこむ	おいこむ	dồn, lùa vào	
はさむ	はさむ	kẹp, kẹp giữa	
かる	かる	săn	
風下	かざしも	cuối gió	
狩人	かりゅうど	thợ săn	
足音	あしおと	tiếng bước chân	
すばやい	すばやい	nhanh nhẹn	
合図	あいず	tín hiệu, ra hiệu	
うなる	うなる	gầm, rít; rên	
獲物	えもの	con mồi	
伏す	ふす	nằm sấp, gục xuống	
にがす	にがす	thả đi, để sổng	
そしたら	そしたら	nếu thế thì	
手際	てぎわ	sự khéo léo, thành thạo	
香ばしい	こうばしい	thơm phức	
名人	めいじん	bậc thầy	
弟子	でし	đệ tử, học trò	
手元	てもと	trong tay, bên tay	
見守る	みまもる	dõi theo, trông chừng	
ぐる	ぐる	-	
ばらばら	ばらばら	lả tả, rời rạc	
青白い	あおじろい	xanh nhợt	
本棚	ほんだな	giá sách	
落ち着ける	おちつける	bình tĩnh lại	
抑える	おさえる	kìm nén, đè nén	
力まかせ	ちからまかせ	dùng sức mạnh bừa	
止め	とめ	sự dừng lại	
深呼吸	しんこきゅう	hít thở sâu	
ひそめる	ひそめる	nín (thở), hạ giọng	
たとえ	たとえ	ví dụ, sự so sánh	
ごらん	ごらん	hãy thử xem (kính ngữ)	
とじる	とじる	nhắm, đóng lại	
手のひら	てのひら	lòng bàn tay	
近づける	ちかづける	tiến gần được	
ピ	ぴ	-	
褒美	ほうび	phần thưởng	
たき火	たきび	lửa trại	
ぱちぱち	ぱちぱち	(tiếng) lách tách	
爆ぜる	はぜる	nổ lách tách	
こぼれる	こぼれる	tràn ra, rơi vãi	
しいる	しいる	-	
かま	かま	-	
北風	きたかぜ	gió bấc	
まね	まね	bắt chước	
仰ぐ	あおぐ	ngước nhìn	
吠える	ほえる	sủa, tru	
味見	あじみ	nếm thử	
ハッシュドポテト	はっしゅどぽてと	bánh khoai tây chiên	
加減	かげん	mức độ (焼き加減: độ chín)	
かじる	かじる	gặm, cắn	
熱す	ねっす	đun nóng	
じゅうじゅう	じゅうじゅう	(tiếng) xèo xèo	
まるめる	まるめる	vo tròn	
こねる	こねる	nhào, nặn	
ぎゅっと	ぎゅっと	(siết) chặt	
固める	かためる	làm cứng, nén chặt	
がぶる	がぶる	-	
かみつく	かみつく	cắn, ngoạm	
大口	おおぐち	miệng to	
熱々	あつあつ	nóng hổi	
がぶり	がぶり	(ngoạm) một phát	
噛みつく	かみつく	cắn, ngoạm	
つる	つる	-	
もぐもぐ	もぐもぐ	nhai nhồm nhoàm	
か細い	かぼそい	yếu ớt, mảnh mai	
助け	たすけ	sự giúp đỡ	
鳴き声	なきごえ	tiếng kêu (động vật)	
つつく	つつく	chọc, thọc	
げらげら	げらげら	cười hô hố	
グルルル	ぐるるる	(tiếng) gầm gừ	
なり	なり	-	
こげる	こげる	cháy sém	
呼応	こおう	hưởng ứng, đáp lại	
制御	せいぎょ	kiểm soát, điều khiển	
焦がす	こがす	làm cháy sém	
巻き込む	まきこむ	cuốn vào, liên lụy	
あばれる	あばれる	quậy phá, nổi loạn	
すうっ	すうっ	(lặng đi) nhẹ nhàng, êm	
研ぎ澄ます	とぎすます	mài sắc, tinh luyện	
細い	ほそい	mảnh, nhỏ	
宿る	やどる	trú ngụ, hiện hữu	
研ぐ	とぐ	mài	
打ち抜く	うちぬく	bắn xuyên	
ぺろぺろ	ぺろぺろ	liếm liếm	
一目散	いちもくさん	chạy một mạch	
飛び込む	とびこむ	lao vào, nhảy vào	
夢中	むちゅう	say mê, mải mê	
くすぐったい	くすぐったい	nhột	
ちびる	ちびる	-	
抱き上げる	だきあげる	bế lên	
見下ろす	みおろす	nhìn xuống	
またたく	またたく	lấp lánh, nhấp nháy	
毛並み	けなみ	bộ lông	
光らせる	ひからせる	làm cho sáng lên	
しっぽ	しっぽ	cái đuôi	
まとわりつく	まとわりつく	quấn quýt, bám lấy	
鼻先	はなさき	chóp mũi	
一斉	いっせい	đồng loạt	
響かせる	ひびかせる	làm vang vọng	
力強い	ちからづよい	mạnh mẽ	
ほうが	ほうが	(…の方が) … hơn	
狩る	かる	săn	
つかまえる	つかまえる	bắt, tóm	
クレー	くれえ	-	
用心	ようじん	cẩn thận, đề phòng	
毛	け	lông, tóc	
だけど	だけど	nhưng	
入り口	いりくち	lối vào	
草原	そうげん	thảo nguyên	
浮く	うく	nổi, bay lơ lửng	
リボン	りぼん	ruy băng, nơ	
弓	ゆみ	cung (bắn tên)	
強化	きょうか	tăng cường	
風神	ふうじん	thần gió	
ついてる	ついてる	nói (dối) (うそをつく)	
偵察	ていさつ	trinh sát	
ごまかせる	ごまかせる	lừa được	
疑る	うたぐる	nghi ngờ	うたがう
あらためる	あらためる	làm lại, sửa đổi (改めまして: xin giới thiệu lại)	
参上	さんじょう	xuất hiện, đến (khiêm nhường)	
送り届ける	おくりとどける	đưa đến tận nơi	
道案内	みちあんない	dẫn đường	
だからこそ	だからこそ	chính vì thế	
柵	しがらみ	hàng rào	さく
のんき	のんき	vô tư, thong thả	
観察	かんさつ	quan sát	
逃げ道	にげみち	đường thoát	
確認	かくにん	xác nhận, kiểm tra	
五体	ごたい	năm con (thân thể)	
正面	しょうめん	chính diện, phía trước	
切り込む	きりこむ	xông vào	
注意	ちゅうい	sự chú ý	
援護	えんご	yểm trợ	
遠距離	えんきょり	tầm xa	
飛行	ひこう	bay	
チャンピオン	ちゃんぴおん	nhà vô địch	
引き絞る	ひきしぼる	kéo căng (dây cung)	
間髪	かんぱつ	(間髪入れず) ngay tức khắc	
ほぼ	ほぼ	gần như	
同時に	どうじに	đồng thời	
地面	じめん	mặt đất	
特訓	とっくん	huấn luyện đặc biệt	
定める	さだめる	xác định, nhắm	
名付ける	なづける	đặt tên	
一矢	いっし	một mũi tên	
連携	れんけい	phối hợp	
すべ	すべ	cách, phương cách	
スカウト	すかうと	chiêu mộ	
連射	れんしゃ	bắn liên tiếp	
完了	かんりょう	hoàn thành	
通れる	とおれる	đi qua được	
伯爵	はくしゃく	bá tước	
バージョン	ばあじょん	phiên bản	
改良	かいりょう	cải tiến	
予感	よかん	linh cảm, dự cảm	
引きつける	ひきつける	thu hút, lôi kéo	
ばく	ばく	-	
囮	おとり	mồi nhử	
爆発	ばくはつ	vụ nổ, phát nổ	
騒ぎ	さわぎ	sự náo loạn, ồn ào	
実戦	じっせん	thực chiến	
威力	いりょく	uy lực	
見せつける	みせつける	phô trương, cho xem	
思いきり	おもいきり	hết sức, thỏa thích	
撃ち抜く	うちぬく	bắn xuyên	
全力	ぜんりょく	toàn lực	
射抜く	いぬく	bắn trúng, bắn xuyên	
火柱	ひばしら	cột lửa	
とばす	とばす	thổi bay, làm bay	
あやうい	あやうい	nguy hiểm (あやうく: suýt nữa)	
こいつ	こいつ	gã này, cái này	
恐れ入る	おそれいる	thán phục; xin lỗi (khiêm nhường)	
成功	せいこう	thành công	
こなごな	こなごな	vỡ vụn, tan tành	
跡形	あとかた	dấu vết (跡形もない: không còn dấu vết)	
よみがえる	よみがえる	hồi sinh, sống lại	
勘弁	かんべん	tha cho, miễn cho	
眼下	がんか	phía dưới tầm mắt	
街並み	まちなみ	dãy phố, cảnh phố	
翼	つばさ	đôi cánh	
ぶれる	ぶれる	-	
訓練	くんれん	huấn luyện	
飛べる	とべる	bay được	
ひえる	ひえる	-	
なにせ	なにせ	dù sao thì, bởi vì	
大会	たいかい	đại hội, cuộc thi	
追い風	おいかぜ	gió xuôi	
味方	みかた	đồng minh, phe mình	
たなびく	たなびく	phấp phới, bay lượn	
つばさ	つばさ	đôi cánh	
投げ出す	なげだす	quăng mình, buông bỏ	
はらむ	はらむ	căng (gió); mang, chứa	
ゆるやか	ゆるやか	thoai thoải, chậm rãi	
着地	ちゃくち	tiếp đất	
宙返り	ちゅうがえり	nhào lộn	
降り立つ	おりたつ	đáp xuống	
ランプ	らんぷ	đèn dầu	
ちくちく	ちくちく	(khâu) từng mũi; châm chích	
針	はり	kim	
作り	つくり	sự làm ra, chế tạo	
かけ	かけ	(…かけ) đang dở	
縫う	ぬう	khâu, may	
直す	なおす	sửa, chữa	
縫い目	ぬいめ	đường khâu	
ぬう	ぬう	khâu, may	
果たす	はたす	hoàn thành, làm tròn	
証人	しょうにん	người làm chứng	
臨時	りんじ	tạm thời, lâm thời	
ボタン	ぼたん	cúc áo, nút	
誇らしげ	ほこらしげ	tự hào, hãnh diện	
外れ	はずれ	rìa, ngoại vi	
木漏れ日	こもれび	nắng xuyên kẽ lá	
岩場	いわば	bãi đá	
巨体	きょたい	thân hình to lớn	
めがける	めがける	nhắm vào	
突進	とっしん	lao tới, xông tới	
はじく	はじく	bật ra, gạt ra	
引っかかる	ひっかかる	mắc bẫy, vướng vào	
ぎりぎり	ぎりぎり	sát nút, vừa đủ	
使い方	つかいかた	cách dùng	
ばっちい	ばっちい	-	
ふきとばす	ふきとばす	thổi bay	
紅蓮の炎	ぐれんのほのお	ngọn lửa đỏ rực	
炸裂	さくれつ	nổ tung	
真横	まよこ	ngay bên cạnh	
ちゃん	ちゃん	-	
きょうそう	きょうそう	thi đua, chạy đua	
しんぱん	しんぱん	trọng tài	
審判	しんぱん	trọng tài	
ズル	ずる	gian lận	
座	ざ	vị trí, ngôi vị	
せめて	せめて	ít nhất thì	
スタート	すたあと	bắt đầu, xuất phát	
崖	がけ	vách đá	
一息	ひといき	một hơi, một chút	
追いつく	おいつく	đuổi kịp	
夕焼け	ゆうやけ	ráng chiều	
灯す	ともす	thắp (lửa)	
飛び立つ	とびたつ	cất cánh, bay lên	
悩みごと	なやみごと	điều phiền muộn	
すくむ	すくむ	co rúm, run chân	
うり	うり	-	
行ける	いける	đi được	
てっぺん	てっぺん	đỉnh, chóp	
雪山	ゆきやま	núi tuyết	
防寒	ぼうかん	chống rét	
すれすれ	すれすれ	sát sạt, suýt chạm	
あて	あて	chỗ dựa (あてにならない: không đáng tin)	
つぶる	つぶる	nhắm (mắt)	
ルート	るうと	lộ trình	
ドキドキ	どきどき	hồi hộp, thình thịch	
こぐらい	こぐらい	-	
特製	とくせい	đặc chế	
あわてる	あわてる	vội vàng, hoảng hốt	
きこえる	きこえる	nghe thấy	
りゅうと	りゅうと	-	
でっかい	でっかい	to đùng	
巻き起こす	まきおこす	gây ra, cuốn lên	
ライアー	らいああ	đàn lia	
奏でる	かなでる	tấu (nhạc), chơi đàn	
ぎん	ぎん	-	
しがない	しがない	tầm thường, nghèo hèn	
吟遊詩人	ぎんゆうしじん	người hát rong	
詩人	しじん	nhà thơ, thi sĩ	
寂しげ	さびしげ	buồn bã, cô đơn	
浮かべる	うかべる	hiện lên (nét mặt); thả nổi	
枝	えだ	cành cây	
握りしめる	にぎりしめる	nắm chặt	
濁り	にごり	vẩn đục, sự đục	
リン	りん	-	
かしょう	かしょう	-	
笑い飛ばす	わらいとばす	cười cho qua	
証拠	しょうこ	bằng chứng	
裂ける	さける	tách ra, rách	
とべる	とべる	bay được	
天空	てんくう	bầu trời	
舞い降りる	まいおりる	bay xuống, đáp xuống	
かなしむ	かなしむ	đau buồn	
苦しむ	くるしむ	đau khổ	
おそろしい	おそろしい	đáng sợ	
立ち向かう	たちむかう	đối mặt, chống lại	
はかる	はかる	-	
呼び続ける	よびつづける	gọi mãi	
思い込む	おもいこむ	đinh ninh, tin chắc	
凍える	こごえる	lạnh cóng	
弦	つる	dây đàn	げん
立ち止まる	たちどまる	dừng lại	
祝杯	しゅくはい	nâng ly chúc mừng	
執行官	しっこうかん	quan chấp hành	
叙事詩	じょじし	sử thi	
ざわめき	ざわめき	tiếng xôn xao	
調べ	しらべ	giai điệu	
本に	ほんに	-	
綴る	つづる	viết, ghi lại	
加える	くわえる	thêm vào	
熱心	ねっしん	nhiệt tình, chăm chú	
捧げる	ささげる	dâng hiến, dâng lên	
呼べる	よべる	có thể gọi là	
ひとすじ	ひとすじ	một luồng, một dải	
苦しめる	くるしめる	làm khổ	
虐げる	しいたげる	áp bức, ngược đãi	
母さん	かあさん	mẹ	
旅路	たびじ	chặng đường	
乗れる	のれる	cưỡi được	
とびあがる	とびあがる	bay vọt lên	
灯	あかり	ánh đèn	
合奏	がっそう	hợp tấu	
羽ばたく	はばたく	vỗ cánh	
旋律	せんりつ	giai điệu	
協奏曲	きょうそうきょく	bản concerto	
羽音	はおと	tiếng vỗ cánh	
やけに	やけに	quá mức, lạ thường	
美声	びせい	giọng hát hay	
歌い手	うたいて	ca sĩ	
織りなす	おりなす	dệt nên, đan xen	
暴風	ぼうふう	gió bão	
デカラビアン	でからびあん	-	
烈風	れっぷう	gió dữ	
魔神	まじん	ma thần	
精霊	せいれい	tinh linh	
消え去る	きえさる	biến mất	
のす	のす	-	
ふと	ふと	chợt, bỗng nhiên	
しんみり	しんみり	bùi ngùi, lắng đọng	
結末	けつまつ	kết cục	
さざめく	さざめく	xào xạc, rì rào	
天然	てんねん	tự nhiên, thiên nhiên	
コンサートホール	こんさあとほうる	phòng hòa nhạc	
きかせる	きかせる	kể cho nghe	
居心地	いごこち	cảm giác dễ chịu (khi ở)	
風花	かざばな	hoa gió (風花祭: lễ hội hoa gió)	
ぺこぺこ	ぺこぺこ	đói meo	
真似る	まねる	bắt chước	
くしゃみ	くしゃみ	hắt hơi	
気まぐれ	きまぐれ	thất thường, tùy hứng	
走れる	はしれる	chạy được	
オオカミ	おおかみ	chó sói	
ぼーっと	ぼうっと	thẫn thờ, ngẩn ngơ	
生き方	いきかた	lối sống	
璃		-	
行き交う	いきかう	qua lại	
活気	かっき	sức sống, sôi nổi	
ペコ	ぺこ	-	
くま	くま	gấu	
朱	しゅ	màu đỏ son	
食堂	しょくどう	nhà ăn, quán ăn	
万民	ばんみん	vạn dân, mọi người	
熊	くま	gấu	
生き物	いきもの	sinh vật	
ぴょこぴょこ	ぴょこぴょこ	nhảy tưng tưng	
審査	しんさ	thẩm định, chấm	
ぴりっと	ぴりっと	cay tê tê	
恐る恐る	おそるおそる	rụt rè, sợ sệt	
旨み	うまみ	vị ngon, vị umami	
菱	ひし	-	
食材	しょくざい	nguyên liệu nấu ăn	
食わせる	くわせる	cho ăn (thô)	
ピリッ	ぴりっ	(cay) tê tê	
試食	ししょく	ăn thử	
師匠	ししょう	sư phụ, thầy	
店主	てんしゅ	chủ quán	
父さん	とうさん	bố, cha	
専属	せんぞく	chuyên trách, riêng	
厨房	ちゅうぼう	nhà bếp	
もくもくと	もくもくと	(khói) cuồn cuộn	
しっぱい	しっぱい	thất bại	
失敗	しっぱい	thất bại	
揚げ	あげ	chiên, rán (đồ chiên)	
研究	けんきゅう	nghiên cứu	
黒こげ	くろこげ	cháy đen	
炭	すみ	than	
カリッ	かりっ	giòn rụm	
ふんわり	ふんわり	mềm xốp, bồng bềnh	
焦げる	こげる	cháy, khét	
しょんぼり	しょんぼり	ủ rũ, buồn thiu	
傍ら	かたわら	bên cạnh	
火力	かりょく	độ lửa	
低め	ひくめ	hơi thấp	
強火	つよび	lửa lớn	
さっと	さっと	nhanh gọn, thoáng qua	
弱める	よわめる	làm yếu đi, giảm (lửa)	
仕上げ	しあげ	khâu hoàn thiện	
調節	ちょうせつ	điều chỉnh	
きつね	きつね	cáo (きつね色: màu vàng nâu)	
火加減	ひかげん	độ lửa	
調整	ちょうせい	điều chỉnh	
これぞ	これぞ	chính là đây	
中身	なかみ	bên trong, ruột	
祀る	まつる	thờ cúng	
槍	やり	cây giáo	
照れ	てれ	ngượng, xấu hổ	
くるくる	くるくる	xoay vòng vòng	
得意げ	とくいげ	đắc ý, tự hào	
行	くだり	-	
見なれる	みなれる	nhìn quen	
見知る	みしる	quen biết	
次男	じなん	con trai thứ	
激辛	げきから	siêu cay	
挑む	いどむ	thử thách, khiêu chiến	
誤解	ごかい	hiểu lầm	
生まれつき	うまれつき	bẩm sinh	
体質	たいしつ	thể chất	
高まる	たかまる	tăng cao, dâng lên	
氷菓子	こおりがし	đồ ngọt lạnh, kem	
またせる	またせる	bắt chờ (おまたせ: xin lỗi để chờ)	
絶	ぜっ	-	
煮こみ	にこみ	món hầm	
煮込み	にこみ	món hầm	
騒ぎ出す	さわぎだす	bắt đầu náo động	
しゅぎょう	しゅぎょう	tu luyện	
修行	しゅぎょう	tu luyện	
ろう者	ろうしゃ	-	
注ぐ	そそぐ	rót, đổ vào	
観念	かんねん	cam chịu, chấp nhận	
一口	ひとくち	một miếng	
頬張る	ほおばる	ngậm đầy miệng	
みるみる	みるみる	nhanh chóng, trông thấy rõ	
紅潮	こうちょう	đỏ bừng mặt	
しゅうしゅう	しゅうしゅう	(tiếng) xì xì, bốc hơi	
みなぎる	みなぎる	tràn đầy	
妖魔	ようま	yêu ma	
祓え	はらえ	trừ tà	
鎮まる	しずまる	lắng xuống, dịu đi	
そそぐ	そそぐ	rót, đổ vào	
長蛇	ちょうだ	(長蛇の列) hàng dài dằng dặc	
列	れつ	hàng, dãy	
たまる	たまる	dồn lại, tích tụ	
待ちくたびれる	まちくたびれる	chờ mỏi mòn	
頼める	たのめる	có thể nhờ	
係	かかり	người phụ trách	
下ごしらえ	したごしらえ	sơ chế	
配膳	はいぜん	bưng dọn món ăn	
客席	きゃくせき	chỗ ngồi khách	
飛び回る	とびまわる	bay khắp nơi, chạy khắp nơi	
閉じこめる	とじこめる	nhốt lại, giữ lại	
仕上がる	しあがる	hoàn thành, xong	
はや	はや	-	
残像	ざんぞう	dư ảnh	
だいじない	だいじない	-	
生み出す	うみだす	tạo ra, sáng tạo	
安堵	あんど	nhẹ nhõm, an tâm	
煮える	にえる	sôi, chín (khi nấu)	
山中	さんちゅう	trong núi	
野営	やえい	cắm trại, đóng quân	
とろ火	とろび	lửa nhỏ liu riu	
焦り	あせり	sự nóng vội	
生き別れ	いきわかれ	chia lìa, ly tán	
肉親	にくしん	người ruột thịt	
テイワット	ていわっと	-	
ほら穴	ほらあな	hang động	
仲よく	なかよく	thân thiết	
山奥	やまおく	núi sâu	
ずーっと	ずうっと	mãi mãi, suốt	
寄り添う	よりそう	sát bên, nép vào	
はぜる	はぜる	nổ lách tách	
味わい	あじわい	hương vị	
あたたまる	あたたまる	ấm lên	
芯	しん	lõi, tận sâu bên trong	
岩山	いわやま	núi đá	
仙人	せんにん	tiên nhân	
住まう	すまう	cư ngụ	
険しい	けわしい	hiểm trở, dốc	
突き抜ける	つきぬける	xuyên qua	
そびえ立つ	そびえたつ	sừng sững, vươn cao	
がけ	がけ	vách đá	
鈴なり	すずなり	chi chít, trĩu quả	
熟す	じゅくす	chín (quả)	
ふりはじめる	ふりはじめる	bắt đầu rơi (mưa)	
にわかに	にわかに	đột ngột	
かき曇る	かきくもる	(trời) tối sầm	
降り出す	ふりだす	bắt đầu mưa	
暴れる	あばれる	quậy phá, vùng vẫy	
戦える	たたかえる	chiến đấu được	
ワクワク	わくわく	háo hức, phấn khích	
こんぼう	こんぼう	gậy tày	
棍棒	こんぼう	gậy tày	
振り上げる	ふりあげる	vung lên, giơ lên	
躍り出る	おどりでる	nhảy ra, xông ra	
猛火	もうか	lửa dữ	
怒れる	おこれる	đang giận dữ	いかれる
ぱたり	ぱたり	(ngã) phịch	
強まる	つよまる	mạnh lên	
使い果たす	つかいはたす	dùng cạn	
今にも	いまにも	sắp sửa, chực	
ぐったり	ぐったり	mệt lả, rũ rượi	
弱々しい	よわよわしい	yếu ớt	
ぱくりと	ぱくりと	(ăn) một phát, ngoạm	
ぼうっと	ぼうっと	(bùng lên) phừng	
輪	わ	vòng	
隅々	すみずみ	mọi ngóc ngách	
主催	しゅさい	chủ trì, đứng ra tổ chức	
宴	うたげ	bữa tiệc	
そろえる	そろえる	tề tựu; sắp xếp đồng bộ	
ひと回り	ひとまわり	lớn lên một bậc	
たくましい	たくましい	cứng cáp, mạnh mẽ	
ぽかぽか	ぽかぽか	ấm áp	
騒ぐ	さわぐ	náo động, làm ồn	
旋		-	
とうぜん	とうぜん	đương nhiên	
食後	しょくご	sau bữa ăn	
当番	とうばん	phiên trực, lượt	
てか	てか	-	
苦労	くろう	vất vả, khó nhọc	
無難	ぶなん	an toàn, không có gì sai	
魚介	ぎょかい	hải sản	
港	みなと	cảng	
漁師	りょうし	ngư dân	
見せどころ	みせどころ	dịp để thể hiện	
お供	おとも	đi theo, tháp tùng	
手始め	てはじめ	bước đầu, khởi đầu	
下見	したみ	xem trước, khảo sát	
ドキッと	どきっと	giật mình, thót tim	
なでる	なでる	vuốt ve	
好物	こうぶつ	món khoái khẩu	
甘辛い	あまからい	vừa ngọt vừa cay	
比べ	くらべ	sự so sánh (食べ比べ: ăn so sánh)	
常食	じょうしょく	-	
奇岩	きがん	đá kỳ dị	
連なる	つらなる	nối tiếp, trải dài	
宝庫	ほうこ	kho báu, kho tàng	
一石二鳥	いっせきにちょう	một mũi tên trúng hai đích	
極めて	きわめて	cực kỳ; (極める) đạt đến đỉnh cao	
回れる	まわれる	đi vòng được, đi khắp được	
波止場	はとば	bến tàu	
帆	ほ	cánh buồm	
紋	もん	huy hiệu, gia huy	
堂々	どうどう	đường hoàng, hiên ngang	
錨	いかり	mỏ neo	
ねから	ねから	-	
タラップ	たらっぷ	cầu thang lên tàu	
船員	せんいん	thủy thủ	
背筋	せすじ	sống lưng	
船長	せんちょう	thuyền trưởng	
アタシ	あたし	tôi (nữ, thân mật)	
一目	いちもく	một cái nhìn	ひとめ
見抜く	みぬく	nhìn thấu	
船隊	せんたい	đoàn thuyền, hạm đội	
旗艦	きかん	kỳ hạm, tàu chỉ huy	
無冠	むかん	không vương miện	
怪物	かいぶつ	quái vật	
ハハッ	ははっ	(tiếng cười) ha ha	
大げさ	おおげさ	cường điệu, phóng đại	
呼び名	よびな	biệt danh, tên gọi	
船乗り	ふなのり	thủy thủ, người đi biển	
陸揚げ	りくあげ	dỡ hàng lên bờ	
甲板	かんぱん	boong tàu	
支度	したく	chuẩn bị, sửa soạn	
整う	ととのう	được chuẩn bị xong, chỉnh tề	
行く行く	ゆくゆく	đi chứ, đi đi	いくいく
絶えず	たえず	không ngớt, liên tục	
潮風	しおかぜ	gió biển	
遊び	あそび	chơi, đi chơi	
かんげ	かんげ	-	
心意気	こころいき	khí phách, tinh thần	
帳	とばり	màn (đêm)	
停泊	ていはく	neo đậu, thả neo	
ぶつ	ぶつ	-	
仕留める	しとめる	hạ gục, giết được	
切り取る	きりとる	cắt ra, cắt bớt	
至る	いたる	đi đến, dẫn tới	
出くわす	でくわす	tình cờ gặp phải	
夢見る	ゆめみる	mơ ước	
そらす	そらす	lảng tránh, ngoảnh (mắt)	
しずめる	しずめる	đánh chìm	
沈める	しずめる	đánh chìm	
決着	けっちゃく	kết thúc, giải quyết dứt điểm	
ロープ	ろうぷ	dây thừng	
やもり	やもり	-	
大砲	たいほう	đại bác	
銛		cây lao (săn cá)	もり
縄	なわ	dây thừng	
ありったけ	ありったけ	tất cả những gì có	
封じる	ふうじる	phong tỏa, khống chế	
渾身	こんしん	dốc toàn lực	
海面	かいめん	mặt biển	
ふさわしい	ふさわしい	xứng đáng, phù hợp	
かてる	かてる	thắng được	
勝てる	かてる	thắng được	
王冠	おうかん	vương miện	
おだてる	おだてる	tâng bốc, nịnh	
見張り	みはり	canh gác, người canh gác	
見届ける	みとどける	chứng kiến đến cùng	
手伝い	てつだい	giúp đỡ, phụ giúp	
航海	こうかい	hải trình, chuyến đi biển	
沖	おき	ngoài khơi	
鉛	なまり	chì	
叩きつける	たたきつける	quất mạnh, đập mạnh	
木の葉	このは	lá cây	
うろたえる	うろたえる	hoảng hốt, luống cuống	
畳める	たためる	gấp lại, cuộn (buồm)	
時化	しけ	biển động, bão biển	
押さえる	おさえる	giữ chặt, đè	
引っぱる	ひっぱる	kéo	
ちびっこ	ちびっこ	nhóc con	
大波	おおなみ	sóng lớn	
帆柱	ほばしら	cột buồm	
迫る	せまる	áp sát, ập tới	
おし	おし	-	
蓄える	たくわえる	tích trữ, dồn nén	
叩き	はたき	đánh, đập	たたき
まばゆい	まばゆい	chói lóa	
収まる	おさまる	lắng xuống, dịu đi	
新入り	しんいり	người mới	
縮み上がる	ちぢみあがる	co rúm, sợ run	
雷鳴	らいめい	tiếng sấm	
凪ぐ	なぐ	(gió, biển) lặng	
水平	すいへい	nằm ngang; (đường) chân trời	
差し込む	さしこむ	chiếu vào, rọi vào	
容赦	ようしゃ	nương tay, khoan dung	
うく	うく	nổi	
小舟	こぶね	thuyền nhỏ	
踏ん張る	ふんばる	trụ vững, cố gắng	
野郎	やろう	bọn bay, thằng (thô)	
昨夜	さくや	đêm qua	
竜骨	りゅうこつ	sống thuyền (ky tàu)	
承知	しょうち	hiểu rõ, chấp nhận	
ヤワ	やわ	yếu ớt, mỏng manh	
溺れる	おぼれる	chết đuối, đuối nước	
流儀	りゅうぎ	cách làm, phong cách	
損得	そんとく	lợi hại, được mất	
さんざん	さんざん	tới tấp, rất nhiều	
漂流	ひょうりゅう	trôi dạt	
民間	みんかん	dân sự, tư nhân	
食料	しょくりょう	lương thực	
商売	しょうばい	buôn bán, kinh doanh	
握れる	にぎれる	nắm được	
滑り込む	すべりこむ	trượt vào, lướt vào	
面構え	つらがまえ	vẻ mặt, gương mặt	
親父	おやじ	bố, ông già	
腕っぷし	うでっぷし	sức mạnh cơ bắp	
舳先	へさき	mũi thuyền	
なびく	なびく	bay phấp phới	
せっしゃ	せっしゃ	tại hạ (khiêm nhường)	
拙者	せっしゃ	tại hạ (khiêm nhường)	
お世話	おせわ	sự giúp đỡ, chăm sóc	
浪人	ろうにん	lãng khách, samurai lang thang	
故郷	こきょう	quê hương	
踏める	ふめる	giẫm lên được	
手出し	てだし	can thiệp, động tay vào	
命令	めいれい	mệnh lệnh	
怯む	ひるむ	chùn bước, nao núng	
見返り	みかえり	đền đáp, báo đáp	
居場所	いばしょ	chỗ ở, nơi thuộc về	
澄ます	すます	lắng (tai) nghe	
方角	ほうがく	phương hướng	
見失う	みうしなう	mất dấu, lạc mất	
実に	じつに	thực sự, quả thật	
同然	どうぜん	chẳng khác gì, như là	
馳せる	はせる	hướng (suy nghĩ) về	
届け出	とどけで	khai báo, đăng ký	
規則	きそく	quy tắc	
罰金	ばっきん	tiền phạt	
通知	つうち	thông báo	
たかが	たかが	chỉ là, chẳng qua	
一刻	いっこく	một khắc, chốc lát	
睨み合う	にらみあう	lườm nhau, đối đầu	
秩序	ちつじょ	trật tự	
崩れる	くずれる	sụp đổ, đổ vỡ	
へいへい	へいへい	vâng vâng (miễn cưỡng)	
助力	じょりょく	trợ giúp	
海域	かいいき	vùng biển	
利	り	lợi ích	
振るえる	ふるえる	vung (kiếm) được	
群	ぐん	-	
閣		-	
雹		mưa đá	ひょう
正午	しょうご	giữa trưa	
利子	りし	tiền lãi	
後ろ姿	うしろすがた	bóng lưng	
口うるさい	くちうるさい	hay cằn nhằn	
商船	しょうせん	thuyền buôn	
度胸	どきょう	gan dạ, can đảm	
縛り上げる	しばりあげる	trói chặt	
こじ開ける	こじあける	cạy mở	
しばる	しばる	trói	
縛る	しばる	trói	
人質	ひとじち	con tin	
引き渡す	ひきわたす	giao nộp, bàn giao	
祝い	いわい	ăn mừng, chúc mừng	
仕切る	しきる	quản lý, điều hành	
濃いめ	こいめ	hơi đậm	
味付け	あじつけ	nêm nếm, gia vị	
コック	こっく	đầu bếp	
めいよ	めいよ	danh dự	
証す	あかす	bằng chứng, dấu hiệu	あかし
せつに	せつに	-	
恥じる	はじる	hổ thẹn, xấu hổ	
すか	すか	-	
荒波	あらなみ	sóng dữ	
一員	いちいん	một thành viên	
陸	りく	đất liền	
潜む	ひそむ	ẩn nấp, tiềm ẩn	
船旅	ふなたび	chuyến đi bằng thuyền	
外洋	がいよう	biển khơi, đại dương	
船酔	ふなよい	say sóng	
御用	ごよう	việc (kính ngữ); chuyện nhỏ	
鉄則	てっそく	nguyên tắc sắt	
詰め込む	つめこむ	nhồi nhét	
せつない	せつない	-	
喧嘩	けんか	cãi nhau, đánh nhau	
万全	ばんぜん	hoàn hảo, chu toàn	
場数	ばかず	kinh nghiệm thực chiến	
化け物	ばけもの	quái vật	
揉む	もむ	vùi dập, xoa bóp	
そりゃ	そりゃ	cái đó thì, dĩ nhiên	
もち	もち	-	
文集	ぶんしゅう	-	
一角	いっかく	một góc	
墨	すみ	mực tàu	
書棚	しょだな	giá sách	
上品	じょうひん	thanh lịch, tao nhã	
身なり	みなり	cách ăn mặc	
読みふける	よみふける	say mê đọc	
佳境	かきょう	đoạn hấp dẫn nhất	
侠		hiệp, nghĩa hiệp	きょう
剣士	けんし	kiếm sĩ	
剣客	けんきゃく	kiếm khách	
弱き	よわき	kẻ yếu	
虫	むし	con sâu; mọt (sách)	
入り浸る	いりびたる	la cà, lui tới suốt	
指折り	ゆびおり	hàng đầu, bậc nhất	
商い	あきない	buôn bán	
忙しない	せわしない	bận rộn, tất bật	
ひととき	ひととき	một lúc, chốc lát	
見かけ	みかけ	vẻ bề ngoài	
茶店	ちゃみせ	quán trà	
口止め	くちどめ	bịt miệng, giữ bí mật	
若だんな	わかだんな	cậu chủ trẻ	
礼儀	れいぎ	lễ phép, lễ nghi	
いたずら	いたずら	nghịch ngợm, tinh nghịch	
侠気	きょうき	tinh thần hiệp nghĩa	
しゃがみこむ	しゃがみこむ	ngồi xổm xuống	
後で	あとで	sau, lát nữa	
証文	しょうもん	giấy nợ, chứng từ	
知らんぷり	しらんぷり	giả vờ không biết	
なんて	なんて	thật là (cảm thán)	
許せる	ゆるせる	tha thứ được	
何とか	なんとか	bằng cách nào đó	
突き止める	つきとめる	tìm ra, truy ra	
探し回る	さがしまわる	tìm khắp nơi	
件	けん	(việc/người) nói trên	くだん
雲隠れ	くもがくれ	lẩn trốn, biến mất	
兵士	へいし	binh lính	
親身	しんみ	tận tình, chu đáo	
揉め事	もめごと	tranh chấp, xích mích	
翌朝	よくあさ	sáng hôm sau	
満面	まんめん	khắp mặt, rạng rỡ	
兄さん	にいさん	anh (trai)	
真っ青	まっさお	xanh mét, tái mét	
残り香	のこりが	hương còn vương lại	
ばれる	ばれる	bị lộ	
侠客	きょうかく	hiệp khách	
父上	ちちうえ	cha (kính ngữ)	
混じる	まじる	lẫn vào, trộn lẫn	
もってこい	もってこい	lý tưởng, rất thích hợp	
流派	りゅうは	trường phái, môn phái	
方針	ほうしん	phương châm	
武芸	ぶげい	võ nghệ	
門派	もんぱ	môn phái	
落ちぶれる	おちぶれる	sa sút, suy tàn	
閑古鳥	かんこどり	(cảnh) vắng tanh	
砂	すな	cát	
石灰	せっかい	vôi	
粉	こな	bột	
奇妙	きみょう	kỳ lạ	
くらます	くらます	làm lóa mắt, che mắt	
小細工	こざいく	mánh khóe vặt	
逃がす	にがす	thả đi, giúp chạy thoát	
惚れ込む	ほれこむ	say mê, mê mẩn	
さして	さして	(nắng) chiếu rọi	
切れる	きれる	(mây) tan; đứt	
時期	じき	thời kỳ	
理	り	lý, nguyên lý	
招く	まねく	mời	
私室	ししつ	phòng riêng	
書き散らす	かきちらす	viết lung tung, nháp bừa	
床	ゆか	sàn nhà	
寝台	しんだい	giường	
ないし	ないし	-	
使用人	しようにん	người hầu	
許し	ゆるし	sự cho phép	
立ち入る	たちいる	đi vào, xâm nhập	
申し付ける	もうしつける	dặn dò, ra lệnh	
にいさん	にいさん	anh (trai)	
それなのに	それなのに	vậy mà, thế mà	
隠し事	かくしごと	chuyện giấu giếm	
織る	おる	dệt	
語らう	かたらう	trò chuyện, tâm sự	
山河	さんが	núi sông	
食いしんぼう	くいしんぼう	người tham ăn	
仙女	せんにょ	tiên nữ	
題す	だいす	đặt tựa đề	
腹ぺこ	はらぺこ	đói meo	
くわえる	くわえる	ngậm (trong miệng)	
夜な夜な	よなよな	đêm đêm	
湖面	こめん	mặt hồ	
蛟	みずち	giao long	
船頭	せんどう	người lái đò	
躍り上がる	おどりあがる	nhảy vọt lên	
孤舟	こしゅう	con thuyền đơn độc	
さながら	さながら	y như, chẳng khác gì	
蛇	へび	con rắn	
鏡	かがみ	gương	
遮る	さえぎる	che khuất, chặn	
背丈	せたけ	chiều cao (người)	
水しぶき	みずしぶき	bọt nước bắn tung	
ずぶ濡れ	ずぶぬれ	ướt sũng	
悠々	ゆうゆう	thong thả, ung dung	
正体	しょうたい	chân tướng, bộ mặt thật	
びしょびしょ	びしょびしょ	ướt sũng	
添える	そえる	thêm vào, điểm thêm	
及ぶ	およぶ	đạt tới; (không) cần phải	
真っ向	まっこう	trực diện	
渡り合える	わたりあえる	đối đầu ngang ngửa được	
振り	ふり	-	
風流	ふうりゅう	phong nhã	
若旦那	わかだんな	cậu chủ trẻ	
使い分ける	つかいわける	dùng tùy lúc, phân biệt dùng	
善行	ぜんこう	việc thiện	
人知れず	ひとしれず	âm thầm, không ai biết	
名文	めいぶん	văn hay, câu văn hay	
義	ぎ	nghĩa, chính nghĩa	
名声	めいせい	danh tiếng	
作れる	つくれる	tạo ra được	
途絶える	とだえる	dứt, ngừng hẳn	
薄日	うすび	nắng nhạt	
繰り出す	くりだす	kéo nhau ra (phố)	
立ち尽くす	たちつくす	đứng sững	
遠方	えんぽう	phương xa	
稀覯	きこう	hiếm có (sách quý)	
道中	どうちゅう	dọc đường	
仕業	しわざ	việc làm, trò (của ai)	
見過ごす	みすごす	bỏ qua, làm ngơ	
敵討ち	かたきうち	báo thù	
格好いい	かっこういい	ngầu, đẹp trai	
脇	わき	bên cạnh, rìa	
躍起	やっき	hăm hở, ra sức	
紙切れ	かみきれ	mẩu giấy	
骨折り損	ほねおりぞん	công cốc	
聞き捨てる	ききずてる	bỏ ngoài tai	
詰まる	つまる	chứa đầy, nhồi đầy	
袖	そで	tay áo	
撒く	まく	rắc, rải	
立ちこめる	たちこめる	bao phủ, dày đặc	
右往左往	うおうさおう	chạy toán loạn	
恩人	おんじん	ân nhân	
書き残す	かきのこす	viết lại, ghi lại	
筋書き	すじがき	cốt truyện, kịch bản	
積み重ねる	つみかさねる	tích lũy, chồng chất	
親しむ	したしむ	thân thiết, gần gũi	
完結	かんけつ	kết thúc, trọn vẹn	
読み耽る	よみふける	say mê đọc	
ご存じ	ごぞんじ	biết (kính ngữ)	
真っ先	まっさき	trước tiên	
挿絵	さしえ	tranh minh họa	
ともかく	ともかく	dù sao, khoan nói đến	
一級	いっきゅう	hạng nhất	
からかい	からかい	trêu chọc	
からかう	からかう	trêu chọc	
もつれる	もつれる	-	
分け合う	わけあう	chia nhau	
手厳しい	てきびしい	nghiêm khắc, gay gắt	
善処	ぜんしょ	xử lý thỏa đáng	
独学	どくがく	tự học	
ぬかるむ	ぬかるむ	lầy lội	
特権	とっけん	đặc quyền	
学べる	まなべる	học được	
存分	ぞんぶん	thỏa thích, hết mức	
語り合う	かたりあう	trò chuyện với nhau	
無謀	むぼう	liều lĩnh	
善意	ぜんい	thiện ý	
時に	ときに	đôi khi	
気取る	きどる	làm bộ, ra vẻ	
墓場	はかば	nghĩa địa	
分かつ	わかつ	chia sẻ, phân chia	
存外	ぞんがい	ngoài dự đoán, không ngờ	
望	もち	-	
舒		-	
宿	やど	nhà trọ, chỗ trọ	
押し寄せる	おしよせる	ùa tới, kéo đến	
薙ぎ払う	なぎはらう	quét ngang, chém quét	
護法	ごほう	hộ pháp	
夜叉	やしゃ	dạ xoa	
聞きつける	ききつける	nghe thấy, nghe tin	
かたは	かたは	-	
あんに	あんに	-	
杏仁	きょうにん	hạnh nhân	あんにん
きける	きける	-	
依頼	いらい	nhờ vả, ủy thác	
薄暗い	うすぐらい	tối mờ, lờ mờ	
凄まじい	すさまじい	khủng khiếp, dữ dội	
きり	きり	giới hạn (きりがない: không dứt)	
とびかかる	とびかかる	lao vào, vồ lấy	
目がける	めがける	nhắm vào	
飛びかかる	とびかかる	lao vào, vồ lấy	
見開く	みひらく	mở to (mắt)	
間合い	まあい	khoảng cách (giao chiến)	
詰める	つめる	rút ngắn, thu hẹp	
霧散	むさん	tan biến	
静寂	せいじゃく	tĩnh lặng	
うらみ	うらみ	oán hận	
滅びる	ほろびる	diệt vong	
怨念	おんねん	oán niệm, oán khí	
憎しみ	にくしみ	lòng căm ghét	
いばる	いばる	-	
帝	みかど	-	
交わす	かわす	trao đổi, lập (giao ước)	
契約	けいやく	khế ước, hợp đồng	
テラス	てらす	sân thượng, hiên	
手ずから	てずから	tự tay	
こしらえる	こしらえる	làm, chế biến	
最上階	さいじょうかい	tầng trên cùng	
待ちかねる	まちかねる	mong đợi, sốt ruột chờ	
涼風	すずかぜ	gió mát	
佇む	たたずむ	đứng lặng	
覚え	おぼえ	trí nhớ, (có) nhớ	
匙	さじ	cái thìa	
和らぐ	やわらぐ	dịu đi	
喰らう	くらう	ăn, nuốt	
むりやり	むりやり	ép buộc, cưỡng ép	
大半	たいはん	phần lớn	
苦悶	くもん	đau đớn, quằn quại	
甘美	かんび	ngọt ngào	
岩肌	いわはだ	mặt đá	
かまう	かまう	bận tâm; (không) sao	
拒む	こばむ	từ chối, cự tuyệt	
澱む	よどむ	ngưng đọng, tù đọng	
デカ	でか	to, bự (khẩu ngữ)	
大地	だいち	mặt đất, đại địa	
漆黒	しっこく	đen kịt	
儺		na (lễ trừ tà); mặt nạ na	な
被る	こうむる	đội, đeo (mặt nạ)	かぶる
旋風	せんぷう	cơn lốc	
果てる	はてる	chết, kết thúc	
蝕む	むしばむ	ăn mòn, gặm nhấm	
蒼白	そうはく	tái nhợt	
呼吸	こきゅう	hơi thở	
荒い	あらい	gấp, dữ dội	
じんと	じんと	-	
邪悪	じゃあく	tà ác	
仕える	つかえる	phục vụ, hầu hạ	
奴隷	どれい	nô lệ	
しゃが	しゃが	-	
虚ろ	うつろ	trống rỗng, vô hồn	
由	よし	cách, lẽ (để biết)	
かの	かの	kia, đó (người/vật đã biết)	
討ち滅ぼす	うちほろぼす	tiêu diệt	
仰る	おっしゃる	nói (kính ngữ)	
与える	あたえる	ban cho, trao	
報いる	むくいる	báo đáp, đền đáp	
くるしむ	くるしむ	đau khổ	
苦しみ	くるしみ	nỗi khổ, đau khổ	
いかなる	いかなる	bất kỳ, bất cứ	
尽きる	つきる	cạn kiệt, chấm dứt	
生き残る	いきのこる	sống sót	
狂気	きょうき	điên loạn	
末路	まつろ	kết cục	
辿る	たどる	đi theo, lần theo	
響き	ひびき	âm hưởng, tiếng vang	
巨		-	
淵	ふち	-	
奥深い	おくふかい	sâu thẳm	
一向に	いっこうに	mãi mà (không)	
愚か者	おろかもの	kẻ ngu ngốc	
無闇	むやみ	liều lĩnh, bừa bãi	
踏み込む	ふみこむ	bước vào, xông vào	
ところで	ところで	-	
陥る	おちいる	rơi vào, lâm vào	
増す	ます	tăng lên (いつにも増して: hơn mọi khi)	
にわか	にわか	đột ngột, ngay lập tức	
踏み入る	ふみいる	bước vào	
騒がす	さわがす	làm náo động; ồn ào	
平穏	へいおん	bình yên	
住処	すみか	nơi ở	
敬意	けいい	lòng kính trọng	
御方	おかた	vị, ngài (kính ngữ)	
ひとえに	ひとえに	hoàn toàn, chỉ nhờ	
怠る	おこたる	lơ là, xao nhãng	
さぼる	さぼる	trốn việc, lười	
得物	えもの	vũ khí sở trường	
手本	てほん	mẫu, làm mẫu	
長らく	ながらく	đã lâu	
ふえ	ふえ	cây sáo	
笛	ふえ	cây sáo	
仰せる	おおせる	nói, truyền (kính ngữ)	
玉	たま	-	
大金持ち	おおがねもち	đại phú hộ, rất giàu	
やらかす	やらかす	gây ra (lỗi)	
広間	ひろま	đại sảnh	
衣	ころも	áo, y phục	
取り引き	とりひき	giao dịch	
単刀直入	たんとうちょくにゅう	nói thẳng, đi thẳng vào vấn đề	
取引	とりひき	giao dịch	
他国	たこく	nước khác	
モラ	もら	Mora (tiền tệ)	
構う	かまう	bận tâm; (không) sao	
取り分	とりぶん	phần được hưởng	
モンド	もんど	-	
かしこい	かしこい	thông minh, khôn	
抜け目	ぬけめ	sơ hở (抜け目ない: tinh ranh)	
極上	ごくじょう	thượng hạng	
関わる	かかわる	liên quan	
武勇	ぶゆう	võ dũng, chiến tích	
問い	とい	câu hỏi	
挟む	はさむ	chen vào, kẹp	
聞き漏らす	ききもらす	nghe sót	
有意義	ゆういぎ	có ý nghĩa, bổ ích	
何で	なんで	-	
倉庫	そうこ	nhà kho	
ガタゴト	がたごと	(tiếng) lạch cạch	
ほうび	ほうび	phần thưởng	
多め	おおめ	hơi nhiều	
浜	はま	bãi biển	
物音	ものおと	tiếng động	
欠片	かけら	mảnh vỡ	
探る	さぐる	dò la, thăm dò	
はり	はり	-	
ねたい	ねたい	-	
持ち出す	もちだす	mang ra ngoài, tuồn ra	
手口	てぐち	thủ đoạn	
雇い主	やといぬし	chủ thuê	
最低限	さいていげん	tối thiểu	
段取り	だんどり	sắp xếp, kế hoạch	
足る	たる	đủ (取るに足らない: không đáng kể)	
建材	けんざい	vật liệu xây dựng	
玉石	ぎょくせき	đá ngọc	
滑車	かっしゃ	ròng rọc	
吊り上げる	つりあげる	kéo lên, treo lên	
礎	いしずえ	nền móng	
きれる	きれる	đứt	
軋む	きしむ	kêu cót két	
落下	らっか	rơi xuống	
宝玉	ほうぎょく	ngọc quý	
難なく	なんなく	dễ dàng	
費用	ひよう	chi phí	
おかしな	おかしな	kỳ lạ, lạ lùng	
風変わり	ふうがわり	khác thường, kỳ lạ	
抜け殻	ぬけがら	cái vỏ rỗng	
好事家	こうずか	người sưu tầm, dân chơi đồ	
高値	たかね	giá cao	
宿す	やどす	mang, chứa đựng	
運命	うんめい	định mệnh	
不機嫌	ふきげん	khó chịu, cáu kỉnh	
側近	そっきん	thân tín, cận thần	
売り物	うりもの	hàng để bán	
売り値	うりね	giá bán	
筋金入り	すじがねいり	thâm căn cố đế, chính hiệu	
笑い話	わらいばなし	chuyện cười	
値札	ねふだ	thẻ giá	
入ろう	にゅうろう	định vào	はいろう
緊急	きんきゅう	khẩn cấp	
夕刻	ゆうこく	chiều tối	
避難	ひなん	lánh nạn, sơ tán	
殺到	さっとう	ùn ùn kéo đến	
埠頭	ふとう	bến tàu	
割り当て	わりあて	phân chia, phân bổ	
揉める	もめる	tranh cãi, xích mích	
図面	ずめん	bản vẽ, sơ đồ	
入港	にゅうこう	vào cảng	
慌ただしい	あわただしい	vội vã, tất bật	
ふとい	ふとい	-	
振り分ける	ふりわける	phân chia, phân loại	
優先	ゆうせん	ưu tiên	
生鮮	せいせん	tươi sống	
損失	そんしつ	tổn thất	
最小限	さいしょうげん	tối thiểu	
なおも	なおも	vẫn còn, vẫn tiếp tục	
後尾	こうび	cuối hàng	
駆け出す	かけだす	chạy đi	
あくまで	あくまで	chỉ là, rốt cuộc chỉ	
刻	こく	-	
衡		-	
そっくり	そっくり	y nguyên, giống hệt	
お返し	おかえし	trả lại, đáp lễ	
増やせる	ふやせる	tăng lên được	
遊戯	ゆうぎ	trò chơi	
仕入れる	しいれる	nhập hàng	
朝市	あさいち	chợ sáng	
売り込む	うりこむ	chào bán	
寸分	すんぶん	mảy may, một chút	
いが	いが	-	
気がつく	きがつく	nhận ra	
器	うつわ	tố chất, tầm cỡ; đồ đựng	
勝利	しょうり	thắng lợi	
始まり	はじまり	khởi đầu	
つけ	つけ	-	
とうに	とうに	từ lâu, đã lâu	
出航	しゅっこう	ra khơi, xuất bến	
尻尾	しっぽ	cái đuôi	
期日	きじつ	hạn chót, kỳ hạn	
天秤	てんびん	cái cân (đặt lên bàn cân)	
負け	まけ	thua, thất bại	
投資	とうし	đầu tư	
財産	ざいさん	tài sản	
仮面	かめん	mặt nạ	
霄		trời cao (霄灯: đèn trời)	しょう
招待	しょうたい	mời	
率直	そっちょく	thẳng thắn	
値打ち	ねうち	giá trị	
企業	きぎょう	doanh nghiệp	
客人	きゃくじん	khách	
値	ね	giá	
測れる	はかれる	đo được	
欄干	らんかん	lan can	
高み	たかみ	chỗ cao	
行く末	ゆくすえ	tương lai	
執着	しゅうちゃく	chấp niệm, bám víu	
口ぶり	くちぶり	cách nói, giọng điệu	
船大工	ふなだいく	thợ đóng thuyền	
富	とみ	của cải, giàu có	
砂上	さじょう	trên cát	
楼閣	ろうかく	lâu các, lầu gác	
夢みる	ゆめみる	mơ mộng (夢みたい: như mơ)	
宝物	ほうもつ	báu vật	たからもの
半生	はんせい	nửa đời người	
覗く	のぞく	nhìn trộm, ngó	
豆粒	まめつぶ	hạt đậu	
最上	さいじょう	tốt nhất, cao nhất	
書庫	しょこ	kho sách, thư khố	
値切る	ねぎる	mặc cả, trả giá	
情勢	じょうせい	tình hình	
ついていける	ついていける	theo kịp	
親しい	したしい	thân thiết	
悪口	わるぐち	nói xấu	
常習犯	じょうしゅうはん	kẻ tái phạm	
重んじる	おもんじる	coi trọng	
罰す	ばっす	trừng phạt	
犬猿	けんえん	như chó với mèo	
好敵手	こうてきしゅ	đối thủ xứng tầm	
ハラハラ	はらはら	lo thấp thỏm	
せおう	せおう	cõng, đeo trên lưng	
ぴょんぴょん	ぴょんぴょん	nhảy tưng tưng	
大漁	たいりょう	đánh được nhiều cá, bội thu	
一人ぼっち	ひとりぼっち	một mình cô đơn	
つまんない	つまんない	chán, buồn tẻ	
白紙	はくし	giấy trắng	
うかと	うかと	-	
はんする	はんする	-	
いぶる	いぶる	-	
連鎖	れんさ	dây chuyền, chuỗi	
ドカドカーン	どかどかあん	(tiếng) nổ ầm ầm	
くだん	くだん	-	
ばいいん	ばいいん	-	
書き上げる	かきあげる	viết xong	
やわらぐ	やわらぐ	dịu đi	
つなげる	つなげる	nối tiếp, kết nối	
ひっかかる	ひっかかる	mắc vào, vướng	
ビリッ	びりっ	(tiếng) xoạc (rách)	
鬼ごっこ	おにごっこ	trò đuổi bắt	
取れる	とれる	rời ra, bung ra	
飛び出る	とびでる	lòi ra, bật ra	
すわりこむ	すわりこむ	ngồi phịch xuống	
わんわん	わんわん	(khóc) oa oa	
とわ	とわ	-	
飛び散る	とびちる	văng tung tóe	
葉っぱ	はっぱ	lá cây	
落ち葉	おちば	lá rụng	
ぬぐう	ぬぐう	lau, chùi	
元通り	もとどおり	như cũ	
歴戦	れきせん	trải qua nhiều trận	
勇者	ゆうしゃ	dũng sĩ	
かご	かご	cái giỏ	
バスケット	ばすけっと	cái giỏ	
せっせと	せっせと	chăm chỉ, cặm cụi	
釣り竿	つりざお	cần câu	
釣る	つる	câu (cá)	
切り抜く	きりぬく	cắt (thành hình)	
抜き	ぬき	-	
けら	けら	-	
隠し	かくし	-	
ひつじ	ひつじ	con cừu	
むれる	むれる	-	
牧場	ぼくじょう	trang trại chăn nuôi	
逃げ	にげ	chạy trốn	
羊	ひつじ	con cừu	
村人	むらびと	dân làng	
全開	ぜんかい	hết cỡ, toàn lực	
ドッカン	どっかん	(tiếng) nổ đùng	
空き地	あきち	bãi đất trống	
狙い撃ち	ねらいうち	nhắm bắn	
慌てる	あわてる	hoảng hốt, vội vàng	
スタンバイ	すたんばい	sẵn sàng, chờ sẵn	
よーく	ようく	thật kỹ	
ドカン	どかん	(tiếng) đùng	
的確	てきかく	chính xác	
とらえる	とらえる	bắt, nhắm trúng	
始終	しじゅう	từ đầu đến cuối	
たとえる	たとえる	ví von, so sánh	
よこぎる	よこぎる	băng ngang	
一直線	いっちょくせん	thẳng một mạch	
おんなじ	おんなじ	giống nhau	
道しるべ	みちしるべ	biển chỉ đường, kim chỉ nam	
隊員	たいいん	đội viên	
抱きしめる	だきしめる	ôm chặt	
寝息	ねいき	hơi thở khi ngủ	
ゆるい	ゆるい	-	
許可	きょか	cho phép	
クローバー	くろうばあ	cỏ ba lá	
大輪	たいりん	bông (hoa) lớn	
彩る	いろどる	tô điểm	
町中	まちなか	trong thành phố	
くれぐれも	くれぐれも	nhất định, tuyệt đối	
打ち上げる	うちあげる	bắn lên (pháo hoa)	
線香	せんこう	nhang (線香花火: pháo que)	
かくれんぼ	かくれんぼ	trốn tìm	
逃げ足	にげあし	chạy trốn nhanh	
用事	ようじ	việc bận	
つみ	つみ	hái (hoa)	
摘み	つまみ	hái (hoa)	つみ
早寝	はやね	ngủ sớm	
あそべる	あそべる	chơi được	
おそろい	おそろい	giống nhau, cùng kiểu	
遊べる	あそべる	chơi được	
読み返す	よみかえす	đọc lại	
お手伝い	おてつだい	giúp đỡ	
達人	たつじん	bậc thầy, cao thủ	
無性に	むしょうに	vô cùng, da diết	
往生	おうじょう	-	
鍾		-	
お初	おはつ	lần đầu	
お目にかかる	おめにかかる	gặp (khiêm nhường)	
葬儀	そうぎ	tang lễ	
儀式	ぎしき	nghi thức	
任す	まかす	giao phó	
心根	こころね	tấm lòng, bản tính	
異邦	いほう	nước ngoài, dị bang	
またとない	またとない	hiếm có, có một không hai	
用いる	もちいる	sử dụng	
品々	しなじな	các món đồ	
揃える	そろえる	chuẩn bị đủ, sắp xếp	
年月	としつき	năm tháng	
上質	じょうしつ	chất lượng cao	
そこら	そこら	quanh đây, đâu đó	
石ころ	いしころ	hòn sỏi, đá vụn	
持ち合わせる	もちあわせる	mang sẵn theo người	
買い込む	かいこむ	mua nhiều, mua sắm	
一文	いちぶん	một xu (一文なし: không xu dính túi)	いちもん
立て替える	たてかえる	trả hộ, ứng tiền trước	
かたじけない	かたじけない	cảm tạ, đa tạ	
懐かしむ	なつかしむ	hoài niệm, nhớ về	
眼差し	まなざし	ánh mắt	
目撃	もくげき	chứng kiến	
もはや	もはや	đã không còn, giờ đây	
歩ける	あるける	đi được	
欺く	あざむく	lừa dối	
凡人	ぼんじん	người thường	
山あい	やまあい	thung lũng núi	
揺るがす	ゆるがす	làm rung chuyển	
相次ぐ	あいつぐ	liên tiếp xảy ra	
陀		-	
揺れ	ゆれ	rung lắc, chấn động	
遥か	はるか	xa xôi	
摩耗	まもう	mài mòn	
とじこめる	とじこめる	nhốt, giam	
ゆえに	ゆえに	vì vậy, do đó	
封印	ふういん	phong ấn	
綻びる	ほころびる	rạn nứt, bung ra	
あんしん	あんしん	yên tâm	
何一つ	なにひとつ	không một điều gì	
安らか	やすらか	yên bình, thanh thản	
原	はら	-	
集う	つどう	tụ họp	
まじる	まじる	-	
争い	あらそい	tranh chấp, chiến tranh	
戦火	せんか	khói lửa chiến tranh	
富む	とむ	giàu (có), phong phú	
るり	るり	lưu ly (đá quý xanh)	
ゆり	ゆり	hoa bách hợp, hoa huệ tây	
琉		-	
ひっそり	ひっそり	lặng lẽ, âm thầm	
われる	われる	vỡ	
いろは	いろは	-	
息づく	いきづく	sống, tồn tại	
いえる	いえる	-	
じゃま	じゃま	làm phiền, cản trở	
言い残す	いいのこす	nói lại (trước khi đi)	
志	こころざし	chí hướng	
揺るぐ	ゆるぐ	lung lay, dao động	
しょうとう	しょうとう	đèn trời (霄灯)	
光景	こうけい	cảnh tượng	
ろくする	ろくする	-	
むすぶ	むすぶ	kết, ký kết	
契り	ちぎり	lời thề, giao ước	
即答	そくとう	trả lời ngay	
きざむ	きざむ	khắc	
酌み交わす	くみかわす	cùng rót uống với nhau	
東西	とうざい	đông tây	
南北	なんぼく	nam bắc	
四方	しほう	bốn phương	
向き直る	むきなおる	quay lại hướng về	
緑茶	りょくちゃ	trà xanh	
静める	しずめる	làm dịu, làm lắng	
思考	しこう	suy nghĩ	
バタバタ	ばたばた	tất bật, rối rít	
整える	ととのえる	điều chỉnh, sắp xếp	
手ほどき	てほどき	chỉ dạy, hướng dẫn	
改める	あらためる	đổi (ngày khác); sửa đổi	
支払い	しはらい	thanh toán	
常	つね	thường lệ, luôn luôn	
古道具	ふるどうぐ	đồ cũ	
骨董	こっとう	đồ cổ	
本代	ほんだい	tiền mua sách	
使い道	つかいみち	cách dùng	
後悔	こうかい	hối hận	
真に	しんに	thực sự	
過ごせる	すごせる	trải qua được, sống cùng được	
コツコツ	こつこつ	cần mẫn, từng chút một	
書き留める	かきとめる	ghi chép lại	
刻限	こくげん	thời hạn, giờ hẹn	
抱く	いだく	ôm ấp, ấp ủ	
ありふれる	ありふれる	bình thường, tầm thường	
尊い	とうとい	quý giá, cao quý	
協会	きょうかい	hiệp hội	
合同	ごうどう	chung, phối hợp	
ヤツ	やつ	gã, kẻ	
カラス	からす	con quạ	
ひるがえす	ひるがえす	phất (áo), tung bay	
悠然と	ゆうぜんと	ung dung, thong thả	
断罪	だんざい	kết tội, phán xử	
フッ	ふっ	(cười) hừ	
幽い	かそけい	-	
浄土	じょうど	tịnh độ, cõi thanh tịnh	
降臨	こうりん	giáng lâm	
やじ	やじ	-	
お嬢様	おじょうさま	tiểu thư	
眷属	けんぞく	quyến thuộc, thuộc hạ	
随行	ずいこう	tùy tùng, đi theo	
話し方	はなしかた	cách nói chuyện	
コホン	こほん	(tiếng) e hèm	
たる	たる	là, với tư cách (văn cổ)	
下々	しもじも	dân thường, kẻ dưới	
急増	きゅうぞう	tăng đột biến	
案じる	あんじる	lo lắng	
魂	たましい	linh hồn	
忠実	ちゅうじつ	trung thành	
鴉	からす	con quạ	
巨木	きょぼく	cây cổ thụ lớn	
枝葉	えだは	cành lá	
模様	もよう	hoa văn, họa tiết	
暴く	あばく	vạch trần, phơi bày	
仰せ	おおせ	lời nói, mệnh lệnh (kính ngữ)	
しばし	しばし	một lát	
うかがう	うかがう	dò xét, quan sát	
川辺	かわべ	bờ sông	
逃れる	のがれる	thoát khỏi	
戦場	せんじょう	chiến trường	
軽々しい	かるがるしい	khinh suất, tùy tiện	
とも	とも	bạn	
唯一	ゆいいつ	duy nhất	
無二	むに	có một không hai	
盟友	めいゆう	bạn đồng minh	
武運	ぶうん	vận may trong chiến đấu	
交錯	こうさく	đan xen	
たちまち	たちまち	ngay lập tức	
戦果	せんか	chiến quả	
年代	ねんだい	niên đại (年代記: biên niên sử)	
陣取る	じんどる	đóng quân, chiếm chỗ	
さくする	さくする	-	
笑止	しょうし	nực cười	
不要	ふよう	không cần thiết	
双翼	そうよく	đôi cánh	
罪深い	つみぶかい	tội lỗi nặng nề	
裁き	さばき	phán xử, trừng phạt	
下す	くだす	giáng xuống, ban (lệnh)	
僭越	せんえつ	mạo muội, đường đột	
右翼	うよく	cánh phải	
攻め込む	せめこむ	tấn công vào	
左翼	さよく	cánh trái	
挟み撃ち	はさみうち	kẹp đánh hai bên	
左側	ひだりがわ	bên trái	
意外と	いがいと	bất ngờ, không ngờ	
凡庸	ぼんよう	tầm thường	
原文	げんぶん	nguyên văn	
崇高	すうこう	cao cả	
火ぶた	ひぶた	(mở màn) trận chiến	
旋回	せんかい	lượn vòng	
逃げまどう	にげまどう	chạy tán loạn	
完勝	かんしょう	thắng hoàn toàn	
称賛	しょうさん	khen ngợi	
内心	ないしん	trong lòng	
小躍り	こおどり	nhảy cẫng lên (vui)	
往来	おうらい	qua lại	
通り過ぎる	とおりすぎる	đi ngang qua	
永久	えいきゅう	vĩnh cửu	
ゆえる	ゆえる	-	
片時	かたとき	một khắc, chốc lát	
じみる	じみる	có vẻ như (子どもじみた: trẻ con)	
現に	げんに	thực tế là	
あまる	あまる	-	
申し上げる	もうしあげる	nói (khiêm nhường)	
真摯	しんし	chân thành	
安息	あんそく	yên nghỉ, bình yên	
禁書	きんしょ	sách cấm	
常人	じょうじん	người thường	
補足	ほそく	bổ sung	
幼少	ようしょう	thuở nhỏ	
愛読	あいどく	thích đọc, đọc say mê	
そうして	そうして	rồi thì, cứ thế	
気高い	けだかい	cao quý, cao thượng	
忌憚	きたん	e dè (忌憚なく: thẳng thắn)	
所望	しょもう	mong muốn, yêu cầu	
凌ぐ	しのぐ	vượt trội hơn	
壮大	そうだい	hoành tráng, vĩ đại	
賜る	たまわる	được ban cho (khiêm nhường)	
照れくさい	てれくさい	ngượng ngùng	
一心不乱	いっしんふらん	chuyên tâm, dồn hết tâm trí	
黙示録	もくしろく	khải huyền, sách khải thị	
手記	しゅき	nhật ký, bút ký	
ベニー	べにい	-	
つまずく	つまずく	vấp ngã	
持ち前	もちまえ	vốn có, bẩm sinh	
不運	ふうん	xui xẻo	
発揮	はっき	phát huy	
激突	げきとつ	va mạnh, đâm sầm	
真	しん	thật, chân chính	
消し	けし	xóa (消し去る: xóa sạch)	
戯れる	ざれる	đùa giỡn	たわむれる
一節	いっせつ	một đoạn	
誠	まこと	thật, chân thành	
フフ	ふふ	(cười) khúc khích	
紛れ	まぎれ	lẫn lộn (紛れもなく: rõ ràng là)	
だきしめる	だきしめる	ôm chặt	
朗らか	ほがらか	vui vẻ, tươi tắn	
かたわら	かたわら	bên cạnh	
谷	たに	thung lũng	
呼び出す	よびだす	gọi ra, triệu tập	
御礼	おんれい	lời cảm tạ	
祝福	しゅくふく	chúc phúc	
お方	おかた	vị, người (kính ngữ)	
加わる	くわわる	được thêm vào	
ぎっしり	ぎっしり	chật kín, dày đặc	
震わせる	ふるわせる	làm rung động	
類	るい	loại, thể loại	たぐい
怪奇	かいき	quái dị, kỳ bí	
秘蔵	ひぞう	cất giữ quý báu	
汚す	けがす	làm bẩn	よごす
立て込む	たてこむ	dồn dập, bận rộn	
余白	よはく	khoảng trống, thời gian rảnh	
執事	しつじ	quản gia	
フフン	ふふん	(hừ) đắc ý	
身構える	みがまえる	thủ thế, dè chừng	
我と	われと	-	
しばしば	しばしば	thường xuyên	
習得	しゅうとく	học được, lĩnh hội	
糧	かて	lương thực, nguồn nuôi dưỡng	
否	いな	không (phủ định)	
主	おも	chủ nhân	あるじ
不届き	ふとどき	hỗn láo, vô phép	
すみか	すみか	hang ổ, nơi ở	
巣窟	そうくつ	sào huyệt	
不穏	ふおん	bất ổn, đáng ngờ	
動じる	どうじる	nao núng, bối rối	
数多	すうた	vô số, rất nhiều	あまた
こなす	こなす	hoàn thành, xử lý	
出陣	しゅつじん	xuất trận	
ふさがる	ふさがる	bận, bị lấp kín	
波長	はちょう	bước sóng; sự hợp nhau	
囁き	ささやき	lời thì thầm	
再現	さいげん	tái hiện	
戦士	せんし	chiến binh	
聞き届ける	ききとどける	lắng nghe và chấp thuận	
俗	ぞく	tầm thường, dung tục	
そうこう	そうこう	-	
茶飯事	さはんじ	chuyện thường (日常茶飯事)	
団員	だんいん	thành viên đoàn	
移る	うつる	lây sang; chuyển sang	
災難	さいなん	tai họa, tai nạn	
裏付ける	うらづける	chứng minh, xác nhận	
ぐらり	ぐらり	lung lay, chao đảo	
試し	ためし	thử	
病みつき	やみつき	nghiện, mê mẩn	
久々	ひさびさ	lâu lắm mới	
使い込む	つかいこむ	dùng lâu năm, dùng nhiều	
金貨	きんか	đồng tiền vàng	
渡り歩く	わたりあるく	đi khắp nơi	
逆さま	さかさま	lộn ngược	
ぐるぐる	ぐるぐる	(đi) vòng vòng	
すます	すます	(nhắm) thật chuẩn	
おいかける	おいかける	đuổi theo	
分厚い	ぶあつい	dày	
雨雲	あまぐも	mây mưa	
ふりだす	ふりだす	bắt đầu mưa	
くずれる	くずれる	sụp đổ, sập	
石畳	いしだたみ	đường lát đá	
おしり	おしり	cái mông	
慣れっこ	なれっこ	quen rồi, quen thuộc	
登れる	のぼれる	leo lên được	
飛び降りる	とびおりる	nhảy xuống	
相当	そうとう	khá, đáng kể; tương đương	
バカ	ばか	ngốc; kẻ mê (cái gì đó)	
サンキュー	さんきゅう	cảm ơn (thank you)	
キラッ	きらっ	lấp lánh (chợt lóe)	
苔むす	こけむす	phủ rêu	
見方	みかた	cách nhìn, quan điểm	
発見	はっけん	phát hiện, khám phá	
口ぐせ	くちぐせ	câu cửa miệng	
肝心	かんじん	quan trọng nhất, cốt yếu	
ちょっぴり	ちょっぴり	một chút xíu	
絆創膏	ばんそうこう	băng dán cá nhân	
束	たば	bó, xấp	
鬱蒼	うっそう	rậm rạp, um tùm	
ルピカ	るぴか	gia đình (cách nói của Razor)	
なんど	なんど	bao nhiêu lần	
声援	せいえん	sự cổ vũ	
燃料	ねんりょう	nhiên liệu	
改まる	あらたまる	trang trọng, nghiêm túc	
たたえる	たたえる	ca ngợi, tán dương	
みがく	みがく	mài, đánh bóng	
喧騒	けんそう	sự ồn ào, náo nhiệt	
赤ん坊	あかんぼう	em bé sơ sinh	
古株	ふるかぶ	người kỳ cựu	
わけ	わけ	lý do; là như vậy đó	
引退	いんたい	nghỉ hưu, giải nghệ	
たどり着ける	たどりつける	đến được, tới được	
恩返し	おんがえし	báo đáp, đền ơn	
小言	こごと	lời càm ràm, cằn nhằn	
ドジ	どじ	hậu đậu, vụng về	
めちゃくちゃ	めちゃくちゃ	cực kỳ; lung tung	
そうしたら	そうしたら	nếu làm vậy thì	
弱音	よわね	lời than vãn, nhụt chí	
断じて	だんじて	tuyệt đối (không)	
揺らぐ	ゆらぐ	lung lay, dao động	
みっともない	みっともない	đáng xấu hổ, khó coi	
ごまかす	ごまかす	lấp liếm, che giấu	
ちく	ちく	(đau) nhói	
やわ	やわ	yếu ớt, mềm yếu	
晴れやか	はれやか	rạng rỡ, tươi tắn	
ふきあれる	ふきあれる	thổi dữ dội	
吹きすさぶ	ふきすさぶ	thổi dữ dội (gió)	
吹雪	ふぶき	bão tuyết	
塗りつぶす	ぬりつぶす	tô kín, phủ kín	
髄	ずい	tủy (tận xương tủy)	
手足	てあし	tay chân	
ぬくもり	ぬくもり	hơi ấm	
とっさ	とっさ	ngay lập tức, theo phản xạ	
おしのける	おしのける	đẩy ra, gạt ra	
突き飛ばす	つきとばす	xô ngã, đẩy văng	
下敷き	したじき	bị đè bên dưới	
雪崩	なだれ	tuyết lở	
犠牲	ぎせい	hy sinh	
埋まる	うまる	bị chôn vùi; lấp đầy	
空白	くうはく	chỗ trống	
罠	わな	bẫy	
わな	わな	bẫy	
十中八九	じゅっちゅうはっく	mười phần thì tám chín	
空っぽ	からっぽ	trống rỗng	
旅先	たびさき	nơi đến (khi đi du lịch)	
中和	ちゅうわ	trung hòa	
先々	さきざき	khắp nơi (đi đến đâu)	
コンビ	こんび	cặp đôi, bộ đôi	
結成	けっせい	thành lập	
切り替える	きりかえる	chuyển đổi, thay đổi (tâm trạng)	
根っこ	ねっこ	gốc rễ; bản chất	
知れる	しれる	được biết đến, nổi tiếng	
いくらでも	いくらでも	bao nhiêu cũng được	
尽くせる	つくせる	(nói) hết được	
徹夜	てつや	thức trắng đêm	
教え	おしえ	lời dạy, bài học	
すすめ	すすめ	tiến lên!	
根負け	こんまけ	chịu thua (vì kiên trì của đối phương)	
座右の銘	ざゆうのめい	châm ngôn sống	
延びる	のびる	kéo dài	
ツテ	つて	mối quan hệ, người quen	
総動員	そうどういん	huy động toàn bộ	
無口	むくち	ít nói	
言葉づかい	ことばづかい	cách ăn nói	
渡す	わたす	đưa, trao	
さわぐ	さわぐ	ồn ào, náo loạn	
請		-	
儀	ぎ	-	
亡骸	なきがら	thi hài	
混乱	こんらん	hỗn loạn	
やばい	やばい	nguy rồi, gay rồi	
うたがう	うたがう	nghi ngờ	
マフラー	まふらあ	khăn quàng cổ	
手招き	てまねき	vẫy tay gọi	
路地	ろじ	ngõ hẻm	
うってつけ	うってつけ	thích hợp nhất, lý tưởng	
落ち合う	おちあう	gặp nhau (hẹn)	
浜辺	はまべ	bãi biển	
願える	ねがえる	xin, nhờ được (khiêm tốn)	
気楽	きらく	thoải mái, nhẹ nhàng	
自在	じざい	tự do, tùy ý	
操る	あやつる	điều khiển, thao túng	
明らか	あきらか	rõ ràng	
鈍る	にぶる	cùn đi, kém đi	
おさえる	おさえる	kìm nén, đè xuống	
済まない	すまない	không yên ổn, không xong	
はま	はま	bãi biển	
程遠い	ほどとおい	còn xa mới đạt tới	
オセル	おせる	-	
死闘	しとう	trận tử chiến	
はとば	はとば	bến tàu	
人海	じんかい	-	
呼び覚ます	よびさます	đánh thức	
けど	けど	nhưng	
なぐ	なぐ	-	
がれ	がれ	-	
思い知る	おもいしる	nhận ra thấm thía	
くら	くら	-	
ししょう	ししょう	sư phụ, thầy	
徹底的	てっていてき	triệt để, kỹ lưỡng	
鍛え上げる	きたえあげる	rèn luyện kỹ càng	
皇	すめらぎ	-	
陛下	へいか	bệ hạ	
セル	せる	-	
ファデュ	ふぁでゅ	-	
耳打ち	みみうち	thì thầm vào tai	
手品	てじな	ảo thuật	
ふき	ふき	-	
にじる	にじる	-	
別人	べつじん	người khác hẳn	
かたす	かたす	-	
見覚え	みおぼえ	cảm giác quen thuộc (đã thấy)	
定まる	さだまる	cố định, được xác định	
魔王	まおう	ma vương	
武装	ぶそう	vũ trang	
深淵	しんえん	vực thẳm	
思い浮かべる	おもいうかべる	nhớ lại, hình dung	
真ん中	まんなか	ở giữa	
何かと	なにかと	đủ thứ, nhiều mặt	
偉い	えらい	giỏi, đáng khen	
欠かす	かかす	bỏ sót, thiếu	
読み返せる	よみかえせる	đọc lại được	
手強い	てづよい	khó đối phó, mạnh	
真理	しんり	chân lý	
みっちり	みっちり	(tập) kỹ càng, miệt mài	
罰	ばち	hình phạt	ばつ
腕立て	うでたて	chống đẩy	
ざが	ざが	-	
刺激	しげき	kích thích; cay nồng	
すねる	すねる	-	
行き来	いきき	qua lại	
醍醐味	だいごみ	điều thú vị nhất, tinh túy	
ゴロゴロ	ごろごろ	nằm lăn lóc; (tiếng) ầm ầm	
恥ずかしながら	はずかしながら	thật xấu hổ nhưng	
ピカピカ	ぴかぴか	sáng bóng, lấp lánh	
うまる	うまる	-	
入れ替わる	いれかわる	thay phiên nhau	
手入れ	ていれ	bảo dưỡng, chăm sóc	
捜索	そうさく	tìm kiếm, lục soát	
まいご	まいご	(người, vật) bị lạc	
商店	しょうてん	cửa hàng, cửa hiệu	
ひょいと	ひょいと	(nhấc) nhẹ nhàng, dễ dàng	
持ち上げる	もちあげる	nhấc lên	
屈強	くっきょう	vạm vỡ, lực lưỡng	
持て余す	もてあます	khó xoay xở, quá sức	
片手	かたて	một tay	
お手の物	おてのもの	sở trường, việc dễ dàng	
力仕事	ちからしごと	việc nặng nhọc	
隅	すみ	góc	
泣きじゃくる	なきじゃくる	khóc nức nở	
支え	ささえ	sự nâng đỡ, hỗ trợ	
支援	しえん	hỗ trợ, chi viện	
朝靄	あさもや	sương mù buổi sáng	
切り裂く	きりさく	xé toạc, chém xuyên	
素振り	そぶり	vung kiếm tập (không đối thủ)	
早くから	はやくから	từ sớm	
見学	けんがく	tham quan, xem học hỏi	
交わる	まじわる	giao nhau, chạm nhau	
なぎ倒す	なぎたおす	quật ngã, đốn rạp	
つむじ風	つむじかぜ	gió xoáy	
雄叫び	おたけび	tiếng gầm, hò hét	
退治	たいじ	tiêu diệt, trừ khử	
要領	ようりょう	bí quyết, cách làm	
あだ名	あだな	biệt danh	
そっとう	そっとう	-	
はにかむ	はにかむ	ngượng ngùng, bẽn lẽn	
モップ	もっぷ	cây lau nhà	
バケツ	ばけつ	cái xô	
ゆがむ	ゆがむ	méo, nhăn lại	
眉	まゆ	lông mày	
甲	かぶと	mu (bàn tay)	こう
滲む	にじむ	rỉ ra, thấm ra	
これしき	これしき	chút xíu này	
嗜み	たしなみ	phép lịch sự, tác phong	
手あて	てあて	sơ cứu, chữa trị	
悪化	あっか	trở nên tệ hơn	
煩わせる	わずらわせる	làm phiền	
厚意	こうい	lòng tốt, thiện ý	
傷口	きずぐち	vết thương	
清める	きよめる	làm sạch, thanh tẩy	
めいわく	めいわく	phiền phức, làm phiền	
ひっくり返る	ひっくりかえる	bị lật, đổ nhào	
水びたし	みずびたし	ngập nước, ướt sũng	
意気込む	いきごむ	hăng hái, quyết tâm	
余る	あまる	thừa, dư	
蹴飛ばす	けとばす	đá văng	
水浸し	みずびたし	ngập nước, ướt sũng	
立て続け	たてつづけ	liên tiếp	
くぼむ	くぼむ	lõm xuống; chỗ lõm	
ぽっかり	ぽっかり	(mở ra) toang hoác	
閉じ込める	とじこめる	nhốt lại	
くいな	くいな	-	
うめる	うめる	lấp lại, chôn	
焦げ	こげ	vết cháy xém	
散らばる	ちらばる	vương vãi, rải rác	
湖畔	こはん	bờ hồ	
魔法使い	まほうつかい	pháp sư, phù thủy	
慈しむ	いつくしむ	nâng niu, yêu thương	
通せる	とおせる	(mặc) vào được, xỏ vào được	
しけ	しけ	-	
選抜	せんばつ	tuyển chọn	
肩書き	かたがき	chức danh, danh hiệu	
精進	しょうじん	nỗ lực tu dưỡng	
のどか	のどか	yên bình	
じりじり	じりじり	(tiến) từ từ, dần dần	
志す	こころざす	có chí hướng, hướng tới	
指示	しじ	chỉ thị, chỉ huy	
前線	ぜんせん	tiền tuyến	
元素	げんそ	nguyên tố	
口々	くちぐち	nhao nhao, mỗi người một câu	
まさしく	まさしく	đúng là, chính xác là	
染み	しみ	vết bẩn	
ほつれ	ほつれ	chỗ sờn, chỉ tuột	
繕う	つくろう	khâu vá	
冥利	みょうり	niềm hạnh phúc (của nghề)	
乗り越える	のりこえる	vượt qua	
尊敬	そんけい	tôn kính, ngưỡng mộ	
公平	こうへい	công bằng	
恐れ多い	おそれおおい	không dám nhận, quá vinh dự	
天性	てんせい	bẩm sinh, thiên phú	
ほうき	ほうき	cái chổi	
長引く	ながびく	kéo dài	
ひと休み	ひとやすみ	nghỉ ngơi một chút	
控えめ	ひかえめ	vừa phải, khiêm tốn	
タルト	たると	bánh tart	
果実	かじつ	trái cây, quả	
廬	いおり	-	
薬舗	やくほ	tiệm thuốc	
暖簾	のれん	rèm cửa (tiệm)	
小柄	こがら	nhỏ nhắn	
お札	おさつ	bùa (giấy)	おふだ
キョンシー	きょんしい	cương thi	
死体	したい	xác chết	
朮	おけら	-	
懐	ふところ	trong ngực áo	
手帳	てちょう	sổ tay	
書きつける	かきつける	ghi chép vào	
峰々	みねみね	các ngọn núi	
けわしい	けわしい	hiểm trở, dốc đứng	
籠	かご	giỏ, rổ	
あったまる	あったまる	sưởi ấm	
ギシ	ぎし	(tiếng) cót két	
ギシギシ	ぎしぎし	(tiếng) cót két	
ぎこち	ぎこち	-	
関節	かんせつ	khớp xương	
きしむ	きしむ	kêu cót két	
ココナッツ	ここなっつ	dừa	
無表情	むひょうじょう	vô cảm (nét mặt)	
ほころぶ	ほころぶ	hé nở; nở nụ cười	
ツル	つる	con hạc	
まいおりる	まいおりる	bay lượn xuống	
峰	みね	đỉnh núi	
鶴	つる	con hạc	
借る	かる	-	
にぶい	にぶい	-	
まよいこむ	まよいこむ	đi lạc vào	
迷い込む	まよいこむ	đi lạc vào	
動きだす	うごきだす	bắt đầu cử động	
誥		-	
おとなしい	おとなしい	ngoan ngoãn, im lặng	
ざっと	ざっと	đại khái, khoảng	
病	やまい	bệnh tật	
かまえる	かまえる	vào tư thế, thủ thế	
直伝	じきでん	truyền dạy trực tiếp	
構え	かまえ	tư thế (chiến đấu)	
あずける	あずける	giao phó, gửi gắm	
つめる	つめる	-	
ずらかる	ずらかる	chuồn, bỏ chạy	
ハス	はす	hoa sen	
水辺	みずべ	bờ nước	
蓮	はちす	hoa sen	はす
否定	ひてい	phủ nhận	
蕾	つぼみ	nụ hoa	
書き直す	かきなおす	viết lại	
肌身	はだみ	sát người, bên mình	
見当たる	みあたる	tìm thấy	
のぞかせる	のぞかせる	ló ra, để lộ	
興味深い	きょうみぶかい	thú vị, đáng quan tâm	
吹き返す	ふきかえす	hồi sinh, sống lại	
真新しい	まあたらしい	mới tinh	
ミント	みんと	bạc hà	
熱冷まし	ねつさまし	thuốc hạ sốt	
ギルド	ぎるど	hội, nghiệp đoàn (guild)	
良薬	りょうやく	thuốc tốt	
しぼる	しぼる	vắt, ép	
仕事場	しごとば	nơi làm việc	
魈		-	
ぶっきらぼう	ぶっきらぼう	cộc lốc, lạnh lùng	
断然	だんぜん	dứt khoát, hẳn là	
物忘れ	ものわすれ	sự hay quên	
もしも	もしも	nếu như, giả sử	
照りつける	てりつける	chiếu gay gắt (nắng)	
陽炎	かげろう	hơi nóng bốc lên (ảo ảnh)	
まばら	まばら	thưa thớt	
水色	みずいろ	màu xanh nhạt	
面持ち	おももち	vẻ mặt	
手製	てせい	tự tay làm	
たいじ	たいじ	tiêu diệt, trừ khử	
生まれつく	うまれつく	bẩm sinh	
冷やす	ひやす	làm lạnh, làm mát	
高ぶる	たかぶる	kích động, dâng trào	
カタカタ	かたかた	(tiếng) lạch cạch	
避ける	さける	tránh, né	
むしむし	むしむし	oi bức, nóng ẩm	
熱気	ねっき	hơi nóng	
途切れる	とぎれる	đứt quãng, gián đoạn	
まん中	まんなか	chính giữa	
中央	ちゅうおう	trung tâm, chính giữa	
拍子抜け	ひょうしぬけ	hẫng, cụt hứng	
名ばかり	なばかり	chỉ có danh nghĩa	
印	しるし	ấn (thủ ấn); dấu hiệu	
冷気	れいき	hơi lạnh	
まがう	まがう	-	
ネズミ	ねずみ	con chuột	
正気	しょうき	tỉnh táo, lý trí	
奥方	おくがた	phu nhân, vợ (nhà quyền quý)	
術	じゅつ	thuật, phép thuật	
大手	おおて	-	
礼金	れいきん	tiền thù lao, tiền cảm ơn	
がっぽり	がっぽり	(kiếm) bộn tiền	
大金	たいきん	số tiền lớn	
反する	はんする	trái với, đi ngược	
轟く	とどろく	vang rền, gầm vang	
ととのえる	ととのえる	điều chỉnh, sắp xếp	
体内	たいない	trong cơ thể	
巡らせる	めぐらせる	cho tuần hoàn, xoay vòng	
地道	じみち	cần cù, bền bỉ	
手っ取り早い	てっとりばやい	nhanh gọn, đơn giản	
一巡り	ひとめぐり	một vòng	
座り込む	すわりこむ	ngồi bệt xuống	
高熱	こうねつ	sốt cao	
うなされる	うなされる	mê sảng, rên rỉ (khi ngủ)	
危うい	あやうい	nguy hiểm, suýt	
押さえつける	おさえつける	đè nén, ép xuống	
反発	はんぱつ	phản kháng, bật lại	
命がけ	いのちがけ	liều mạng	
向き合う	むきあう	đối mặt	
こっぴどい	こっぴどい	(mắng) thậm tệ	
痛めつける	いためつける	hành hạ, làm đau	
しゅうと	しゅうと	-	
おちつける	おちつける	làm dịu, làm bình tĩnh	
見まね	みまね	bắt chước (nhìn rồi làm theo)	
すやすや	すやすや	(ngủ) ngon lành	
瞑想	めいそう	thiền định	
露台	ろだい	ban công, sân thượng	
インチキ	いんちき	lừa bịp, giả mạo	
かえせる	かえせる	-	
言い返せる	いいかえせる	cãi lại được	
他人	たにん	người khác	
果て	はて	tận cùng, cuối	
山の幸	やまのさち	sản vật núi rừng	
きりりと	きりりと	(lạnh) sảng khoái, săn chắc	
つるつる	つるつる	trơn tuột, mượt mà	
独壇場	どくだんじょう	sân khấu riêng, sở trường	
ぜひとも	ぜひとも	nhất định, bằng mọi giá	
弁償	べんしょう	bồi thường	
ひと月	ひとつき	một tháng	
あやまつ	あやまつ	-	
償う	つぐなう	chuộc lỗi, đền bù	
瓦	かわら	ngói	
腰かけ	こしかけ	ngồi (lên)	
呪い	のろい	lời nguyền	
個性	こせい	cá tính, nét riêng	
大人びる	おとなびる	trông chín chắn, người lớn	
山裾	やますそ	chân núi	
頼み	たのみ	lời nhờ vả	
厄払い	やくはらい	trừ tà, giải hạn	
描き出す	えがきだす	vẽ ra, phác họa	
この方	このかた	từ trước đến nay	
なおさら	なおさら	càng thêm	
溶かす	とかす	làm tan chảy	
一環	いっかん	một phần (của)	
後味	あとあじ	dư vị	
作り方	つくりかた	cách làm	
果汁	かじゅう	nước ép trái cây	
分担	ぶんたん	phân công, chia việc	
想定	そうてい	dự tính, giả định	
恐ろしい	おそろしい	đáng sợ	
かも	かも	có lẽ, không chừng	
符	ふ	bùa, phù chú	
乱れ	みだれ	sự rối loạn	
緊張	きんちょう	căng thẳng, hồi hộp	
義侠	ぎきょう	nghĩa hiệp	
除く	のぞく	loại trừ, trừ ra	
生きがい	いきがい	lẽ sống, niềm vui sống	
始末	しまつ	xử lý, thu xếp	
負える	おえる	gánh vác được, xoay xở được	
立ちはだかる	たちはだかる	chắn trước mặt	
乗り切れる	のりきれる	vượt qua được	
腐れ縁	くされえん	mối duyên khó dứt	
ざわめく	ざわめく	xôn xao, rạo rực	
人格	じんかく	nhân cách, tính cách	
毒見	どくみ	thử độc (nếm trước)	
随一	ずいいち	số một, hàng đầu	
商業	しょうぎょう	thương mại	
つのる	つのる	-	
かれこれ	かれこれ	đại khái, khoảng chừng	
さいなむ	さいなむ	-	
一睡	いっすい	chợp mắt (một chút)	
じろじろ	じろじろ	(nhìn) chằm chằm	
たって	たって	đứng (thể て của たつ)	
切り立つ	きりたつ	dựng đứng, dốc đứng	
乳白色	にゅうはくしょく	màu trắng sữa	
霧	きり	sương mù	
しゃがむ	しゃがむ	ngồi xổm	
屈む	かがむ	cúi người, khom xuống	
花弁	はなびら	cánh hoa	
澄み渡る	すみわたる	trong trẻo, trong vắt	
飲める	のめる	uống được	
途端	とたん	ngay khi, vừa lúc	
強烈	きょうれつ	mãnh liệt, dữ dội	
苦み	にがみ	vị đắng	
お日様	おひさま	mặt trời (cách nói thân mật)	
やぎ	やぎ	con dê	
ゆびさす	ゆびさす	chỉ tay	
指さす	ゆびさす	chỉ tay	
山羊	やぎ	con dê	
がっかり	がっかり	thất vọng	
うつむく	うつむく	cúi đầu, cúi mặt	
走り去る	はしりさる	chạy đi mất	
がっくり	がっくり	thất vọng, rũ xuống	
きりん	きりん	kỳ lân	
麒麟	きりん	kỳ lân	
古く	ふるく	từ xưa	
瑞兆	ずいちょう	điềm lành	
吉祥	きっしょう	cát tường, điềm lành	
象徴	しょうちょう	biểu tượng	
のく	のく	-	
異質	いしつ	khác biệt, dị biệt	
半端	はんぱ	nửa vời, lỡ cỡ	
運べる	はこべる	mang đến được	
久しい	ひさしい	lâu ngày	
とりで	とりで	-	
小娘	こむすめ	cô nhóc, con bé	
いまだ	いまだ	vẫn còn, chưa	
俗事	ぞくじ	việc trần tục	
踏みしめる	ふみしめる	giẫm chắc, bước vững	
好ましい	このましい	đáng yêu thích, vừa ý	
生き生き	いきいき	sinh động, tràn đầy sức sống	
柔らか	やわらか	mềm mại, dịu dàng	
頻繁	ひんぱん	thường xuyên	
途方	とほう	(bế tắc) không biết làm sao	
休暇	きゅうか	kỳ nghỉ	
歩み	あゆみ	bước đi	
断崖	だんがい	vách đá	
旅立つ	たびだつ	lên đường	
戯言	たわごと	lời nói nhảm	
夕やけ	ゆうやけ	hoàng hôn, ráng chiều	
平らげる	たいらげる	ăn sạch	
山麓	さんろく	chân núi	
鎌	かま	cái liềm	
雑草	ざっそう	cỏ dại	
刈り取る	かりとる	cắt, gặt	
草刈り	くさかり	cắt cỏ	
老人	ろうじん	người già	
伺う	うかがう	đến thăm; hỏi (khiêm nhường)	
草木	くさき	cây cỏ	
突き刺さる	つきささる	cắm phập vào	
ぶるぶる	ぶるぶる	run lẩy bẩy	
見逃す	みのがす	bỏ qua, tha cho	
転がる	ころがる	lăn	
せんそ	せんそ	-	
掟	おきて	luật lệ, quy tắc	
刈る	かる	cắt (cỏ)	
お人好し	おひとよし	người tốt bụng, cả tin	
さかり	さかり	-	
お気	おき	sự để ý (お気をつけて: bảo trọng)	
専念	せんねん	chuyên tâm	
まり	まり	-	
転換	てんかん	chuyển đổi	
回復	かいふく	hồi phục	
モラミート	もらみいと	bánh kẹp thịt Mora (món ăn)	
大都市	だいとし	thành phố lớn	
ごった返す	ごったがえす	đông nghịt	
清らか	きよらか	trong sạch, thanh khiết	
無縁	むえん	không liên quan, không dính dáng	
体温	たいおん	thân nhiệt	
金髪	きんぱつ	tóc vàng	
スケッチブック	すけっちぶっく	sổ vẽ phác thảo	
きんじる	きんじる	-	
首席	しゅせき	đứng đầu, thủ tịch	
錬金術	れんきんじゅつ	thuật giả kim	
小隊	しょうたい	tiểu đội	
雪の下	ゆきのした	dưới tuyết	
工房	こうぼう	xưởng	
しおれる	しおれる	héo úa	
花壇	かだん	bồn hoa	
錬成	れんせい	luyện chế, luyện thành	
咲き誇る	さきほこる	nở rộ	
生み出せる	うみだせる	tạo ra được	
些細	ささい	nhỏ nhặt, vụn vặt	
楽園	らくえん	thiên đường	
偉大	いだい	vĩ đại	
氷壁	ひょうへき	vách băng	
がら	がら	-	
貝殻	かいがら	vỏ sò	
かせる	かせる	-	
化石	かせき	hóa thạch	
地層	ちそう	địa tầng	
読み解く	よみとく	giải mã, đọc hiểu	
痕跡	こんせき	dấu vết	
陽光	ようこう	ánh nắng mặt trời	
別物	べつもの	thứ hoàn toàn khác	
むにゃむにゃ	むにゃむにゃ	(nói mớ) lầm bầm	
首筋	くびすじ	gáy, cổ	
帯びる	おびる	mang, phát (ánh sáng)	
つかえる	つかえる	(vướng) nghẹn trong lòng	
地上	ちじょう	mặt đất, trần gian	
最深	さいしん	sâu nhất	
脈打つ	みゃくうつ	đập (như mạch)	
侵す	おかす	xâm chiếm, ăn mòn	
玉髄	ぎょくずい	mã não	
手向ける	たむける	dâng (hoa) viếng	
段階	だんかい	giai đoạn	
白亜	はくあ	đất sét trắng, đá phấn	
創り出す	つくりだす	tạo ra	
申し子	もうしご	đứa con (trời ban)	
真意	しんい	ý nghĩa thật sự	
見出す	みいだす	tìm ra, phát hiện	
害	がい	tác hại	
連れ戻す	つれもどす	đưa trở lại	
断言	だんげん	khẳng định chắc chắn	
肖像	しょうぞう	chân dung	
没頭	ぼっとう	mải mê, đắm chìm	
寝食	しんしょく	ăn ngủ	
雪景色	ゆきげしき	cảnh tuyết	
必須	ひっす	bắt buộc, không thể thiếu	
賑わい	にぎわい	sự nhộn nhịp	
ふさふさ	ふさふさ	rậm, xù (lông)	
酒造	しゅぞう	nấu rượu	
最悪	さいあく	tồi tệ nhất	
野望	やぼう	tham vọng	
シェーカー	しぇえかあ	bình lắc (cocktail)	
怪しげ	あやしげ	khả nghi, mờ ám	
放り込む	ほうりこむ	ném vào	
ごくごく	ごくごく	(uống) ừng ực	
根こそぎ	ねこそぎ	tận gốc	
繁盛	はんじょう	làm ăn phát đạt	
はか	はか	-	
スースー	すうすう	mát lạnh, the the	
極めつけ	きわめつけ	đỉnh cao, cái nhất	
原液	げんえき	dung dịch nguyên chất	
アルコール	あるこうる	cồn, rượu	
衝撃	しょうげき	cú sốc, chấn động	
雪解け	ゆきどけ	tuyết tan	
すーっ	すうっ	(mát) lịm, nhẹ nhàng	
うじ	うじ	-	
文句	もんく	lời phàn nàn	
ゆらゆら	ゆらゆら	đung đưa	
気安い	きやすい	suồng sã, tùy tiện	
れっきとした	れっきとした	đích thực, đàng hoàng	
ぴくぴく	ぴくぴく	giật giật	
せわしない	せわしない	liên tục, không ngừng	
まねる	まねる	bắt chước	
キンキン	きんきん	lạnh buốt	
ぴんと	ぴんと	(dựng) thẳng đứng	
そっぽ	そっぽ	quay mặt đi (chỗ khác)	
パパ	ぱぱ	bố, ba	
ジョッキ	じょっき	cốc vại (bia)	
がっしり	がっしり	vạm vỡ, chắc khỏe	
体つき	からだつき	vóc dáng	
上機嫌	じょうきげん	tâm trạng vui vẻ	
仲良く	なかよく	thân thiết, hòa thuận	
つっぷす	つっぷす	gục xuống, úp mặt	
突っ伏す	つっぷす	gục xuống, úp mặt	
いびき	いびき	tiếng ngáy	
裏腹	うらはら	trái ngược	
フード	ふうど	mũ trùm đầu	
目深	まぶか	(đội) sụp xuống che mắt	
店内	てんない	trong tiệm	
ミッション	みっしょん	nhiệm vụ	
敵情	てきじょう	tình hình địch	
視察	しさつ	thị sát, trinh sát	
直営店	ちょくえいてん	cửa hàng trực thuộc	
宿敵	しゅくてき	kẻ thù truyền kiếp	
本拠地	ほんきょち	căn cứ, đại bản doanh	
変装	へんそう	cải trang	
くっきり	くっきり	rõ nét	
ディ	でぃ	-	
いつの間に	いつのまに	từ lúc nào không hay	
未成年	みせいねん	vị thành niên	
キラー	きらあ	kẻ hủy diệt (killer)	
ひっくり返す	ひっくりかえす	lật ngược, lật tung	
せいぜい	せいぜい	tối đa là; cứ việc	
ぷんぷん	ぷんぷん	giận dỗi, hầm hầm	
ふくらませる	ふくらませる	phồng lên (má)	
どろどろ	どろどろ	nhão nhoét, chảy nhão	
救い	すくい	sự cứu rỗi	
ダブル	だぶる	gấp đôi (double)	
オンザロック	おんざろっく	uống với đá (on the rocks)	
落果	らっか	-	
搾る	しぼる	vắt, ép	
甘酸っぱい	あまずっぱい	chua ngọt	
涼しげ	すずしげ	mát mẻ, trông mát	
ほろ酔い	ほろよい	ngà ngà say	
閉店	へいてん	đóng cửa (tiệm)	
待遇	たいぐう	sự đãi ngộ	
内側	うちがわ	bên trong	
さしこむ	さしこむ	chiếu vào, rọi vào	
しょうじる	しょうじる	-	
やけ	やけ	-	
橙	だいだい	màu cam	
群青	ぐんじょう	màu xanh lam đậm	
触れ合う	ふれあう	chạm vào nhau	
言うまでもない	いうまでもない	khỏi phải nói	
一味	ひとあじ	(khác) một chút, một vị	
待たす	またす	bắt chờ (お待たせ: để bạn chờ lâu)	
おまかせ	おまかせ	để tùy (người làm) chọn	
何とも	なんとも	(không nói được) gì cả	
出番	でばん	lượt ra sân, lúc xuất hiện	
勇敢	ゆうかん	dũng cảm	
ひそひそ話	ひそひそばなし	chuyện thì thầm	
聞き分ける	ききわける	nghe phân biệt	
伊達	だて	không phải để làm cảnh	
泉	いずみ	suối, dòng suối	
誇らしい	ほこらしい	tự hào, hãnh diện	
覗き	のぞき	nhìn vào, nhìn trộm	
かがむ	かがむ	-	
水鏡	みずかがみ	mặt nước soi (gương nước)	
チビ	ちび	nhóc con, người nhỏ	
いだく	いだく	-	
外れる	はずれる	sai, trật	
占星術	せんせいじゅつ	chiêm tinh học	
逆らう	さからう	chống lại, làm trái	
情けない	なさけない	thảm hại, đáng xấu hổ	
顔色	かおいろ	sắc mặt	
迷信	めいしん	mê tín	
呼ばわり	よばわり	gọi là, gán cho là	
おっちゃん	おっちゃん	ông chú (thân mật)	
船底	ふなそこ	đáy thuyền	
恨み	うらみ	mối hận	
ひび	ひび	vết nứt	
亀裂	きれつ	vết nứt	
血の気	ちのけ	sắc máu (mặt tái mét)	
押し出す	おしだす	đẩy ra	
大当たり	おおあたり	trúng lớn, đoán trúng	
きっぱり	きっぱり	dứt khoát	
報酬	ほうしゅう	thù lao	
摘		-	
快晴	かいせい	trời quang đãng	
観測	かんそく	quan sát, quan trắc	
天球儀	てんきゅうぎ	quả cầu thiên văn	
水滴	すいてき	giọt nước	
結びつける	むすびつける	nối kết, gắn kết	
きたる	きたる	-	
星図	せいず	bản đồ sao	
目の下	めのした	dưới mắt	
軌道	きどう	quỹ đạo	
ずれる	ずれる	lệch, trượt	
計算	けいさん	tính toán	
有り金	ありがね	toàn bộ tiền có trong tay	
つぎ込む	つぎこむ	đổ (tiền) vào	
運行	うんこう	sự vận hành	
読みかける	よみかける	đang đọc dở	
前回	ぜんかい	lần trước	
正しく	まさしく	đúng đắn, chính xác	ただしく
任命	にんめい	bổ nhiệm	
巡り	めぐり	sự tuần hoàn, vòng quay	
毛布	もうふ	chăn, mền	
寝かせる	ねかせる	cho ngủ	
近郊	きんこう	vùng ngoại ô	
地点	ちてん	địa điểm	
平原	へいげん	đồng bằng	
兆し	きざし	điềm báo, dấu hiệu	
さがる	さがる	lùi lại	
後ずさる	あとずさる	lùi lại, lùi bước	
ガタガタ	がたがた	run cầm cập; lạch cạch	
ぞっと	ぞっと	rùng mình, ớn lạnh	
災い	わざわい	tai họa	
立ち並ぶ	たちならぶ	xếp hàng dài	
幸運	こううん	may mắn	
大いなる	おおいなる	to lớn, vĩ đại	
冒涜	ぼうとく	báng bổ, xúc phạm	
偽り	いつわり	sự giả dối	
嘲笑う	あざわらう	chế nhạo, cười nhạo	
偽物	にせもの	đồ giả, kẻ giả mạo	
声高	こわだか	lớn tiếng	
でぶ	でぶ	-	
無残	むざん	thảm hại, tan tành	
高らか	たからか	vang dội, cao giọng	
笑い返す	わらいかえす	cười đáp trả	
さしあげる	さしあげる	biếu, tặng (khiêm nhường)	
真夜中	まよなか	nửa đêm	
稀	まれ	hiếm hoi	
配列	はいれつ	sự sắp xếp, bố trí	
据える	すえる	đặt, đặt cố định	
星回り	ほしまわり	vận sao, vận mệnh	
はるか	はるか	xa xôi	
面差し	おもざし	nét mặt, dung mạo	
片割れ	かたわれ	một nửa (của cặp)	
あらい	あらい	-	
待ち受ける	まちうける	chờ đợi, đón chờ	
はじける	はじける	vỡ tung, bắn tung	
かき消える	かききえる	biến mất	
不吉	ふきつ	điềm gở	
小瓶	こびん	lọ nhỏ	
本質	ほんしつ	bản chất	
真夏	まなつ	giữa mùa hè	
自炊	じすい	tự nấu ăn	
あいにく	あいにく	tiếc là, không may	
レパートリー	れぱあとりい	vốn tiết mục, danh sách món	
古書	こしょ	sách cổ	
庭付き	にわつき	có vườn	
天体	てんたい	thiên thể	
行く先	ゆくさき	nơi đến, đích đến	
文書	ぶんしょ	-	
充実	じゅうじつ	phong phú, đầy đủ	
歩き	あるき	việc đi bộ (食べ歩き: vừa đi vừa ăn)	
人混み	ひとごみ	chỗ đông người	
立て直す	たてなおす	vực dậy, lấy lại	
控える	ひかえる	hạn chế, kiềm chế	
愚痴	ぐち	lời than vãn	
精一杯	せいいっぱい	hết sức mình	
ひたむき	ひたむき	chuyên tâm, miệt mài	
桟橋	さんばし	cầu tàu	
荷揚げ	にあげ	dỡ hàng lên bờ	
飛び交う	とびかう	bay qua lại, vang khắp	
積み上げる	つみあげる	chất đống lên	
うけとめる	うけとめる	đỡ lấy	
雷光	らいこう	tia chớp	
閃く	ひらめく	lóe lên	
はだれ	はだれ	-	
固定	こてい	cố định	
電光石火	でんこうせっか	nhanh như chớp	
命取り	いのちとり	chí mạng	
実態	じったい	thực trạng	
点検	てんけん	kiểm tra	
帳簿	ちょうぼ	sổ sách	
在庫	ざいこ	hàng tồn kho	
食い違い	くいちがい	sự chênh lệch, sai khác	
人材	じんざい	nhân tài	
資材	しざい	vật liệu	
別件	べっけん	việc khác	
性分	しょうぶん	tính cách, bản tính	
こそこそ	こそこそ	lén lút	
置き場	おきば	nơi để, bãi chứa	
泳がせる	およがせる	thả cho đi (để theo dõi)	
一網打尽	いちもうだじん	tóm gọn một mẻ	
冷静	れいせい	bình tĩnh	
根城	ねじろ	sào huyệt	
手間	てま	công sức, thời gian	
省ける	はぶける	bớt được, tiết kiệm được	
ばつ	ばつ	hình phạt	
弁明	べんめい	biện minh, giải thích	
ビビる	びびる	sợ, run	
あたえる	あたえる	ban cho, trao	
りつ	りつ	-	
事務所	じむしょ	văn phòng	
役人	やくにん	quan chức	
提出	ていしゅつ	nộp, đệ trình	
誤り	あやまり	sai sót, lỗi	
とぼとぼ	とぼとぼ	lê bước (buồn bã)	
通りかかる	とおりかかる	tình cờ đi ngang qua	
工期	こうき	thời hạn thi công	
全う	まっとう	hoàn thành trọn vẹn	
仕上がり	しあがり	thành phẩm, kết quả	
足場	あしば	giàn giáo	
一望	いちぼう	nhìn bao quát	
全景	ぜんけい	toàn cảnh	
膝元	ひざもと	dưới chân (nơi ngự trị)	
頂	いただき	đỉnh	
染め上げる	そめあげる	nhuộm kín	
もめる	もめる	tranh cãi, xích mích	
ほど近い	ほどちかい	khá gần	
田畑	たはた	ruộng đồng	
農民	のうみん	nông dân	
所有	しょゆう	sở hữu	
言い争う	いいあらそう	cãi nhau	
耕す	たがやす	cày cấy	
言い分	いいぶん	lý lẽ, ý kiến riêng	
おうじ	おうじ	-	
ことに	ことに	-	
養う	やしなう	nuôi dưỡng	
用途	ようと	công dụng, mục đích	
転ずる	てんずる	chuyển đổi	
禁ずる	きんずる	cấm	
斡旋	あっせん	làm trung gian, giới thiệu	
調律	ちょうりつ	điều chỉnh (cho hài hòa)	
くわす	くわす	-	
諳んじる	そらんじる	thuộc lòng	
おうじょう	おうじょう	-	
山積み	やまづみ	chất đống	
格闘	かくとう	vật lộn, đánh vật	
いび	いび	-	
警備	けいび	canh gác, bảo vệ	
配置	はいち	bố trí	
事項	じこう	hạng mục, điều khoản	
万一	まんいち	lỡ như, vạn nhất	
書き記す	かきしるす	ghi lại, viết ra	
ならわす	ならわす	tập quán, phong tục (ならわし)	
家路	いえじ	đường về nhà	
襲いかかる	おそいかかる	tấn công, lao vào	
確信	かくしん	tin chắc	
叫び	さけび	tiếng hét	
かき消す	かきけす	át đi, xóa tan	
頷ける	うなづける	gật đầu được, đồng tình	うなずける
甘やかす	あまやかす	nuông chiều	
日課	にっか	việc hằng ngày	
効率	こうりつ	hiệu suất	
第一歩	だいいっぽ	bước đầu tiên	
取りかかる	とりかかる	bắt tay vào (làm)	
刻み	きざみ	từng (phút) một	
呆れる	あきれる	sững sờ, ngán ngẩm	
乗り切る	のりきる	vượt qua	
達成	たっせい	thành tựu, đạt được	
糖分	とうぶん	lượng đường	
つまむ	つまむ	nhón ăn, ăn vặt	
励み	はげみ	nguồn động viên	
ぶらぶら	ぶらぶら	đi lang thang, dạo	
ねぶ	ねぶ	-	
寝不足	ねぶそく	thiếu ngủ	
言い聞かせる	いいきかせる	tự nhủ; dặn bảo	
積み重ね	つみかさね	sự tích lũy	
立ち直る	たちなおる	vực dậy, hồi phục	
分析	ぶんせき	phân tích	
ぶつぶつ	ぶつぶつ	lẩm bẩm	
考え事	かんがえごと	suy nghĩ, trầm tư	
生物	せいぶつ	sinh vật	
生命	せいめい	sự sống, sinh mệnh	
形作る	かたちづくる	hình thành	
解き明かす	ときあかす	làm sáng tỏ	
速度	そくど	tốc độ	
アスター	あすたあ	hoa cúc tây (aster)	
迷惑	めいわく	phiền phức, làm phiền	
実験	じっけん	thí nghiệm	
採集	さいしゅう	thu thập (mẫu vật)	
データ	でえた	dữ liệu	
じっけん	じっけん	thí nghiệm	
丈夫	じょうぶ	chắc khỏe, bền	
長話	ながばなし	chuyện dài dòng	
歩き回る	あるきまわる	đi vòng quanh	
内気	うちき	nhút nhát, hướng nội	
作成	さくせい	tạo lập, chế tạo	
応用	おうよう	ứng dụng	
種子	しゅし	hạt giống	
小規模	しょうきぼ	quy mô nhỏ	
真空	しんくう	chân không	
空中	くうちゅう	không trung	
まんなか	まんなか	chính giữa	
引き寄せる	ひきよせる	kéo lại gần, hút về	
緑色	りょくしょく	màu xanh lá	みどりいろ
吸い寄せる	すいよせる	hút lại gần	
解除	かいじょ	hủy bỏ, giải trừ	
停止	ていし	dừng lại	
ぽとりと	ぽとりと	(rơi) tõm, lộp độp	
新種	しんしゅ	loài mới	
吸引	きゅういん	sức hút	
ずり落ちる	ずりおちる	tuột xuống	
生成	せいせい	tạo ra, sinh thành	
試作	しさく	chế thử	
めくれる	めくれる	lật lên, tốc lên	
ちょこまか	ちょこまか	lăng xăng, nhanh nhảu	
取り消す	とりけす	hủy bỏ, thu hồi	
追い回す	おいまわす	đuổi theo khắp nơi	
するりと	するりと	(tuột) trơn tru	
すり抜ける	すりぬける	lách qua, tuột khỏi	
フラスコ	ふらすこ	bình cầu thí nghiệm	
くるり	くるり	(xoay) một vòng	
回転	かいてん	xoay vòng	
窮屈	きゅうくつ	chật chội, gò bó	
束縛	そくばく	sự trói buộc	
振る舞う	ふるまう	cư xử, hành động	
見落とす	みおとす	bỏ sót	
放す	ほかす	thả ra	はなす
器具	きぐ	dụng cụ	
目通し	めどおし	xem qua (お目通し, kính ngữ)	
挙動	きょどう	cử động, hành vi	
考察	こうさつ	xem xét, khảo sát	
失態	しったい	sơ suất, bẽ mặt	
世辞	せじ	lời nịnh (お世辞)	
残せる	のこせる	để lại được	
うっすら	うっすら	(mờ) nhàn nhạt, thoáng	
潤む	うるむ	rưng rưng, ướt	
中腹	ちゅうふく	lưng chừng núi	
留守	るす	vắng nhà	
補給	ほきゅう	tiếp tế	
物資	ぶっし	vật tư	
雪原	せつげん	đồng tuyết	
体液	たいえき	dịch cơ thể	
糖度	とうど	độ ngọt	
しんしん	しんしん	(tuyết rơi) lặng lẽ	
作業	さぎょう	làm việc, thao tác	
大発見	だいはっけん	phát hiện lớn	
ぶくぶく	ぶくぶく	(sủi) sùng sục, lục bục	
泡立つ	あわだつ	sủi bọt	
ティ	てぃ	-	
標準	ひょうじゅん	tiêu chuẩn	
設計	せっけい	thiết kế	
ピシッ	ぴしっ	(tiếng) rắc, tách (nứt)	
いやいや	いやいや	không không; đâu có	
手早い	てばやい	nhanh tay	
誘導	ゆうどう	hướng dẫn, dẫn dắt	
気体	きたい	chất khí	
上空	じょうくう	trên không, trời cao	
蒸気	じょうき	hơi nước	
巻き上げる	まきあげる	cuốn lên	
面目	めんぼく	thể diện (面目ない: xấu hổ)	
成果	せいか	thành quả	
おどおど	おどおど	rụt rè, lúng túng	
ラベル	らべる	nhãn (dán)	
加熱	かねつ	đun nóng, gia nhiệt	
記念	きねん	kỷ niệm	
実演	じつえん	trình diễn thực tế	
市民	しみん	người dân, thị dân	
詰めかける	つめかける	kéo đến chen chúc	
簡素	かんそ	đơn sơ, giản dị	
震え	ふるえ	sự run rẩy	
興奮	こうふん	phấn khích	
暴れ出す	あばれだす	bắt đầu quậy phá, nổi loạn	
転化	てんか	chuyển hóa	
一転	いってん	thay đổi hẳn, đột ngột chuyển	
予測	よそく	dự đoán	
不能	ふのう	không thể	
混沌	こんとん	hỗn độn	
カオス	かおす	hỗn loạn (chaos)	
ほこらしい	ほこらしい	tự hào, hãnh diện	
拍手	はくしゅ	vỗ tay	
細める	ほそめる	nheo (mắt)	
共同	きょうどう	chung, cùng nhau	
手順	てじゅん	quy trình, trình tự	
徹底	てってい	triệt để, nghiêm ngặt	
空想	くうそう	tưởng tượng, mơ mộng	
毎回	まいかい	mỗi lần	
根気	こんき	kiên nhẫn, bền bỉ	
活かす	いかす	tận dụng, phát huy	
着眼	ちゃくがん	chú ý, để mắt (着眼点: góc nhìn)	
核心	かくしん	cốt lõi	
早口	はやくち	nói nhanh	
初歩	しょほ	sơ đẳng, cơ bản	
まなざし	まなざし	ánh mắt	
同居	どうきょ	cùng tồn tại; sống chung	
見飽きる	みあきる	nhìn chán	
道のり	みちのり	chặng đường	
きんちょう	きんちょう	căng thẳng, hồi hộp	
口下手	くちべた	vụng ăn nói	
結論	けつろん	kết luận	
論文	ろんぶん	luận văn, bài nghiên cứu	
書き方	かきかた	cách viết	
原理	げんり	nguyên lý	
角度	かくど	góc độ	
読み取れる	よみとれる	đọc ra được, nhận ra	
構造	こうぞう	cấu trúc	
図鑑	ずかん	sách minh họa, bách khoa tranh	
伝統	でんとう	truyền thống	
早足	はやあし	bước nhanh, rảo bước	
かき鳴らす	かきならす	gảy (đàn) mạnh	
張り上げる	はりあげる	cất cao (giọng)	
アタイ	あたい	tôi (nữ, suồng sã)	
辛	からし	-	
ロックミュージシャン	ろっくみゅうじしゃん	nhạc sĩ rock	
掻き鳴らす	かきならす	gảy (đàn) mạnh	
ミュージシャン	みゅうじしゃん	nhạc sĩ	
ぶつける	ぶつける	ném vào; trút vào	
異端	いたん	dị giáo, lập dị	
満員	まんいん	chật kín người	
かっぽ	かっぽ	-	
おどりはじめる	おどりはじめる	bắt đầu nhảy múa	
暮れ	くれ	chiều tối, hoàng hôn	
真昼	まひる	giữa trưa	
おそるおそる	おそるおそる	rụt rè, e dè	
いじめる	いじめる	bắt nạt	
いじめ	いじめ	sự bắt nạt	
トゲ	とげ	gai	
取り返す	とりかえす	lấy lại	
ひきつる	ひきつる	co cứng, méo (mặt)	
マッサージ	まっさあじ	mát-xa, xoa bóp	
即興	そっきょう	ngẫu hứng, ứng tác	
バラバラ	ばらばら	rời rạc, tan tành	
組み上げる	くみあげる	lắp ráp	
斧	おの	cái rìu	
たたかえる	たたかえる	có thể chiến đấu	
三日月	みかづき	trăng lưỡi liềm	
乱入	らんにゅう	xông vào, đột nhập	
ぬすむ	ぬすむ	lấy trộm	
自爆	じばく	tự nổ	
装置	そうち	thiết bị	
万が一	まんがいち	lỡ như, vạn nhất	
悪用	あくよう	lạm dụng, dùng vào việc xấu	
半径	はんけい	bán kính	
待ち構える	まちかまえる	chờ sẵn, chực chờ	
トトン	ととん	(tiếng gõ) cộc cộc	
伝染	でんせん	lây lan	
ごまかし	ごまかし	sự lừa dối, gian lận	
よし	よし	được rồi, tốt	
ブルース	ぶるうす	nhạc blues	
海辺	うみべ	bờ biển	
波打ち際	なみうちぎわ	mép sóng, bờ nước	
告知	こくち	thông báo	
やぶる	やぶる	xé; phá vỡ	
騒音	そうおん	tiếng ồn	
聴ける	きける	nghe được	
しとやか	しとやか	dịu dàng, nết na	
裁縫	さいほう	may vá	
こなせる	こなせる	làm thành thạo được	
決めつける	きめつける	quy chụp, áp đặt	
人並み	ひとなみ	như người bình thường	
引き連れる	ひきつれる	dẫn theo	
満々	まんまん	tràn đầy	
揺さぶる	ゆさぶる	lay động, rung chuyển	
しかめっ面	しかめっつら	mặt nhăn nhó	
じいちゃん	じいちゃん	ông (thân mật)	
つま先	つまさき	đầu ngón chân	
はくす	はくす	-	
割れる	われる	vỡ, nứt (割れんばかり: vang dội)	
沸き起こる	わきおこる	bùng lên, vang dậy	
芽吹く	めぶく	nảy mầm	
カッコ	かっこ	vẻ ngoài, vẻ ngầu	
からっきし	からっきし	hoàn toàn không (giỏi)	
共演	きょうえん	biểu diễn cùng	
前髪	まえがみ	tóc mái	
カーテン	かあてん	rèm cửa	
ツン	つん	-	
こってり	こってり	béo ngậy, đậm đà	
あっさり	あっさり	thanh đạm, nhẹ nhàng	
合わす	あわす	hợp lại, kết hợp	
斜め	ななめ	chéo, nghiêng	
引っ張る	ひっぱる	kéo, lôi	
山盛り	やまもり	đầy ụ	
先約	せんやく	hẹn trước	
かわれる	かわれる	có thể thay đổi	
にぎわい	にぎわい	sự nhộn nhịp	
暗がり	くらがり	chỗ tối	
うろつく	うろつく	lảng vảng	
詮索	せんさく	tọc mạch, dò hỏi	
のりする	のりする	-	
けさ	けさ	sáng nay	
聖歌	せいか	thánh ca	
日陰	ひかげ	bóng râm	
言い訳	いいわけ	lời bào chữa	
ようじ	ようじ	việc bận	
急用	きゅうよう	việc gấp	
町はずれ	まちはずれ	rìa thị trấn, ngoại ô	
成り行き	なりゆき	diễn biến, sự tình	
遠ざかる	とおざかる	xa dần	
交		-	
本題	ほんだい	vấn đề chính	
荷馬	にうま	ngựa thồ (荷馬車: xe ngựa chở hàng)	
告解	こっかい	xưng tội	
お断り	おことわり	từ chối	
酔っぱらい	よっぱらい	người say rượu	
懺悔	ざんげ	sám hối	
告白	こくはく	thú nhận, bày tỏ	
物好き	ものずき	tò mò, thích chuyện lạ	
免じる	めんじる	nể tình, vì (điều gì) mà tha	
夜回り	よまわり	tuần tra đêm	
口先	くちさき	đầu môi, nói suông	
目と	もくと	-	
感じ取る	かんじとる	cảm nhận	
おそいかかる	おそいかかる	tấn công, xông vào	
短剣	たんけん	dao găm	
おせっかい	おせっかい	lo chuyện bao đồng	
恩寵	おんちょう	ân sủng	
懲りる	こりる	chừa, sợ rồi	
口元	くちもと	khóe miệng	
ゆるめる	ゆるめる	nới lỏng, dãn ra	
翌晩	よくばん	tối hôm sau	
かこめる	かこめる	bao vây	
囲める	かこめる	bao vây	
稼ぎ	かせぎ	tiền kiếm được	
でかい	でかい	to, lớn	
上出来	じょうでき	làm tốt lắm	
盗賊	とうぞく	kẻ cướp	
頭目	とうもく	thủ lĩnh, đầu sỏ	
真後ろ	まうしろ	ngay phía sau	
いつのまに	いつのまに	từ lúc nào	
悔い改める	くいあらためる	ăn năn hối cải	
突き出す	つきだす	đâm ra, nhô ra	
礼拝	れいはい	lễ cầu nguyện	
引きずり出す	ひきずりだす	lôi ra	
にげない	にげない	không chạy trốn	
町並み	まちなみ	phố xá, dãy phố	
ひそむ	ひそむ	ẩn nấp, tiềm ẩn	
主義	しゅぎ	chủ nghĩa, nguyên tắc	
断れる	ことわれる	có thể từ chối	
まぶす	まぶす	-	
人付き合い	ひとづきあい	giao tiếp, quan hệ xã giao	
めぐる	めぐる	đi vòng quanh, đi khắp	
にぎやかす	にぎやかす	-	
薄気味悪い	うすきみわるい	rờn rợn, ghê ghê	
しゅっ	しゅっ	-	
半額	はんがく	nửa giá	
券	けん	vé, phiếu	
一句	いっく	một câu thơ	
愉快	ゆかい	vui vẻ	
名句	めいく	câu thơ hay	
妄		-	
深夜	しんや	nửa đêm, khuya	
立ち込める	たちこめる	bao phủ, giăng kín	
幽霊	ゆうれい	ma, hồn ma	
身じろぐ	みじろぐ	cựa quậy, nhúc nhích	
倅	せがれ	con trai (của tôi)	
思いきる	おもいきる	hết mình (思いきり); quyết tâm	
向こう岸	むこうぎし	bờ bên kia	
しとしとと	しとしとと	(mưa) lất phất, rả rích	
葬式	そうしき	đám tang	
何たる	なんたる	là gì (何たるか: bản chất)	
務まる	つとまる	đảm nhận được	
切れ間	きれま	khe hở, khoảng trống	
季節外れ	きせつはずれ	trái mùa	
いたましい	いたましい	-	
にらむ	にらむ	lườm, trừng mắt	
怨嗟	えんさ	oán hận	
睨みつける	にらみつける	trừng mắt nhìn	
火の粉	ひのこ	tàn lửa	
生死	せいし	sống chết	
境	さかい	ranh giới	
堂堂	どうどう	-	
ます	ます	-	
次第に	しだいに	dần dần	
おがむ	おがむ	-	
旅立てる	たびだてる	có thể ra đi, lên đường	
とどまる	とどまる	ở lại, lưu lại	
うめ	うめ	hoa mơ	
梅	うめ	hoa mơ	
生者	しょうじゃ	người sống	
華やぐ	はなやぐ	trở nên rực rỡ	
いちだんと	いちだんと	hơn hẳn	
味わい深い	あじわいぶかい	đậm vị, sâu sắc	
しようが	しようが	-	
ほんのり	ほんのり	thoang thoảng, ửng nhẹ	
素知らぬ	そしらぬ	làm như không biết	
すする	すする	húp, nhấp	
しめやか	しめやか	trang nghiêm, lặng lẽ	
ばあちゃん	ばあちゃん	bà (thân mật)	
しゃくりあげる	しゃくりあげる	nấc lên, thổn thức	
本業	ほんぎょう	nghề chính	
ふとした	ふとした	tình cờ, bất chợt	
かおる	かおる	tỏa hương; hương thơm (かおり)	
住みつく	すみつく	ở lại lâu, định cư	
のし	のし	-	
汁物	しるもの	món canh	
贔屓	ひいき	ưu ái, chiếu cố	
いらい	いらい	nhờ vả, ủy thác	
さいし	さいし	-	
とある	とある	(một) nào đó	
祭る	まつる	-	
永眠	えいみん	giấc ngủ ngàn thu (qua đời)	
自作	じさく	tự sáng tác	
乗り込む	のりこむ	lên (tàu, xe)	
あれる	あれる	(biển) động, dữ dội	
朝飯前	あさめしまえ	dễ như ăn cháo	
海原	うなばら	biển cả	
すり	すり	-	
船縁	ふなべり	mạn thuyền	
白髪	はくはつ	tóc bạc	
腰掛ける	こしかける	ngồi	
唇	くちびる	môi	
流浪	るろう	lang bạt, phiêu bạt	
客分	きゃくぶん	khách (ở nhờ)	
草笛	くさぶえ	sáo lá	
帰れる	かえれる	có thể về	
帳面	ちょうめん	sổ tay	
千里	せんり	nghìn dặm	
絶景	ぜっけい	cảnh tuyệt đẹp	
一葉	いちよう	một chiếc lá	
旅立ち	たびだち	lên đường, khởi hành	
忍ぶ	しのぶ	giấu kín; chịu đựng	
振り返る	ふりかえる	ngoảnh lại, nhìn lại	
撫でる	なでる	vuốt ve	
近海	きんかい	vùng biển gần bờ	
絶え間	たえま	lúc ngớt (絶え間なく: không ngớt)	
放り出す	ほうりだす	quăng ra, ném ra	
マスト	ますと	cột buồm	
瞼	まぶた	mí mắt	
左舷	さげん	mạn trái (tàu)	
すいすい	すいすい	lướt nhẹ nhàng	
捉える	とらえる	bắt, nắm bắt	
自ずと	おのずと	tự nhiên, tự khắc	
抗う	あらがう	chống lại	
買い被る	かいかぶる	đánh giá quá cao	
島影	しまかげ	bóng đảo	
たずねもの	たずねもの	kẻ bị truy nã (おたずねもの)	
お尋ね者	おたずねもの	kẻ bị truy nã	
越す	こす	vượt qua (越したことはない: tốt nhất là)	
楓	かえで	cây phong	
昔語り	むかしがたり	chuyện xưa	
名だたる	なだたる	nổi tiếng, lừng danh	
武家	ぶけ	gia tộc võ sĩ	
刀鍛冶	かたなかじ	thợ rèn kiếm	
家柄	いえがら	dòng dõi, gia thế	
おとろえる	おとろえる	suy tàn, suy yếu	
家運	かうん	vận nhà, gia vận	
物心	ぶっしん	nhận thức (物心つく: bắt đầu hiểu chuyện)	ものごころ
愛でる	めでる	yêu thích, thưởng ngoạn	
たてなおす	たてなおす	xây dựng lại, vực dậy	
所詮	しょせん	rốt cuộc, suy cho cùng	
何もの	なにもの	bất cứ thứ gì	
はらりと	はらりと	(rơi) nhẹ nhàng, lả tả	
若葉	わかば	lá non	
進み出る	すすみでる	bước lên phía trước	
うばえる	うばえる	có thể cướp đi	
いどむ	いどむ	thách đấu	
奪える	うばえる	có thể cướp đi	
一騎打ち	いっきうち	đấu tay đôi	
瞬き	まばたき	chớp mắt	
決す	けっす	quyết định, phân thắng bại	
無想	むそう	vô tưởng (không suy nghĩ)	
大空	おおぞら	bầu trời rộng lớn	
あるいは	あるいは	có lẽ; hoặc	
携える	たずさえる	mang theo	
微か	かすか	mờ nhạt, khẽ	
相対	そうたい	đối mặt	あいたい
対峙	たいじ	đối đầu	
固唾	かたず	nước bọt (固唾を呑む: nín thở)	
群衆	ぐんしゅう	đám đông	
一挙一動	いっきょいちどう	mọi cử chỉ hành động	
はぶ	はぶ	-	
無傷	むきず	không bị thương	
不変	ふへん	bất biến	
万世	ばんせい	muôn đời	
然	しか	như vậy (然り: đúng thế)	
巡り会える	めぐりあえる	có thể gặp lại	
そえる	そえる	thêm vào, kèm theo	
ありのまま	ありのまま	như vốn có	
趣	おもむき	nét thú vị, phong vị	
国々	くにぐに	các nước	
道連れ	みちづれ	bạn đồng hành	
したたか	したたか	mạnh mẽ, dẻo dai	
萍		-	
姥	うば	-	
壺	つぼ	cái hũ, bình	
希少	きしょう	hiếm	
明星	みょうじょう	sao Mai; ngôi sao sáng	
宝飾	ほうしょく	trang sức	
問い詰める	といつめる	chất vấn, tra hỏi	
翡翠	ひすい	ngọc bích	
明記	めいき	ghi rõ	
違反	いはん	vi phạm	
言い逃れる	いいのがれる	chối quanh, thoái thác	
丸ごと	まるごと	nguyên cả, toàn bộ	
にせもの	にせもの	đồ giả	
簪	かんざし	trâm cài tóc	
称す	しょうす	xưng là, gọi là	
証言	しょうげん	lời khai	
似つく	につく	giống (似ても似つかない: khác hẳn)	
安価	あんか	giá rẻ	
判明	はんめい	làm rõ, sáng tỏ	
出そろう	でそろう	có đủ, xuất hiện đủ	
法廷	ほうてい	tòa án	
白黒	しろくろ	trắng đen (白黒つける: phân định)	
白状	はくじょう	khai thật, thú nhận	
円満	えんまん	êm đẹp, viên mãn	
解決	かいけつ	giải quyết	
むし	むし	-	
剣幕	けんまく	vẻ giận dữ	
言い合う	いいあう	cãi nhau	
茶器	ちゃき	đồ pha trà	
亡き	なき	đã mất, quá cố	
権利	けんり	quyền lợi	
要求	ようきゅう	yêu cầu, đòi hỏi	
上乗せ	うわのせ	thêm vào	
寸	すん	tấc (đơn vị đo)	
尺	しゃく	thước (đơn vị đo)	
平行	へいこう	song song (平行線: bất đồng mãi)	
お開き	おひらき	kết thúc, giải tán	
条文	じょうぶん	điều khoản	
割り切れる	わりきれる	dứt khoát, rạch ròi	
もしか	もしか	có lẽ, biết đâu	
いったん	いったん	tạm thời, một lát	
一理	いちり	có lý phần nào	
もうける	もうける	-	
経営	けいえい	kinh doanh, điều hành	
書面	しょめん	văn bản	
ついでに	ついでに	nhân tiện	
乗りかかる	のりかかる	bắt đầu dấn vào (乗りかかった船: đã lỡ thì làm tới)	
はかどる	はかどる	tiến triển thuận lợi	
言葉尻	ことばじり	lỗi trong lời nói	
捕らえる	とらえる	bắt, nắm lấy	
和やか	なごやか	êm dịu, hòa nhã	
ぶあつい	ぶあつい	dày cộp	
法典	ほうてん	bộ luật	
改正	かいせい	sửa đổi	
見てくれ	みてくれ	xem này, nhìn đi	
優待	ゆうたい	ưu đãi	
得	とく	lợi, có lời	
最終	さいしゅう	cuối cùng	
解釈	かいしゃく	giải thích, diễn giải	
末尾	まつび	phần cuối (văn bản)	
いしゅう	いしゅう	-	
かいしゃく	かいしゃく	giải thích, diễn giải	
呪文	じゅもん	thần chú	
胸三寸	むねさんずん	tùy ý trong lòng	
直接	ちょくせつ	trực tiếp	
定義	ていぎ	định nghĩa	
曖昧	あいまい	mơ hồ	
期間	きかん	thời hạn	
定め	さだめ	quy định	
当事者	とうじしゃ	đương sự, người trong cuộc	
最善	さいぜん	tốt nhất	
さては	さては	thì ra, hẳn là	
文言	もんごん	câu chữ	
アンテナ	あんてな	ăng-ten	
正当	せいとう	chính đáng	
不利	ふり	bất lợi	
宣伝	せんでん	quảng cáo, tuyên truyền	
署名	しょめい	ký tên	
条項	じょうこう	điều khoản	
双方	そうほう	hai bên	
合意	ごうい	thỏa thuận, đồng ý	
やりとり	やりとり	trao đổi qua lại	
くすくす	くすくす	(cười) khúc khích	
ろうそく	ろうそく	nến	
灯火	ともしび	ngọn đèn	
一心に	いっしんに	chăm chú, một lòng	
書き写す	かきうつす	chép lại	
覚え込む	おぼえこむ	ghi nhớ kỹ	
大嫌い	だいきらい	rất ghét	
身動き	みうごき	cử động	
御免	ごめん	không muốn; xin lỗi	
信条	しんじょう	tín điều, phương châm	
使いこなす	つかいこなす	sử dụng thành thạo	
つり合う	つりあう	cân bằng	
竿秤	さおばかり	cân đòn	
釣り合い	つりあい	sự cân bằng	
等しい	ひとしい	bằng nhau	
朱色	しゅいろ	màu đỏ son	
いわば	いわば	có thể nói là	
適用	てきよう	áp dụng	
ぽうっと	ぽうっと	(sáng) mờ mờ, lờ mờ	
綴じる	とじる	đóng (sách), kẹp vào	
腰掛け	こしかけ	ghế ngồi	
年季	ねんき	lâu năm (年季の入った: dày dặn)	
ぶら下がる	ぶらさがる	treo lủng lẳng	
量れる	はかれる	có thể cân đo	
譲り受ける	ゆずりうける	được truyền lại, thừa kế	
万物	ばんぶつ	vạn vật	
量る	はかる	cân, đo	
立会	たちあい	chứng kiến (立会人: người làm chứng)	
秤	はかり	cái cân	
歩み寄る	あゆみよる	bước lại gần	
さびる	さびる	gỉ sét	
鉄	てつ	sắt	
板	いた	tấm, bảng	
違える	ちがえる	làm trái, phá (lời thề)	たがえる
釣り合う	つりあう	cân bằng	
夕餉	ゆうげ	bữa tối	
そっちのけ	そっちのけ	bỏ mặc, gác sang bên	
用件	ようけん	việc cần nói	
手短	てみじか	ngắn gọn	
淡白	たんぱく	nhạt, thanh đạm	
滋養	じよう	bổ dưỡng	
なのに	なのに	thế mà	
かまける	かまける	mải mê (việc gì)	
履行	りこう	thực hiện (hợp đồng)	
抜き打ち	ぬきうち	đột xuất, bất ngờ	
負かす	まかす	đánh bại (言い負かす: cãi thắng)	
検査	けんさ	kiểm tra	
こんなにも	こんなにも	đến thế này	
おもむろに	おもむろに	thong thả, từ từ	
遵法	じゅんぽう	tuân thủ pháp luật	
誓約	せいやく	cam kết, thề ước	
誠実	せいじつ	thành thật	
茜色	あかねいろ	màu đỏ thẫm (hoàng hôn)	
呼び出し	よびだし	gọi đến, triệu tập	
訴える	うったえる	kiện; kêu gọi	
顧問	こもん	cố vấn	
さぞかし	さぞかし	chắc hẳn	
支配	しはい	chi phối, cai trị	
貸せる	かせる	có thể cho mượn	
抜かる	ぬかる	sơ suất (抜かりない: chu đáo)	
支払う	しはらう	trả tiền	
付帯	ふたい	kèm theo, phụ	
帰還	きかん	trở về	
交渉	こうしょう	đàm phán	
数え切れる	かぞえきれる	đếm hết (数え切れない: vô số)	
立ち会う	たちあう	có mặt chứng kiến	
たす	たす	thêm vào (書きたす: viết thêm)	
書き添える	かきそえる	viết thêm	
理屈	りくつ	lý lẽ	
甲乙	こうおつ	bên A và bên B	
視野	しや	tầm nhìn	
危なっかしい	あぶなっかしい	nguy hiểm, chông chênh	
済ます	すます	xong xuôi (済まされない: không thể bỏ qua)	
やりがい	やりがい	đáng làm, ý nghĩa	
人助け	ひとだすけ	giúp người	
手段	しゅだん	phương tiện, cách thức	
重労働	じゅうろうどう	lao động nặng nhọc	
労働	ろうどう	lao động	
食費	しょくひ	tiền ăn	
請求	せいきゅう	yêu cầu thanh toán	
取り決める	とりきめる	thỏa thuận, quy định	
そくが	そくが	-	
異議	いぎ	phản đối, dị nghị	
覆す	くつがえす	lật đổ, đảo ngược	
看板娘	かんばんむすめ	cô gái đắt khách của quán	
取り消し	とりけし	hủy bỏ	
鑑定	かんてい	giám định	
ブローチ	ぶろうち	trâm cài áo	
見積もる	みつもる	ước tính	
巧み	たくみ	khéo léo	
惑わす	まどわす	mê hoặc, đánh lừa	
詐欺	さぎ	lừa đảo	
典型	てんけい	điển hình	
不自然	ふしぜん	không tự nhiên	
雇う	やとう	thuê (người)	
尊ぶ	とうとぶ	tôn trọng, quý trọng	
戒める	いましめる	răn dạy, cảnh báo	
分野	ぶんや	lĩnh vực	
見通す	みとおす	nhìn thấu	
負かせる	まかせる	có thể đánh bại (言い負かせる: cãi thắng)	
あやい	あやい	-	
聞き流す	ききながす	nghe rồi bỏ qua	
気まま	きまま	tùy thích, tự do	
今頃	いまごろ	giờ này	
紳士	しんし	quý ông	
火薬	かやく	thuốc súng	
群がる	むらがる	tụ tập đông	
手持ち	てもち	cầm tay	
ぎょする	ぎょする	-	
金魚	きんぎょ	cá vàng	
切り盛り	きりもり	trông coi, quán xuyến	
ポイ	ぽい	vợt giấy vớt cá	
一番乗り	いちばんのり	người đến đầu tiên	
力む	りきむ	gồng sức, căng người	
琉金	りゅうきん	cá vàng Ryukin	
椀	わん	bát, chén	
おわん	おわん	cái bát	
すくえる	すくえる	có thể vớt	
ちっちゃな	ちっちゃな	nhỏ xíu	
照らせる	てらせる	có thể chiếu sáng	
ろう	ろう	-	
送り出す	おくりだす	tiễn đưa	
流れ出る	ながれでる	trôi ra	
仕込む	しこむ	gài sẵn, cài vào	
花開く	はなひらく	nở hoa, bung nở	
血眼	ちめ	mắt đỏ ngầu (血眼になる: ráo riết)	ちまなこ
へいし	へいし	binh lính	
桃色	ももいろ	màu hồng	
閃光	せんこう	ánh chớp	
一安心	ひとあんしん	an tâm phần nào	
職人	しょくにん	thợ thủ công, nghệ nhân	
素質	そしつ	tố chất	
種明かし	たねあかし	tiết lộ bí mật (mánh)	
作業場	さぎょうば	xưởng làm việc	
樽	たる	thùng gỗ	
筒	つつ	ống	
父ちゃん	とうちゃん	bố (thân mật)	
いやがる	いやがる	-	
賑わう	にぎわう	nhộn nhịp	
制覇	せいは	chinh phục	
興じる	きょうじる	vui chơi, say mê	
射的	しゃてき	trò bắn súng (hội chợ)	
百発百中	ひゃっぱつひゃくちゅう	bách phát bách trúng	
軒下	のきした	dưới mái hiên	
導火	どうか	dẫn lửa (導火線: dây ngòi)	
本番	ほんばん	màn chính	
前夜	ぜんや	đêm trước	
腹いっぱい	はらいっぱい	no bụng	
せいは	せいは	-	
流星	りゅうせい	sao băng	
手取り	てどり	tận tình (手取り足取り)	
ぺろり	ぺろり	(ăn) sạch trơn	
つやつや	つやつや	bóng loáng	
見立てる	みたてる	chọn giúp	
かけっこ	かけっこ	chạy đua (追いかけっこ: đuổi bắt)	
接す	せっす	tiếp xúc, đối xử	
仕込み	しこみ	được dạy, truyền nghề	
飛び上がる	とびあがる	nhảy cẫng lên	
鎖国	さこく	bế quan tỏa cảng	
足止め	あしどめ	bị giữ lại, cầm chân	
食らう	くらう	ăn, hứng chịu	
門前払い	もんぜんばらい	bị từ chối thẳng	
束ねる	たばねる	buộc, bó	
人懐っこい	ひとなつっこい	thân thiện, dễ gần	
顔役	かおやく	người có tiếng nói	
見ず知らず	みずしらず	hoàn toàn xa lạ	
見知らぬ	みしらぬ	lạ, không quen	
親近	しんきん	thân cận (親近感: cảm giác gần gũi)	
司	つかさ	-	
ただ者	ただもの	người bình thường	
したう	したう	-	
大船	おおぶね	thuyền lớn (大船に乗った気: yên tâm)	
辛抱	しんぼう	nhẫn nại	
手引き	てびき	dẫn dắt, hướng dẫn	
魚屋	さかなや	tiệm cá	
大工	だいく	thợ mộc	
流れ着く	ながれつく	trôi dạt đến	
色んな	いろんな	nhiều loại	
乾物	かんぶつ	đồ khô	
定期	ていき	định kỳ	
握手	あくしゅ	bắt tay	
成り立つ	なりたつ	thành lập, thành công	
強気	つよき	cứng rắn, mạnh bạo	
目先	めさき	trước mắt	
同胞	どうほう	đồng bào	
泣かせる	なかせる	làm khóc	
利益	りえき	lợi nhuận	
打ち解ける	うちとける	cởi mở, thân thiết	
裏道	うらみち	đường hẻm	
なつく	なつく	quấn quýt, thân thiết	
抗える	あらがえる	có thể cưỡng lại	
餌	えさ	mồi, thức ăn (cho động vật)	
はたき	はたき	chổi phất trần	
色褪せる	いろあせる	phai màu	
埃	ほこり	bụi	
もやもや	もやもや	rối bời, lấn cấn	
編む	あむ	đan	
寒空	さむぞら	trời lạnh	
門番	もんばん	người gác cổng	
衛兵	えいへい	lính gác	
お袋	おふくろ	mẹ (thân mật, nam giới dùng)	
老いる	おいる	già đi	
滞る	とどこおる	trì trệ (滞りなく: suôn sẻ)	
謙遜	けんそん	khiêm tốn	
ならず者	ならずもの	kẻ côn đồ	
寄付	きふ	quyên góp	
凄む	すごむ	dọa nạt	
使い	つかい	người được sai đi, sứ giả	
集金	しゅうきん	thu tiền	
抜き放つ	ぬきはなつ	rút (kiếm) ra	
受け持つ	うけもつ	đảm nhận	
騙る	かたる	mạo danh	
迫力	はくりょく	khí thế, uy lực	
若	わか	cậu chủ, thiếu gia	
輩	ともがら	bọn, lũ	やから
言いそびれる	いいそびれる	lỡ không nói được	
心地	ここち	cảm giác	
はめ込む	はめこむ	gắn vào, khảm vào	
わかつ	わかつ	-	
家臣	かしん	gia thần	
累	るい	liên lụy	
箒	ほうき	cái chổi	
手先	てさき	-	
湛える	たたえる	nở (nụ cười); chứa đầy	
当主	とうしゅ	gia chủ	
調達	ちょうたつ	thu mua, cung ứng	
どおり	どおり	đúng như (いつもどおり: như mọi khi)	
衣擦れ	きぬずれ	tiếng sột soạt (quần áo)	
いざる	いざる	-	
助け舟	たすけぶね	sự giúp đỡ kịp thời	
盤面	ばんめん	bàn cờ, cục diện	
一手	いって	một nước (cờ)	
解く	とく	dỡ bỏ; giải	
琥珀	こはく	hổ phách	
黙り込む	だまりこむ	im lặng	
因縁	いんねん	nhân duyên, duyên nợ	
あっけない	あっけない	chóng vánh, dễ dàng	
転覆	てんぷく	lật (thuyền)	
なんとか	なんとか	bằng cách nào đó (なんとかなる: sẽ ổn)	
絶望	ぜつぼう	tuyệt vọng	
図太い	ずぶとい	lì lợm, gan lì	
野火	のび	lửa đồng	
しるい	しるい	-	
そしる	そしる	-	
家中	いえじゅう	trong gia tộc	かちゅう
忠義	ちゅうぎ	trung nghĩa	
尽くす	つくす	tận tâm, dốc hết	
一途	いちず	một lòng	
ぐする	ぐする	-	
燃え立つ	もえたつ	bùng cháy	
散らかす	ちらかす	bày bừa	
時短	じたん	tiết kiệm thời gian	
伝授	でんじゅ	truyền dạy	
それなり	それなり	tương đối, ở mức nhất định	
海草	かいそう	rong biển	
海藻	かいそう	rong biển	
くたくた	くたくた	mệt rã rời	
走り回れる	はしりまわれる	có thể chạy nhảy	
野良	のら	hoang (野良猫: mèo hoang)	
ふかふか	ふかふか	mềm mại, êm	
潜り込む	もぐりこむ	chui vào	
早	はや	-	
柚	ゆず	-	
立ち寄る	たちよる	ghé qua	
もちいる	もちいる	-	
野原	のはら	cánh đồng	
駆け回る	かけまわる	chạy khắp nơi	
馴れ馴れしい	なれなれしい	suồng sã, thân mật quá mức	
思い出深い	おもいでぶかい	nhiều kỷ niệm	
にんじる	にんじる	-	
弟子入り	でしいり	xin làm đệ tử	
分身	ぶんしん	phân thân	
丸太	まるた	khúc gỗ tròn	
心温まる	こころあたたまる	ấm lòng	
八重	やえ	-	
新刊	しんかん	sách mới phát hành	
話し声	はなしごえ	tiếng nói chuyện	
遊撃	ゆうげき	du kích	
言い放つ	いいはなつ	nói thẳng, buông lời	
くるしめる	くるしめる	làm khổ	
はいす	はいす	-	
憎む	にくむ	căm ghét	
じょうは	じょうは	-	
ぷいと	ぷいと	(quay đi) phắt	
背ける	そむける	quay đi, ngoảnh mặt	
一寸	いっすん	một tấc (一寸先: ngay trước mắt)	
ぼろい	ぼろい	-	
幻影	げんえい	ảo ảnh	
軌跡	きせき	quỹ đạo, vệt	
幻	まぼろし	ảo ảnh, ảo giác	
舞踏	ぶとう	khiêu vũ, múa	
たいした	たいした	đáng kể, ghê gớm	
不意打ち	ふいうち	đánh úp, bất ngờ	
卑怯	ひきょう	hèn hạ	
なみうつ	なみうつ	-	
波間	なみま	giữa các con sóng	
叱責	しっせき	khiển trách	
右足	みぎあし	chân phải	
復讐	ふくしゅう	báo thù	
あんなふうに	あんなふうに	như thế kia	
儚い	はかない	mong manh, phù du	
豪奢	ごうしゃ	xa hoa	
行く手	ゆくて	đường đi phía trước	
高貴	こうき	cao quý	
栄光	えいこう	vinh quang	
おっさん	おっさん	ông chú (suồng sã)	
賤		-	
平民	へいみん	dân thường	
風情	ふぜい	loại, hạng (khinh miệt); phong vị	
血筋	ちすじ	dòng máu, huyết thống	
立ち去る	たちさる	rời đi	
えらべる	えらべる	có thể chọn	
疎ましい	うとましい	đáng ghét, khó chịu	
ふくしゅう	ふくしゅう	báo thù	
見下す	みくだす	coi thường	
てきす	てきす	-	
代表	だいひょう	đại diện	
心得る	こころえる	hiểu rõ	
おこ	おこ	-	
行い	おこない	hành động, việc làm	
証明	しょうめい	chứng minh	
打ち倒す	うちたおす	đánh đổ	
ほする	ほする	-	
ふぶき	ふぶき	bão tuyết	
遭難	そうなん	gặp nạn	
報せ	しらせ	tin báo	
出動	しゅつどう	xuất quân, xuất phát	
取り残す	とりのこす	bỏ lại	
帰す	きす	cho về	かえす
仕打ち	しうち	cách đối xử (tệ)	
命懸け	いのちがけ	liều mạng	
為す	なす	làm, thực hiện	
祖先	そせん	tổ tiên	
晴らす	はらす	giải tỏa (hận), trả (thù)	
静謐	せいひつ	tĩnh lặng, yên bình	
優美	ゆうび	thanh nhã, duyên dáng	
共闘	きょうとう	cùng chiến đấu	
隣り合わせる	となりあわせる	kề cận (隣り合わせ: luôn đi kèm)	
真っ暗	まっくら	tối om	
きしる	きしる	-	
瑞々しい	みずみずしい	tươi mọng	
買い取る	かいとる	mua lại	
ずるい	ずるい	gian xảo, chơi xấu	
没収	ぼっしゅう	tịch thu	
微動	びどう	nhúc nhích nhẹ (微動だにせず: bất động)	
聞き入れる	ききいれる	chấp thuận, nghe theo	
損なう	そこなう	làm tổn hại	
胸元	むなもと	trước ngực	
逃げ延びる	にげのびる	chạy thoát	
瞑目	めいもく	nhắm mắt	
神子	みこ	-	
宮司	ぐうじ	trụ trì đền (Thần đạo)	
閉じこもる	とじこもる	tự nhốt mình	
大凶	だいきょう	đại hung (quẻ xấu nhất)	
恐れ	おそれ	nỗi sợ	
境内	けいだい	khuôn viên đền	
目覚める	めざめる	thức tỉnh	
一心	いっしん	một lòng	
天地	てんち	trời đất	
しかし	しかし	tuy nhiên	
退く	しりぞく	lùi lại	
はたち	はたち	-	
撤廃	てっぱい	bãi bỏ	
慈愛	じあい	từ ái, nhân từ	
影武者	かげむしゃ	người đóng thế	
いづ	いづ	-	
災厄	さいやく	tai họa	
れつ	れつ	hàng, dãy	
従う	したがう	tuân theo	
行儀	ぎょうぎ	lễ phép, phép tắc	
待った	まった	đã chờ	
甘党	あまとう	người hảo ngọt	
規律	きりつ	kỷ luật	
率先	そっせん	đi đầu, gương mẫu	
張りつめる	はりつめる	căng thẳng	
汽笛	きてき	còi tàu	
喪失	そうしつ	mất mát	
茶菓子	ちゃがし	bánh ăn kèm trà	
城下町	じょうかまち	thị trấn quanh thành	
散策	さんさく	dạo chơi	
リーユエ	りいゆえ	-	
弱点	じゃくてん	điểm yếu	
めいそう	めいそう	thiền	
心身	しんしん	thân tâm	
武人	ぶじん	võ nhân	
門前	もんぜん	trước cổng	
困り果てる	こまりはてる	bối rối cùng cực	
見回す	みまわす	nhìn quanh	
すっぽかす	すっぽかす	bỏ bê, cho leo cây	
具合	ぐあい	tình trạng; kiểu như	
大木	たいぼく	cây to	
獣	しし	thú	けもの
頭巾	ずきん	mũ trùm đầu	
たぬき	たぬき	con lửng chó (tanuki)	
タヌキ	たぬき	con lửng chó (tanuki)	
拙い	つたない	-	
装束	しょうぞく	trang phục	
隠れ	かくれ	ẩn nấp (隠れ場所: chỗ trốn)	
目利き	めきき	con mắt tinh đời	
せがむ	せがむ	nài nỉ	
妨げる	さまたげる	cản trở	
重罪	じゅうざい	trọng tội	
のびる	のびる	dài ra, cao lên	
削る	けずる	cắt giảm; gọt	
ひと眠り	ひとねむり	chợp mắt một chút	
小気味よい	こきみよい	dễ chịu, gọn gàng	
町外れ	まちはずれ	rìa thị trấn	
言いつける	いいつける	sai bảo, dặn	
目付け	めつけ	giám sát (お目付け役: người giám sát)	
もったいぶる	もったいぶる	làm bộ, làm cao	
だるま	だるま	búp bê Daruma	
ムジムジ	むじむじ	-	
刮目	かつもく	mở to mắt nhìn kỹ	
忍法	にんぽう	nhẫn pháp	
英気	えいき	sinh lực (英気を養う: nạp năng lượng)	
癒		-	
攻め	せめ	tấn công	
食らわせる	くらわせる	giáng (đòn)	
きっちり	きっちり	chu đáo, chính xác	
あくび	あくび	ngáp	
案の定	あんのじょう	quả nhiên	
くるまる	くるまる	cuộn mình (trong chăn)	
いさむ	いさむ	-	
丸める	まるめる	cuộn tròn	
毬	まり	quả cầu, quả bóng	
天下一品	てんかいっぴん	nhất thiên hạ	
奥の手	おくのて	chiêu cuối, át chủ bài	
わに	わに	-	
そろりと	そろりと	nhẹ nhàng, rón rén	
満たせる	みたせる	có thể lấp đầy	
につける	につける	-	
兵糧	ひょうろう	lương thực quân đội	
沽券	こけん	thể diện, danh dự	
先回り	さきまわり	đón đầu	
共犯	きょうはん	đồng phạm	
しぶしぶ	しぶしぶ	miễn cưỡng	
渋々	しぶしぶ	miễn cưỡng	
微笑ましい	ほほえましい	dễ thương, khiến mỉm cười	
提灯	ちょうちん	đèn lồng	
引きずる	ひきずる	lôi kéo	
いだける	いだける	-	
どよめく	どよめく	xôn xao	
打ち上げ花火	うちあげはなび	pháo hoa bắn lên trời	
身代わり	みがわり	thế thân	
緩める	ゆるめる	nới lỏng, dãn ra	
囃子	はやし	nhạc đệm (lễ hội)	
はいいる	はいいる	-	
口実	こうじつ	cái cớ	
青々	あおあお	xanh mướt	
膨れる	ふくれる	phồng lên (腹が膨れる: no bụng)	
天敵	てんてき	thiên địch, khắc tinh	
交互	こうご	luân phiên	
肝要	かんよう	quan trọng nhất	
とうとう	とうとう	cuối cùng	
海沿い	うみぞい	dọc bờ biển	
隠れ家	かくれが	nơi ẩn náu	
はくする	はくする	-	
くすぐる	くすぐる	cù, làm nhột	
盛大	せいだい	hoành tráng, to	
竹林	ちくりん	rừng tre	
にげこむ	にげこむ	chạy trốn vào	
怒号	どごう	tiếng gầm thét giận dữ	
追っ手	おって	kẻ truy đuổi	
振り切る	ふりきる	cắt đuôi, thoát khỏi	
窪地	くぼち	chỗ trũng, vùng lõm	
台無し	だいなし	hỏng bét, đổ bể	
単独	たんどく	đơn độc, một mình	
太刀打ち	たちうち	chống chọi, đối đầu	
凝らす	こらす	tập trung (mắt), chăm chú	
紛れる	まぎれる	lẫn vào, trà trộn	
日当たり	ひあたり	chỗ đón nắng	
いたる	いたる	-	
寝言	ねごと	nói mê	
こぼす	こぼす	buột ra (lời); làm đổ	
あらゆる	あらゆる	mọi, tất cả	
心地よい	ここちよい	dễ chịu, thoải mái	
至高	しこう	tối thượng, tuyệt nhất	
持ち歩ける	もちあるける	có thể mang theo	
ドレッシング	どれっしんぐ	nước sốt trộn salad	
化ける	ばける	biến hóa, hóa thành	
めぼしい	めぼしい	-	
入れ知恵	いれぢえ	mách nước, xúi bảo	
巫女	みこ	vu nữ, miko	
継承	けいしょう	kế thừa	
安売り	やすうり	bán rẻ; cho tùy tiện	
働き者	はたらきもの	người chăm chỉ	
どことなく	どことなく	có gì đó, phảng phất	
眼力	がんりき	con mắt tinh tường	
やかましい	やかましい	ồn ào, ầm ĩ	
抵抗	ていこう	kháng cự, chống lại	
揺る	ゆる	lắc lư, rung lắc	
珊瑚	さんご	san hô	
宮	みや	cung điện; đền	
現人神	あらひとがみ	thần sống (thần hình người)	
知性	ちせい	trí tuệ	
みこ	みこ	vu nữ, miko	
集る	たかる	tụ họp, tập hợp	つどう
軍	ぐん	quân đội	
軍師	ぐんし	quân sư	
ふぐ	ふぐ	-	
議	ぎ	-	
穿つ	うがつ	xuyên thủng, khoan	
少数	しょうすう	số ít, thiểu số	
精鋭	せいえい	tinh nhuệ	
側面	そくめん	mặt bên, sườn	
隊列	たいれつ	đội hình, hàng ngũ	
したがう	したがう	làm theo, tuân theo	
敵陣	てきじん	trận địa địch	
総崩れ	そうくずれ	tan vỡ toàn bộ	
戦ふ	たたかふ	trận chiến; chiến đấu	いくさ
負傷	ふしょう	bị thương	
一人ひとり	ひとりひとり	từng người một	
へいが	へいが	-	
陣営	じんえい	doanh trại, trại quân	
けずる	けずる	gọt, bào mòn	
作り出す	つくりだす	tạo ra, chế tạo	
手の者	てのもの	thuộc hạ, tay chân	
使い捨て	つかいすて	dùng một lần rồi bỏ	
先決	せんけつ	ưu tiên hàng đầu	
ただちに	ただちに	ngay lập tức	
回収	かいしゅう	thu hồi	
どれほど	どれほど	bao nhiêu, dù thế nào	
へぐ	へぐ	-	
兵法	ひょうほう	binh pháp	へいほう
深海	しんかい	biển sâu	
オロバシノミコト	おろばしのみこと	-	
過ち	あやまち	lỗi lầm	
犯す	おかす	phạm (lỗi, tội)	
すがる	すがる	bám víu, nương tựa	
不漁	ふりょう	đánh bắt kém, mất mùa cá	
老婆	ろうば	bà lão	
風向き	かざむき	hướng gió	
漁場	ぎょじょう	ngư trường	
言い当てる	いいあてる	đoán trúng	
見通し	みとおし	nhìn thấu; triển vọng	
逃げ込む	にげこむ	chạy trốn vào	
ちっちゃい	ちっちゃい	nhỏ xíu	
盤上	ばんじょう	trên bàn cờ	
競う	きそう	thi đua, tranh tài	
対戦	たいせん	thi đấu, đối đầu	
物事	ものごと	sự việc, mọi việc	
直感	ちょっかん	trực giác	
熟慮	じゅくりょ	suy nghĩ kỹ	
最短	さいたん	ngắn nhất	
決断	けつだん	quyết đoán, quyết định	
勝敗	しょうはい	thắng bại	
考え直す	かんがえなおす	suy nghĩ lại	
鮮度	せんど	độ tươi	
人見知り	ひとみしり	ngại người lạ, nhút nhát	
溜まる	たまる	tích tụ, dồn lại	
ぶんぶん	ぶんぶん	(vẫy) tít, phe phẩy	
悪気	わるぎ	ác ý	
比類	ひるい	sánh bằng (比類なき: vô song)	
一同	いちどう	toàn thể	
蹴立てる	けたてる	tung (cát, bụi) lên	
先頭	せんとう	dẫn đầu, hàng đầu	
威勢	いせい	khí thế, hăng hái	
楽ちん	らくちん	nhàn, thoải mái	
休止	きゅうし	tạm nghỉ	
いきさつ	いきさつ	đầu đuôi, ngọn ngành	
走り込む	はしりこむ	chạy tập luyện	
兵卒	へいそつ	lính trơn, binh sĩ	
走り込み	はしりこみ	việc chạy luyện tập	
追い詰める	おいつめる	dồn vào đường cùng	
げきする	げきする	-	
降伏	ごうぶく	đầu hàng	こうふく
援軍	えんぐん	viện binh	
はったり	はったり	dọa dẫm, lừa bịp	
通用	つうよう	có tác dụng, dùng được	
尾根	おね	sống núi	
鬨の声	ときのこえ	tiếng hô xung trận	
持ちこたえる	もちこたえる	cầm cự, chống đỡ	
取り立てる	とりたてる	đề bạt; thu (nợ)	
絶体絶命	ぜったいぜつめい	tuyệt vọng, cùng đường	
一周	いっしゅう	một vòng	
走り出す	はしりだす	bắt đầu chạy	
号令	ごうれい	hiệu lệnh	
陣地	じんち	trận địa	
炊き出し	たきだし	nấu phát cơm	
荒らげる	あらげる	to tiếng, gắt lên	
ピリピリ	ぴりぴり	căng thẳng; cay tê	
どっしり	どっしり	vững chãi, đĩnh đạc	
怒鳴る	どなる	quát tháo	
張り詰める	はりつめる	căng thẳng	
緩む	ゆるむ	chùng xuống, nới lỏng	
疑う	うたがう	nghi ngờ	
給金	きゅうきん	tiền lương	
根本	こんぽん	căn bản, gốc rễ	
装備	そうび	trang bị	
俸給	ほうきゅう	bổng lộc, lương	
死線	しせん	ranh giới sống chết	
隔てる	へだてる	ngăn cách, phân biệt	
急報	きゅうほう	tin khẩn	
突っ込む	つっこむ	lao vào, xông vào	
地形	ちけい	địa hình	
得策	とくさく	thượng sách	
上る	のぼる	dồn lên, đi lên	
注ぎ込む	そそぎこむ	rót vào, dồn vào	
戦旗	せんき	chiến kỳ, cờ trận	
突き立てる	つきたてる	cắm xuống	
横腹	よこばら	sườn, hông	
采配	さいはい	chỉ huy, điều binh	
未熟	みじゅく	non kém, chưa thạo	
読み込む	よみこむ	đọc kỹ, nghiền ngẫm	
闇雲	やみくも	mù quáng, bừa bãi	
活かる	いかる	phát huy, tận dụng	いかす
照れ隠し	てれかくし	che giấu ngượng ngùng	
咳払い	せきばらい	tằng hắng	
軒先	のきさき	hiên nhà	
そわそわ	そわそわ	bồn chồn, thấp thỏm	
はみ出る	はみでる	lòi ra, thò ra	
原稿	げんこう	bản thảo	
読者	どくしゃ	độc giả	
かくして	かくして	giấu (dạng て của かくす)	
相談役	そうだんやく	người tư vấn, cố vấn	
いやす	いやす	chữa lành, xoa dịu	
染み渡る	しみわたる	thấm khắp, ngấm vào	
まんざら	まんざら	(không) hẳn là (まんざらでもない: khá thích)	
鳴り	なり	kêu, vang lên	
警鐘	けいしょう	chuông báo động	
けたたましい	けたたましい	inh ỏi, chói tai	
敵襲	てきしゅう	địch tập kích	
持ち場	もちば	vị trí được giao	
崩す	くずす	phá vỡ, làm đổ	
孤立	こりつ	cô lập	
押し返す	おしかえす	đẩy lùi	
砕く	くだく	đập vỡ, nghiền nát	
とびこむ	とびこむ	nhảy vào, lao vào	
食らいつく	くらいつく	cắn chặt; lao vào	
負け戦	まけいくさ	trận thua	
悟る	さとる	giác ngộ, nhận ra	
お先に	おさきに	xin phép đi trước	
体格	たいかく	vóc dáng, thể hình	
天下	てんか	thiên hạ	
素人	しろうと	người nghiệp dư, tay mơ	
かかす	かかす	bỏ sót, thiếu (欠かす)	
足腰	あしこし	sức chân, chân và hông	
腕力	わんりょく	sức mạnh cơ bắp	
見定める	みさだめる	xác định rõ, nhắm kỹ	
物珍しい	ものめずらしい	lạ lẫm, hiếm thấy	
失言	しつげん	lỡ lời	
とかす	とかす	chải (tóc, lông)	
艶	つや	độ bóng mượt	
不公平	ふこうへい	bất công	
連れ立つ	つれだつ	đi cùng nhau	
下り	くだり	đường xuống dốc	
真価	しんか	giá trị thực	
歩調	ほちょう	nhịp bước	
握り飯	にぎりめし	cơm nắm	
兵站	へいたん	hậu cần	
ドラゴンスパイン	どらごんすぱいん	-	
雪ぐ	そそぐ	tuyết	ゆき
大騒ぎ	おおさわぎ	náo loạn, ầm ĩ	
加護	かご	phù hộ	
敬礼	けいれい	chào (kiểu nhà binh)	
裟		-	
そう身	そうしん	-	
個人	こじん	cá nhân	
敗北	はいぼく	thất bại	
養女	ようじょ	con gái nuôi	
てんぐ	てんぐ	thiên cẩu (tengu)	
天狗	てんぐ	thiên cẩu (tengu)	
引き取る	ひきとる	nhận nuôi; nhận về	
後始末	あとしまつ	dọn dẹp hậu quả	
口もと	くちもと	khóe miệng	
踵	かかと	gót chân (踵を返す: quay gót)	きびす
烏	からす	con quạ	
よこす	よこす	đưa đây (thô)	
いからせる	いからせる	gồng (vai) lên, ra vẻ hung hăng	
物売り	ものうり	người bán hàng	
権威	けんい	uy quyền	
平伏す	ひれふす	phủ phục, quỳ rạp	
一喝	いっかつ	quát lớn	
非礼	ひれい	vô lễ	
詫びる	わびる	xin lỗi, tạ lỗi	
暴力	ぼうりょく	bạo lực	
権力	けんりょく	quyền lực	
成り下がる	なりさがる	sa sút thành, trở thành (xấu)	
執行	しっこう	thi hành	
横暴	おうぼう	hống hách, bạo ngược	
不徳	ふとく	thiếu đức, lỗi của mình	
からす	からす	con quạ	
見のがす	みのがす	bỏ sót, bỏ qua	
不正	ふせい	bất chính, gian lận	
馴染む	なじむ	hòa hợp, quen thuộc	
化け	ばけ	biến hình (化け狸: lửng yêu)	
狸	たぬき	con lửng (tanuki)	
ぬき	ぬき	-	
首根っこ	くびねっこ	gáy (cổ)	
罰する	ばっする	trừng phạt	
包み	つつみ	gói, bọc	
ひそひそ	ひそひそ	(nói) thì thầm	
示し	しめし	làm gương (示しがつかない: mất uy)	
盗み	ぬすみ	sự trộm cắp	
根から	ねから	từ gốc rễ	
合理	ごうり	hợp lý	
潜める	ひそめる	ẩn mình, im tiếng	
疑い	うたがい	sự nghi ngờ	
不慣れ	ふなれ	chưa quen, lạ lẫm	
親しく	したしく	thân thiết	
咎める	とがめる	trách mắng, khiển trách	
馴れ合う	なれあう	thân mật quá mức, cấu kết	
将	はた	tướng, tướng lĩnh	しょう
歩	ふ	-	
遠のく	とおのく	xa dần	
弦音	つるおと	tiếng dây cung	
住まい	すまい	nơi ở	
立ち入り	たちいり	việc ra vào	
戸口	とぐち	cửa ra vào	
墨痕	ぼっこん	nét mực	
狂い	くるい	sai lệch	
召使い	めしつかい	người hầu	
雑巾	ぞうきん	giẻ lau	
じする	じする	-	
ゆるむ	ゆるむ	lỏng lẻo, chùng xuống	
営み	いとなみ	sinh hoạt thường ngày	
身の回り	みのまわり	việc cá nhân, xung quanh mình	
人任せ	ひとまかせ	phó mặc người khác	
きたない	きたない	bẩn	
写し	うつし	bản sao (写し鏡: gương phản chiếu)	
同心	どうしん	đồng tâm (chức lính tuần)	
はずれる	はずれる	trật, sai	
無視	むし	phớt lờ	
厄介	やっかい	phiền phức	
徹する	てっする	quán triệt, chuyên tâm	
遺憾	いかん	đáng tiếc	
引き出す	ひきだす	rút ra; ngăn kéo (引き出し)	ひきだし
無関係	むかんけい	không liên quan	
私物	しぶつ	đồ riêng	
精巧	せいこう	tinh xảo	
写し取る	うつしとる	sao chép, khắc họa lại	
六体	りくたい	sáu bức (tượng)	ろくたい
収集	しゅうしゅう	sưu tầm	
うやまう	うやまう	tôn kính	
信仰	しんこう	tín ngưỡng, lòng tin	
すれる	すれる	-	
真骨頂	しんこっちょう	tinh túy, cái hay nhất	
染む	しむ	nhuộm (đỏ)	そめる
足早	あしばや	bước vội	
揺るぎない	ゆるぎない	vững chắc, không lay chuyển	
夕映え	ゆうばえ	ánh chiều tà	
回廊	かいろう	hành lang	
安寧	あんねい	an bình	
奔走	ほんそう	bôn ba, chạy vạy	
恐悦	きょうえつ	vui mừng (khiêm nhường)	
至極	しごく	vô cùng, cực kỳ	
存じる	ぞんじる	biết; nghĩ (khiêm nhường)	
めいる	めいる	-	
臣	しん	bề tôi, thần tử	
動かせる	うごかせる	có thể lay động	
当て	あて	sự nhắm (的当て: tập bắn bia)	
三日坊主	みっかぼうず	cả thèm chóng chán	
力任せ	ちからまかせ	cậy sức, dùng sức bừa	
直々	じきじき	đích thân	
泣き言	なきごと	lời than vãn	
着替え	きがえ	thay quần áo	
舞える	まえる	có thể bay lượn	
グライダー	ぐらいだあ	tàu lượn (glider)	ぐらいだー
影向	ようごう	-	
適す	てきす	phù hợp	
重宝	ちょうほう	tiện lợi, hữu dụng	
陣中	じんちゅう	trong doanh trại	
塩加減	しおかげん	độ mặn	
甘味	あまみ	đồ ngọt	かんみ
なるべく	なるべく	càng... càng tốt, cố gắng	
極力	きょくりょく	hết sức, tối đa	
体現	たいげん	hiện thân	
圧倒的	あっとうてき	áp đảo	
極み	きわみ	cực điểm, đỉnh cao	
裏返し	うらがえし	mặt trái, mặt ngược lại	
指紋	しもん	dấu vân tay	
探し出す	さがしだす	tìm ra	
陰ながら	かげながら	âm thầm (ủng hộ)	
ガハハ	がはは	(tiếng cười) ha ha	
瀧	たき	-	
親分	おやぶん	đại ca, thủ lĩnh	
ガハハハ	がははは	(tiếng cười) ha ha ha	
オニカブトムシ	おにかぶとむし	bọ cánh cứng Onikabuto	
正真正銘	しょうしんしょうめい	thật trăm phần trăm	
最強	さいきょう	mạnh nhất	
子分	こぶん	đàn em, thuộc hạ	
マスク	ますく	khẩu trang, mặt nạ	
久	ひさ	-	
岐		-	
右腕	うわん	cánh tay phải (người tin cậy)	みぎうで
知恵袋	ちえぶくろ	túi khôn, quân sư	
おかけ	おかけ	gây (phiền) (khiêm nhường)	
潔い	いさぎよい	dứt khoát, thẳng thắn	
ダチ	だち	bạn bè (tiếng lóng)	
ずる	ずる	ăn gian, gian lận	
加勢	かせい	tiếp sức, trợ chiến	
手並み	てなみ	tài nghệ, bản lĩnh	
並び立つ	ならびたつ	đứng cạnh, sánh vai	
ふためく	ふためく	-	
残らず	のこらず	không sót ai	
集合	しゅうごう	tập hợp	
袋叩き	ふくろだたき	đánh hội đồng	
ケンカ	けんか	cãi nhau, đánh nhau	
面々	めんめん	các thành viên	
怪力	かいりき	sức mạnh phi thường	
見違える	みちがえる	khác hẳn, nhận không ra	
生まれ変わる	うまれかわる	tái sinh, lột xác	
さんする	さんする	-	
帳尻	ちょうじり	sổ sách (帳尻を合わせる: cân đối)	
おいはらう	おいはらう	đuổi đi	
おずおず	おずおず	rụt rè, e dè	
またす	またす	-	
牢屋	ろうや	nhà tù	
暴れ	あばれ	sự quậy phá	
保釈	ほしゃく	bảo lãnh tại ngoại	
工面	くめん	xoay xở (tiền)	
シャバ	しゃば	thế giới bên ngoài (nhà tù)	
身寄り	みより	người thân thích	
遠巻き	とおまき	đứng xa, xa lánh	
温い	ぬくい	ấm áp	あたたかい
呼び声	よびごえ	tiếng gọi	
夜通し	よどおし	suốt đêm	
宴会	えんかい	tiệc	
雪辱	せつじょく	rửa hận	
果たして	はたして	thực hiện, hoàn thành (果たす)	
押し合い	おしあい	xô đẩy nhau, giằng co	
まさかの	まさかの	không ngờ	
助	すけ	(hậu tố thân mật) nhóc	
大通り	おおどおり	đại lộ	
仁王立ち	におうだち	đứng sừng sững	
傑作	けっさく	kiệt tác; buồn cười	
大目玉	おおめだま	bị mắng té tát	
根性	こんじょう	ý chí, gan lì	
所属	しょぞく	trực thuộc	
人情	にんじょう	tình người	
何でも	なんでも	bất cứ thứ gì	
えな	えな	-	
きそう	きそう	thi đua (競う)	
張り合う	はりあう	ganh đua, đọ sức	
シブ	しぶ	chất, sâu sắc (シブい)	
しゅうする	しゅうする	-	
明後日	みょうごにち	ngày kia	あさって
話し合い	はなしあい	bàn bạc, nói chuyện	
はなつ	はなつ	phát ra, tỏa	
見惚れる	みほれる	ngắm say mê	みとれる
妾	そばめ	ta (nữ xưng cổ)	わらわ
狐	きつね	cáo	
妖怪	ようかい	yêu quái	
かねがね	かねがね	từ lâu (đã nghe)	
たら	たら	-	
神職	しんしょく	người làm ở đền, thần chức	
化かす	ばかす	lừa bịp (cáo, lửng)	
世の常	よのつね	lẽ thường ở đời	
じゃが	じゃが	nhưng (= だが)	
無論	むろん	dĩ nhiên	
出版	しゅっぱん	xuất bản	
ゆめゆめ	ゆめゆめ	tuyệt đối (không)	
しゅう長	しゅうちょう	-	
編集	へんしゅう	biên tập	
げんこ	げんこ	-	
寿命	じゅみょう	tuổi thọ	
いつく	いつく	-	
しずまりかえる	しずまりかえる	lặng ngắt	
盃	さかずき	chén rượu	
斎宮	さいぐう	-	
呼びかける	よびかける	gọi, kêu gọi	
見慣れる	みなれる	quen mắt (見慣れぬ: lạ)	
見破れる	みやぶれる	có thể nhìn thấu	
童	わらべ	trẻ con	
翻弄	ほんろう	đùa giỡn, xoay như chong chóng	
こらえる	こらえる	nén, kìm lại	
ほれる	ほれる	này (thán từ ほれ)	ほれ
のろい	のろい	lời nguyền	
祟る	たたる	sự nguyền, tai ương (祟り)	たたり
瘴気	しょうき	chướng khí	
落雷	らくらい	sét đánh	
はおる	はおる	-	
間近	まぢか	cận kề, sát bên	
まもれる	まもれる	có thể bảo vệ	
果たせる	はたせる	có thể hoàn thành	
てんし	てんし	-	
すなわち	すなわち	tức là, nghĩa là	
あいかわる	あいかわる	vẫn như cũ (あいかわらず)	あいかわらず
毒舌	どくぜつ	lời nói độc địa	
石頭	いしあたま	cứng đầu	
残滓	ざんし	tàn dư	
悪霊	あくりょう	ác linh	
どうにか	どうにか	bằng cách nào đó	
久方ぶり	ひさかたぶり	lâu lắm rồi	
じゅもん	じゅもん	thần chú	
となえる	となえる	niệm, đọc (chú)	
秘法	ひほう	bí pháp	
顕現	けんげん	hiển hiện	
ひじ	ひじ	-	
めったに	めったに	hiếm khi	
嘆く	なげく	than thở	
まもり	まもり	bùa hộ mệnh	
枕元	まくらもと	đầu giường	
しゃも	しゃも	-	
油揚げ	あぶらあげ	đậu phụ chiên	
愛らしい	あいらしい	đáng yêu	
明く	あかく	tiết lộ (明かす)	あかす
笑わせる	わらわせる	làm cho cười	
長椅子	ながいす	ghế dài	
紐	ひも	dây	
点々	てんてん	lác đác, rải rác	
足跡	あしあと	dấu chân	
惜しい	おしい	tiếc; suýt đúng	
のら	のら	-	
野良猫	のらねこ	mèo hoang	
ちゃっかり	ちゃっかり	tỉnh bơ, láu cá	
推理	すいり	suy luận	
名乗り	なのり	xưng tên	
平たい	ひらたい	phẳng (平たく言えば: nói đơn giản)	
型破り	かたやぶり	phá cách	
道端	みちばた	lề đường	
びゅう	びゅう	(tiếng gió) vù	
ころがる	ころがる	lăn	
坂道	さかみち	đường dốc	
だとすれば	だとすれば	nếu vậy thì	
かわら	かわら	ngói	
はさまる	はさまる	bị kẹp, mắc vào	
挟まる	はさまる	bị kẹp, mắc vào	
手毬	てまり	quả cầu vải (temari)	
拾い上げる	ひろいあげる	nhặt lên	
大小	だいしょう	lớn nhỏ	
身上	しんじょう	bản thân (身上書: lý lịch)	
えらく	えらく	có địa vị (えらい)	
面接	めんせつ	phỏng vấn	
出世	しゅっせ	thăng tiến, thành đạt	
昇進	しょうしん	thăng chức	
悪党	あくとう	kẻ ác, bọn xấu	
薄れる	うすれる	phai nhạt, yếu đi	
抑止	よくし	răn đe, ngăn chặn	
難事件	なんじけん	vụ án khó	
盗難	とうなん	mất trộm	
忽然と	こつぜんと	đột nhiên (biến mất)	
並び	ならび	dãy, hàng	
標的	ひょうてき	mục tiêu	
反物	たんもの	vải vóc	
新月	しんげつ	trăng non	
盗人	ぬすびと	kẻ trộm	
物陰	ものかげ	chỗ khuất	
待ち伏せる	まちぶせる	phục kích	
現行	げんこう	hiện hành (現行犯: quả tang)	
ともす	ともす	thắp (đèn)	
窺う	うかがう	dò xét, rình	
気圧される	けおされる	bị áp đảo, chùn bước	
引き返す	ひきかえす	quay lại	
追って	おって	đuổi theo (追う)	
真相	しんそう	chân tướng	
摘み取る	つみとる	hái, ngắt bỏ	
明かす	あかす	làm sáng tỏ, tiết lộ	
詰め所	つめしょ	phòng trực, trạm gác	
しわくちゃ	しわくちゃ	nhàu nát	
暗号	あんごう	mật mã	
下っ端	したっぱ	lính quèn, tay chân	
押収	おうしゅう	tịch thu	
各行	かくこう	mỗi dòng	
注目	ちゅうもく	chú ý	
文字数	もじすう	số chữ	
乗じる	じょうじる	thừa cơ, lợi dụng	
雁首	がんくび	cái đầu (雁首を揃える: đông đủ)	
一味	いちみ	đồng bọn	
ちくしょう	ちくしょう	chết tiệt	
捻る	ひねる	vặn, xoay; nghĩ thêm	
根拠	こんきょ	căn cứ	
嫉妬	しっと	ghen tị	
浮気	うわき	lăng nhăng, ngoại tình	
連行	れんこう	dẫn giải	
愛用	あいよう	dùng yêu thích	
鎮守	ちんじゅ	thần hộ trấn (rừng đền)	
提げる	ひっさげる	xách, cầm	さげる
呪う	のろう	nguyền rủa	
隠る	こもる	ẩn nấp (隠れる)	かくれる
木の間	このま	kẽ cây	
ぶらさがる	ぶらさがる	treo lủng lẳng	
つるす	つるす	treo	
冴える	さえる	minh mẫn, sắc sảo	
吊るす	つるす	treo	
たどる	たどる	lần theo	
手繰る	たぐる	kéo (dây) về, lần theo	
竹筒	たけづつ	ống tre	
唸り	うなり	tiếng gầm gừ, rên	
洞穴	ほらあな	hang động	
寄せつける	よせつける	cho lại gần	
盗品	とうひん	đồ ăn cắp	
隠し場所	かくしばしょ	chỗ giấu	
牢	ろう	nhà lao	
縮む	ちぢむ	co lại, rút ngắn	
百物語	ひゃくものがたり	truyện ma	
恐怖	きょうふ	sợ hãi	
化けの皮	ばけのかわ	bộ mặt giả	
剥がす	へがす	lột, bóc	はがす
引き立てる	ひきたてる	giải đi; đề bạt	
蔵	くら	kho	
家宝	かほう	gia bảo	
閂		then cài cửa	かんぬき
密室	みっしつ	phòng kín	
出入り	でいり	ra vào	
床下	ゆかした	gầm sàn	
つっかえる	つっかえる	mắc kẹt, vướng	
床板	とこいた	ván sàn	ゆかいた
釘	くぎ	đinh	
トンネル	とんねる	đường hầm	
番頭	ばんがしら	quản lý cửa hàng	ばんとう
抜け穴	ぬけあな	lối đi bí mật	
隣家	りんか	nhà bên cạnh	
とうさん	とうさん	-	
造り	つくり	cấu trúc	
なげとばす	なげとばす	quăng, ném đi	
心張り	しんばり	(心張り棒) gậy chặn cửa	
翻す	ひるがえす	lật; xoay (người)	
組み伏せる	くみふせる	đè xuống, khống chế	
ひとつ話	ひとつばなし	một câu chuyện	
にくむ	にくむ	ghét, căm hận	
歪める	ゆがめる	làm méo mó, bóp méo	
踏み外す	ふみはずす	trượt chân; lạc lối	
置き手紙	おきてがみ	thư để lại	
宣戦	せんせん	tuyên chiến	
布告	ふこく	bố cáo, tuyên bố	
悲しみ	かなしみ	nỗi buồn	
羅針盤	らしんばん	la bàn	
捕物	とりもの	bắt tội phạm	
奇想天外	きそうてんがい	kỳ lạ không tưởng	
荒唐無稽	こうとうむけい	hoang đường	
とこう	とこう	cùng giải (解こう)	
無意識	むいしき	vô thức	
修羅場	しゅらば	cảnh khốc liệt	
磨ける	みがける	có thể mài giũa	
汚れ	よごれ	vết bẩn	
損ねる	そこねる	lỡ, không kịp (làm)	
赤土	あかつち	đất đỏ	
堅実	けんじつ	chắc chắn, vững vàng	
揚げ物	あげもの	đồ chiên	
揚げたて	あげたて	vừa chiên xong	
歯ごたえ	はごたえ	độ giòn dai	
もたれる	もたれる	đầy bụng, khó tiêu	
サンド	さんど	bánh kẹp (sandwich)	
献立	こんだて	thực đơn	
捜査	そうさ	điều tra	
役職	やくしょく	chức vụ	
上役	うわやく	cấp trên	
文字通り	もじどおり	đúng nghĩa đen	
快い	こころよい	dễ chịu, vui vẻ	
熱烈	ねつれつ	nhiệt liệt, cuồng nhiệt	
信奉	しんぽう	tôn sùng	
睨む	にらむ	lườm, trừng mắt	
やたら	やたら	quá mức, cứ	
ほそい	ほそい	mảnh, mỏng	
表向き	おもてむき	bề ngoài	
名簿	めいぼ	danh sách	
駒	こま	quân cờ	
ころがす	ころがす	lăn	
賽子	さいころ	xúc xắc	
転がす	ころがす	lăn	
切り札	きりふだ	át chủ bài	
茶室	ちゃしつ	phòng trà	
卓上	たくじょう	trên bàn	
見取り図	みとりず	bản vẽ sơ đồ	
しのびこむ	しのびこむ	lẻn vào	
下調べ	したしらべ	tìm hiểu trước	
手札	しゅさつ	bài trên tay	てふだ
読み切る	よみきる	đọc thấu	
忍び寄る	しのびよる	lén đến gần	
迎え撃つ	むかえうつ	nghênh chiến	
絡める	からめる	quấn, vướng	
倒れ込む	たおれこむ	ngã gục	
余分	よぶん	thừa, dư	
本道	ほんどう	-	
劇	げき	kịch	
人だかり	ひとだかり	đám đông tụ tập	
それとなく	それとなく	khéo léo, bóng gió	
いわく	いわく	theo lời (ai đó)	
目印	めじるし	dấu hiệu	
切り上げる	きりあげる	kết thúc, dừng lại	
前途	ぜんと	tiền đồ, tương lai	
祝す	しゅくす	chúc mừng	
片方	かたほう	một bên	
つむる	つむる	nhắm (mắt)	
あおる	あおる	uống cạn một hơi	
くり	くり	-	
入れかえる	いれかえる	đổi chỗ, tráo	
眠り薬	ねむりぐすり	thuốc ngủ	
すり替える	すりかえる	đánh tráo	
ととのう	ととのう	sẵn sàng, chuẩn bị xong	
手下	てした	thuộc hạ	
物々しい	ものものしい	rầm rộ, nghiêm ngặt	
みはる	みはる	-	
羽織	はおり	áo khoác haori	
じろりと	じろりと	(nhìn) chằm chằm	
ねめる	ねめる	lườm, trừng (ねめつける)	
まして	まして	-	
持ち帰る	もちかえる	mang về	
すりかえる	すりかえる	đánh tráo	
出向く	でむく	đích thân đến	
トリック	とりっく	mánh khóe, trò lừa	
狡猾	こうかつ	xảo quyệt	
原本	げんぽん	bản gốc	
明晩	みょうばん	tối mai	
おもてだつ	おもてだつ	công khai	
表立つ	おもてだつ	công khai	
白日	はくじつ	ban ngày (白日の下: ra ánh sáng)	
晒す	さらす	phơi bày	
スリル	すりる	cảm giác hồi hộp	
滅多	めった	hiếm (滅多にない)	
たいまつ	たいまつ	đuốc	
松明	たいまつ	đuốc	
おじゃま	おじゃま	làm phiền (おじゃまする)	
取り込み	とりこみ	sự bận rộn (お取り込み中)	
不敵	ふてき	táo tợn, ngạo nghễ	
読み切れる	よみきれる	có thể đọc thấu	
包囲	ほうい	bao vây	
突き破る	つきやぶる	phá vỡ, xuyên thủng	
勝者	しょうしゃ	người thắng	
渋み	しぶみ	vị chát	
通	つう	người sành	
くじ引き	くじびき	bốc thăm	
勝負事	しょうぶごと	trò thắng thua, cá cược	
思い切る	おもいきる	mạnh dạn, quyết tâm	
裏通り	うらどおり	phố sau, hẻm	
町人	ちょうにん	thị dân	
スピード	すぴいど	tốc độ	すぴーど
一抱え	ひとかかえ	một ôm	
ドンッ	どんっ	(tiếng) rầm	
いてる	いてる	-	
綺	あやぎぬ	-	
配達員	はいたついん	nhân viên giao hàng	
力持ち	ちからもち	người khỏe mạnh	
軽々	かるがる	nhẹ nhàng, dễ dàng	
または	または	-	
吹っ飛ぶ	ふっとぶ	bay biến, văng đi	
待ちわびる	まちわびる	mong đợi mỏi mòn	
ほころばせる	ほころばせる	tươi cười (顔をほころばせる)	
繊細	せんさい	tinh tế, mỏng manh	
梱包	こんぽう	đóng gói	
すき間	すきま	khe hở	
揺する	ゆする	lắc	
じいっと	じいっと	chằm chằm	
落ち着き	おちつき	sự điềm tĩnh	
寝心地	ねごこち	cảm giác khi nằm	
強度	きょうど	độ bền	
寝床	ねどこ	chỗ ngủ	
欠け	かけ	chỗ sứt mẻ	
小雨	こさめ	mưa nhỏ	
宛名	あてな	tên người nhận	
ひしめき合う	ひしめきあう	chen chúc	
ぴょんと	ぴょんと	(nhảy) phốc	
抜け道	ぬけみち	lối tắt	
縄張り	なわばり	lãnh địa	
婦人	ふじん	phụ nữ, quý bà	
煮干	にぼし	cá cơm khô	
血相	けっそう	sắc mặt (血相を変える: biến sắc)	
神事	しんじ	lễ thần	
日没	にちぼつ	mặt trời lặn	
競争	きょうそう	chạy đua, thi đua	
脚力	きゃくりょく	sức chân	
時には	ときには	đôi khi	
近道	ちかみち	đường tắt	
鳥居	とりい	cổng torii	
かろうじて	かろうじて	vừa kịp, suýt soát	
恭しい	うやうやしい	cung kính	
韋		-	
見入る	みいる	say mê ngắm	
伏せ	ふせ	cụp xuống (伏せる)	
わする	わする	-	
まぎれる	まぎれる	khuây khỏa (気がまぎれる)	
しぶき	しぶき	bọt nước bắn	
抱きとめる	だきとめる	ôm giữ lấy	
ずぶ	ずぶ	-	
びしょ濡れ	びしょぬれ	ướt sũng	
かわかす	かわかす	hong khô	
ぽつり	ぽつり	(nói) khẽ, lẩm bẩm	
ようかい	ようかい	yêu quái	
きゅっと	きゅっと	thắt lại (lòng)	
はと	はと	-	
色あせる	いろあせる	phai màu	
もじもじ	もじもじ	ngượng ngùng, lúng túng	
詰め込める	つめこめる	có thể nhồi vào	
すっぽり	すっぽり	vừa khít, lọt thỏm	
ぬくぬく	ぬくぬく	ấm áp dễ chịu	
するする	するする	có chứ (する lặp lại)	
並木	なみき	hàng cây	
最速	さいそく	nhanh nhất	
金属	きんぞく	kim loại	
守衛	しゅえい	vệ binh, người gác	
赤毛	あかげ	tóc đỏ	
耳元	みみもと	bên tai	
拾える	ひろえる	có thể thu được	
来訪	らいほう	viếng thăm (来訪者: người đến)	
たいせき	たいせき	-	
朽ちる	くちる	mục nát	
横たわる	よこたわる	nằm dài	
闊歩	かっぽ	sải bước, đi nghênh ngang	
起動	きどう	khởi động	
残骸	ざんがい	xác, tàn tích	
解析	かいせき	phân tích	
動力	どうりょく	động lực, nguồn năng lượng	
とどめる	とどめる	đòn kết liễu (とどめを刺す)	とどめ
部族	ぶぞく	bộ tộc	
追放	ついほう	trục xuất	
生き抜く	いきぬく	sống sót, vượt qua	
出どころ	でどころ	nguồn gốc	
指し示す	さししめす	chỉ ra	
イノシシ	いのしし	lợn rừng	
体躯	たいく	thân hình	
串焼き	くしやき	xiên nướng	
道筋	みちすじ	lộ trình, đường đi	
首飾り	くびかざり	vòng cổ	
扱える	あつかえる	có thể sử dụng	
丸焼き	まるやき	nướng nguyên con	
馴染み	なじみ	quen thuộc	
壮観	そうかん	hùng vĩ, tráng lệ	
よそ者	よそもの	người ngoài	
何気ない	なにげない	bình thường, vô tình	
寝坊	ねぼう	ngủ dậy muộn	
匂う	におう	tỏa mùi; mùi hương (匂い)	
極寒	ごっかん	cực lạnh	
白銀	はくぎん	bạc trắng	
みだりに	みだりに	tùy tiện	
げに	げに	-	
事足りる	ことたりる	đủ dùng	
疎い	うとい	không rành, kém hiểu biết	
ざわつく	ざわつく	xôn xao, xao động	
まるごと	まるごと	nguyên cả, toàn bộ	
貨幣	かへい	tiền tệ	
相場	そうば	giá thị trường	
常々	つねづね	thường xuyên, luôn luôn	
止	とめ	-	
説く	とく	giảng giải, thuyết giảng	
腑	ふ	ruột gan (腑に落ちる: vỡ lẽ)	
ひも	ひも	dây	
なう	なう	-	
ほうし	ほうし	phương sĩ, pháp sư	
荒ぶ	すさぶ	hung bạo, cuồng nộ	あらぶ
人里	ひとざと	nơi có người ở, làng xóm	
ちちと	ちちと	-	
蘇る	よみがえる	hồi sinh	
引き換え	ひきかえ	đổi lấy	
生きのびる	いきのびる	sống sót	
討ち果たす	うちはたす	tiêu diệt	
独りぼっち	ひとりぼっち	cô độc một mình	
生きぬく	いきぬく	sống sót, vượt qua	
菫	すみれ	-	
スター	すたあ	ngôi sao	すたー
名高い	なだかい	nổi tiếng	
劈		-	
語り継ぐ	かたりつぐ	truyền lại, kể lại	
値する	あたいする	xứng đáng	
孤高	ここう	cô độc cao ngạo	
捨て去る	すてさる	vứt bỏ	
思い悩む	おもいなやむ	trăn trở, phiền muộn	
息災	そくさい	mạnh khỏe	
至	いたり	đạt tới (至る)	いたる
境地	きょうち	cảnh giới	
つかめる	つかめる	có thể nắm lấy	
占い師	うらないし	thầy bói	
命運	めいうん	vận mệnh	
煞		-	
遠ざける	とおざける	tránh xa, giữ khoảng cách	
手首	てくび	cổ tay	
必ずや	かならずや	nhất định	
マーボー	まあぼう	mapo (món Tứ Xuyên)	まーぼー
婆	ばば	-	
てんてん	てんてん	-	
甜		-	
不得手	ふえて	không giỏi, kém	
第一声	だいいっせい	câu hát đầu tiên	
終演	しゅうえん	kết thúc buổi diễn	
翰		-	
座長	ざちょう	trưởng đoàn kịch	
高名	こうみょう	danh tiếng lớn	
一座	いちざ	cả đoàn (kịch)	
いふ	いふ	-	
劇団	げきだん	đoàn kịch	
圧倒	あっとう	áp đảo, choáng ngợp	
所作	しょさ	cử chỉ, điệu bộ	
節回し	ふしまわし	cách luyến láy, giai điệu	
芸	げい	nghệ thuật, tài nghệ	
目当て	めあて	mục đích nhắm tới	
観劇	かんげき	xem kịch	
虜	とりこ	người bị mê hoặc	
名優	めいゆう	danh diễn viên	
開店	かいてん	mở cửa hàng	
がらん	がらん	trống trải, vắng tanh	
趟		-	
鞭	むち	roi	
駿馬	しゅんめ	tuấn mã	
駆けだす	かけだす	chạy ra	
たてがみ	たてがみ	bờm (ngựa)	
疾走	しっそう	phi nhanh	
ためし	ためし	thử	
見よい	みよい	-	
羽目	はめ	tình cảnh (羽目になる: rốt cuộc phải)	
柔軟	じゅうなん	mềm dẻo	
韻書	いんしょ	sách vần	
暗記	あんき	học thuộc lòng	
立ち上がれる	たちあがれる	có thể đứng dậy	
思い描く	おもいえがく	hình dung	
楽屋	がくや	hậu trường	
宝剣	ほうけん	bảo kiếm	
小道具	こどうぐ	đạo cụ nhỏ	
軍隊	ぐんたい	quân đội	
総称	そうしょう	gọi chung	
大河	たいが	sông lớn	
年配	ねんぱい	lớn tuổi	
古参	こさん	kỳ cựu	
孫娘	まごむすめ	cháu gái	
ひょっこり	ひょっこり	bất ngờ ló ra	
ぶちかます	ぶちかます	chơi (một trận) ra trò	
妙案	みょうあん	diệu kế, ý hay	
着想	ちゃくそう	ý tưởng, cảm hứng	
熱狂	ねっきょう	cuồng nhiệt	
人波	ひとなみ	biển người	
聴き入る	ききいる	say mê lắng nghe	
どら	どら	chiêng, đồng la	
鑼		-	
いたずらっぽい	いたずらっぽい	tinh nghịch	
人差し指	ひとさしゆび	ngón trỏ	
相応	そうおう	tương xứng (年相応: đúng tuổi)	
はやり	はやり	-	
それでいて	それでいて	tuy vậy, đồng thời	
立ち回り	たちまわり	cảnh đánh võ (sân khấu)	
鱗	うろこ	vảy (目から鱗: vỡ lẽ)	
破れ	やぶれ	rách (破れ旗: cờ rách)	
くぐり抜ける	くぐりぬける	vượt qua, luồn qua	
かがり火	かがりび	lửa đuốc, lửa trại	
惜しみ	おしみ	sự tiếc (惜しみない: không tiếc)	
喝采	かっさい	hoan hô, tán thưởng	
運び	はこび	chuyển động, đưa (mắt)	
行き届く	いきとどく	chu đáo, tới nơi tới chốn	
一段	いちだん	thêm một bậc	
深み	ふかみ	chiều sâu	
引き締まる	ひきしまる	căng người, nghiêm túc lại	
見識	けんしき	kiến thức, tầm nhìn	
見合う	みあう	tương xứng	
頷く	うなずく	gật đầu, tán thành	
経緯	けいい	ngọn ngành, quá trình	
境目	さかいめ	ranh giới	
そで	そで	tay áo	
ちらっ	ちらっ	(liếc) nhìn trộm	
特設	とくせつ	lập riêng, đặc biệt	
うまく	うまく	khéo léo, giỏi	
一声	いっせい	một tiếng (hát)	ひとこえ
歌い上げる	うたいあげる	hát vang, hát trọn	
深々	ふかぶか	sâu (cúi đầu thật sâu)	
翹		-	
楚	すわえ	-	
坤	ひつじさる	-	
岸辺	きしべ	bờ, bờ biển	
かなしみ	かなしみ	nỗi buồn	
哀しみ	かなしみ	nỗi buồn, sầu muộn	
親子	おやこ	cha mẹ và con	
迷子	まいご	trẻ lạc; bị lạc đường	
一輪	いちりん	một bông (hoa)	
幕切れ	まくぎれ	cảnh hạ màn; kết thúc	
初日	しょにち	ngày đầu, buổi diễn đầu tiên	
書き下ろす	かきおろす	viết mới (kịch bản)	
とりこ	とりこ	người say mê; bị mê hoặc	
華やかさ	はなやかさ	vẻ lộng lẫy, rực rỡ	
反す	はんす	trái với, ngược với	はんする
微塵	みじん	một chút xíu (微塵も: không chút nào)	
とくと	とくと	kỹ càng, thật kỹ	
後学	こうがく	để học hỏi sau này	
裁判	さいばん	xét xử, phiên tòa	
在り方	ありかた	cách thức, dáng vẻ vốn có	
蒔く	まく	gieo (hạt)	
体型	たいけい	vóc dáng, thân hình	
ぐっと	ぐっと	(cố) nén chặt; mạnh mẽ	
いため	いため	món xào	
千秋楽	せんしゅうらく	buổi diễn cuối cùng	
思い切り	おもいきり	thỏa thích, hết mức	
お誘い	おさそい	lời mời	
銘柄	めいがら	nhãn hiệu, loại (trà)	
聡明	そうめい	thông minh, sáng suốt	
見せ場	みせば	cảnh đắt giá, cao trào	
モンスター	もんすたあ	quái vật	もんすたー
はらはら	はらはら	hồi hộp, thấp thỏm	
詰所	つめしょ	trạm gác, đồn	
只者	ただもの	người bình thường (只者じゃない: không tầm thường)	
お納め	おおさめ	nộp (khiêm nhường)	
身柄	みがら	thân (người bị giam giữ)	
引き渡し	ひきわたし	bàn giao, giao trả	
娑婆	しゃば	thế giới bên ngoài (ngoài nhà tù)	
さわがしい	さわがしい	ồn ào	
騒がせる	さわがせる	gây ồn ào, làm náo động	
頭脳	ずのう	bộ óc, trí não	
豪快	ごうかい	hào sảng, sảng khoái	
目元	めもと	vùng mắt, ánh mắt	
縮こまる	ちぢこまる	co rúm lại	
哀れ	あわれ	đáng thương	
情け	なさけ	lòng thương, tình cảm	
くぎ	くぎ	cái đinh	
材木	ざいもく	gỗ, vật liệu gỗ	
手配	てはい	sắp xếp, chuẩn bị	
肩代わり	かたがわり	gánh thay, trả thay	
かなづち	かなづち	cái búa	
金槌	かなづち	cái búa	
けっきょ	けっきょ	-	
参拝	さんぱい	đi lễ đền, viếng đền	
景気づけ	けいきづけ	lấy khí thế, lấy may	
引き当てる	ひきあてる	bốc trúng, rút trúng	
運勢	うんせい	vận may, vận mệnh	
すかさず	すかさず	lập tức, không chần chừ	
気休め	きやすめ	an ủi tạm thời	
えさ	えさ	thức ăn (cho vật nuôi), mồi	
習わし	ならわし	tập quán, lệ	
手慣れる	てなれる	thành thạo, quen tay	
しきたり	しきたり	lề lối, tục lệ	
とっくむ	とっくむ	-	
まてる	まてる	-	
大物	おおもの	con to, cá lớn; nhân vật lớn	
猛然と	もうぜんと	mãnh liệt, dữ dội	
斜面	しゃめん	sườn dốc	
足首	あしくび	cổ chân	
ひねる	ひねる	vặn, trẹo	
捻挫	ねんざ	bong gân	
きゅうきゅう	きゅうきゅう	cấp cứu	
応急	おうきゅう	cấp cứu, sơ cứu	
たしなむ	たしなむ	có hiểu biết, thành thạo (たしなみ: kỹ năng cơ bản)	
医療	いりょう	y tế	
細々	こまごま	lặt vặt, vụn vặt	
片っ端	かたっぱし	tất cả, hết lượt (片っ端から)	
最低	さいてい	ít nhất; tệ nhất	
安静	あんせい	nghỉ ngơi tĩnh dưỡng	
転げ落ちる	ころげおちる	lăn xuống, ngã lăn xuống	
出店	しゅってん	mở quầy hàng	
申請	しんせい	xin phép, nộp đơn	
母御	ははご	mẹ (kính ngữ)	
心待ち	こころまち	mong đợi, háo hức chờ	
朱印	しゅいん	con dấu đỏ	
家系	かけい	dòng dõi, gia hệ	
台詞	だいし	lời thoại, câu nói	せりふ
臆面	おくめん	vẻ ngại ngùng (臆面もなく: trơ trẽn)	
足どり	あしどり	bước chân, dáng đi	
本殿	ほんでん	chính điện	
一式	いっしき	trọn bộ	
ごろつき	ごろつき	kẻ côn đồ	
とおせる	とおせる	-	
手土産	てみやげ	quà biếu mang theo	
おせる	おせる	-	
へつらう	へつらう	nịnh bợ, xu nịnh	
第三者	だいさんしゃ	bên thứ ba, người ngoài cuộc	
見積もり	みつもり	bảng báo giá, ước tính	
修繕	しゅうぜん	sửa chữa, tu sửa	
行為	こうい	hành vi	
暴漢	ぼうかん	kẻ côn đồ, kẻ hung bạo	
損害	そんがい	thiệt hại	
全額	ぜんがく	toàn bộ số tiền	
弁済	べんさい	bồi thường, trả nợ	
釈放	しゃくほう	phóng thích	
無理強い	むりじい	ép buộc	
思い返す	おもいかえす	nhớ lại, nghĩ lại	
野伏	のぶせり	thổ phỉ, lãng nhân	
土俵	どひょう	võ đài (sumo)	
よりによって	よりによって	đúng lúc (xui xẻo), sao lại đúng	
出払う	ではらう	đi vắng hết	
交差	こうさ	giao nhau, bắt chéo	
這う	はう	bò (這う這うの体: chạy trối chết)	
きまって	きまって	được định sẵn; luôn luôn	
すっ飛ぶ	すっとぶ	phóng tới, lao đến	
調理	ちょうり	nấu nướng, chế biến	
免許	めんきょ	giấy phép, bằng lái	
船舶	せんぱく	tàu thuyền	
憎める	にくめる	có thể ghét (憎めない: dễ mến)	
弁護	べんご	bào chữa, biện hộ	
根幹	こんかん	cốt lõi, nền tảng	
筋道	すじみち	trình tự, mạch lạc	
パズル	ぱずる	câu đố, trò xếp hình	
潰れる	つぶれる	bị phá hỏng; bị bẹp	
息抜き	いきぬき	xả hơi, nghỉ ngơi	
満腹	まんぷく	no bụng	
はらえる	はらえる	trả (tiền) được	
払える	はらえる	trả (tiền) được	
なまる	なまる	-	
必然	ひつぜん	tất yếu, tất nhiên	
きょうか	きょうか	hoa trong gương	
ふうし	ふうし	dáng vẻ, phong thái	
風姿	ふうし	dáng vẻ, phong thái	
まんまと	まんまと	trót lọt, dễ dàng (bị lừa)	
書斎	しょさい	phòng đọc sách	
取りやめ	とりやめ	hủy bỏ	
でたらめ	でたらめ	bịa đặt, vớ vẩn	
源泉	げんせん	nguồn gốc, ngọn nguồn	
二束三文	にそくさんもん	giá rẻ mạt	
買い占める	かいしめる	mua gom hết	
黒装束	くろしょうぞく	trang phục đen	
差出人	さしだしにん	người gửi	
素性	すじょう	lai lịch, thân thế	
掴める	つかめる	nắm bắt được	
抜け出す	ぬけだす	trốn ra, lẻn ra	
休まる	やすまる	được thư thái, nghỉ ngơi	
湯呑み	ゆのみ	chén uống trà	
ときには	ときには	đôi khi	
冷徹	れいてつ	lạnh lùng, cứng rắn	
よどみ	よどみ	chỗ nước đọng; sự ngưng trệ	
取り合う	とりあう	nắm lấy nhau, hợp sức; tranh giành	
ひとりひとり	ひとりひとり	từng người một	
川底	かわぞこ	đáy sông	
汲む	くむ	múc (nước)	
素顔	すがお	bộ mặt thật; mặt mộc	
駆け引き	かけひき	mưu mẹo, đấu trí	
こま	こま	quân cờ	
とっく	とっく	từ lâu (とっくの昔: từ lâu rồi)	
負けず嫌い	まけずぎらい	hiếu thắng, không chịu thua	
シンボル	しんぼる	biểu tượng	
名店	めいてん	quán nổi tiếng	
あえる	あえる	gặp được	
アビディア	あびでぃあ	-	
幹	みき	thân cây	
家々	いえいえ	các ngôi nhà	
曲がり角	まがりかど	góc rẽ	
ならい	ならい	-	
見習い	みならい	học việc, tập sự	
半人前	はんにんまえ	chưa thành thạo, non tay	
倒木	とうぼく	cây đổ	
立ち上る	たちのぼる	bốc lên	
くすぶる	くすぶる	cháy âm ỉ	
火種	ひだね	mồi lửa, tàn lửa	
恐縮	きょうしゅく	áy náy, ngại ngùng	
はずれ	はずれ	rìa, ngoại ô (村はずれ)	
添削	てんさく	sửa bài, chữa bài	
けだし	けだし	-	
たりる	たりる	đủ	
呼び止める	よびとめる	gọi lại, gọi dừng	
パティサラ	ぱてぃさら	hoa Padisarah (tên loài hoa)	
らっぱ	らっぱ	-	
原っぱ	はらっぱ	bãi cỏ, cánh đồng	
名札	なふだ	thẻ tên, nhãn tên	
すね	すね	-	
スラスラ	すらすら	trôi chảy, lưu loát	
進歩	しんぽ	tiến bộ	
一つひとつ	ひとつひとつ	từng cái một	
申し分	もうしぶん	điều chê trách (申し分ない: hoàn hảo)	
上達	じょうたつ	tiến bộ (kỹ năng)	
端切れ	はぎれ	mảnh vải vụn	
縫い上げる	ぬいあげる	may xong	
ぬいぐるみ	ぬいぐるみ	thú nhồi bông	
とがる	とがる	nhọn	
あやつる	あやつる	điều khiển (あやつり人形: con rối)	
操り	あやつり	điều khiển (操り人形: con rối)	
打ち合わせ	うちあわせ	bàn bạc trước	
ガオー	がおう	(tiếng gầm) gừ, gào	がおー
ガオーッ	がおうっ	(tiếng gầm) gào	がおーっ
ひねり	ひねり	vặn (ひとひねり: hạ dễ dàng)	
やっつける	やっつける	đánh bại, hạ gục	
まっ青	まっさお	xanh mét, tái mét	
うごける	うごける	có thể cử động	
マハマトラ	まはまとら	Mahamatra (đội giám sát Giáo Viện)	
急速	きゅうそく	nhanh chóng	
先行	せんこう	đi trước	
合流	ごうりゅう	hội quân, nhập lại	
やり遂げる	やりとげる	hoàn thành, làm đến cùng	
うろうろ	うろうろ	lảng vảng, loanh quanh	
内部	ないぶ	bên trong	
よどむ	よどむ	tù đọng, ngưng trệ	
靄		sương mù mỏng	もや
さまよう	さまよう	lang thang, đi lạc	
気味が悪い	きみがわるい	rợn người, ghê	
脳裏	のうり	trong đầu, tâm trí	
晴れ渡る	はれわたる	trời quang đãng	
枯れ草	かれくさ	cỏ khô	
おだやか	おだやか	bình yên, êm đềm	
なるい	なるい	-	
すらすら	すらすら	trôi chảy, lưu loát	
見分ける	みわける	phân biệt	
ドラゴン	どらごん	con rồng	
恵み	めぐみ	ân huệ; sản vật (thiên nhiên)	
グランド	ぐらんど	lớn (grand)	
天幕	てんまく	lều, mái bạt	
香辛料	こうしんりょう	gia vị	
ドリー・サングマハベイ	どりい・さんぐまはべい	-	
もうけ	もうけ	lợi nhuận, tiền lời	
来店	らいてん	đến cửa hàng	
商魂	しょうこん	tinh thần buôn bán	
スメールローズ	すめえるろうず	hoa hồng Sumeru	すめーるろーず
耳寄り	みみより	(tin) đáng nghe, hấp dẫn	
商談	しょうだん	đàm phán kinh doanh	
ねぎる	ねぎる	mặc cả, trả giá	
おつもり	おつもり	ý định (kính ngữ)	
納期	のうき	hạn giao hàng	
がめつい	がめつい	tham tiền, keo kiệt	
様相	ようそう	-	
花束	はなたば	bó hoa	
算段	さんだん	tính toán, xoay xở	
舞い込む	まいこむ	bất ngờ đến	
探し求める	さがしもとめる	tìm kiếm	
か弱い	かよわい	yếu đuối, mảnh mai	
上部	じょうぶ	phần trên	
がくし	がくし	-	
長年の夢	ながねんのゆめ	giấc mơ bao năm	
福の神	ふくのかみ	thần may mắn	
ばらす	ばらす	tiết lộ, để lộ	
抗議	こうぎ	phản đối, phản kháng	
にぎりしめる	にぎりしめる	nắm chặt	
透かし	すかし	hoa văn chạm thủng	
持ち運べる	もちはこべる	có thể mang theo	
赤字	あかじ	lỗ, thâm hụt	
売上	うりあげ	doanh thu	
巾着	きんちゃく	túi rút dây	
集落	しゅうらく	làng, khu dân cư	
前払い	まえばらい	trả trước	
追いはらう	おいはらう	xua đuổi	
撃退	げきたい	đánh lui	
深手	ふかで	vết thương nặng	
至急	しきゅう	khẩn cấp	
ひと安心	ひとあんしん	tạm yên tâm	
ひやひや	ひやひや	thót tim, lo sợ	
アフターサービス	あふたあさあびす	dịch vụ hậu mãi	あふたーさーびす
補充	ほじゅう	bổ sung	
働き手	はたらきて	người lao động	
オプション	おぷしょん	tùy chọn (dịch vụ thêm)	
秘宝	ひほう	báu vật bí ẩn	
譲り	ゆずり	nhượng lại, bán lại	
にこやか	にこやか	tươi cười	
しか	しか	-	
激	げき	cực kỳ (激安: siêu rẻ)	
ルーペ	るうぺ	kính lúp	るーぺ
検分	けんぶん	kiểm tra, xem xét	
かかれる	かかれる	được vẽ, được viết	
塗料	とりょう	sơn	
安物	やすもの	đồ rẻ tiền	
大もうけ	おおもうけ	lãi to	
売り抜ける	うりぬける	bán tháo (kiếm lời)	
大儲け	おおもうけ	lãi to	
元手	もとで	vốn, tiền vốn	
マーク	まあく	dấu hiệu, ký hiệu	まーく
袖口	そでぐち	cổ tay áo	
舌打ち	したうち	tặc lưỡi	
狼藉	ろうぜき	hành vi càn quấy	
弾	たま	viên đạn, quả cầu	
もうかる	もうかる	có lời, kiếm được tiền	
儲け	もうけ	lợi nhuận	
買い戻せる	かいもどせる	có thể mua lại	
値引き	ねびき	giảm giá	
汚い	きたない	bẩn, dơ	
人通り	ひとどおり	người qua lại	
店じまい	みせじまい	đóng cửa hàng	
珍品	ちんぴん	đồ quý hiếm	
数々	かずかず	nhiều, vô số	
築き上げる	きずきあげる	xây dựng nên	
積み重なる	つみかさなる	chồng chất	
破格	はかく	đặc biệt, phá lệ	
狂う	くるう	rối loạn, lệch (調子が狂う)	
高級	こうきゅう	cao cấp	
節約	せつやく	tiết kiệm	
こつこつ	こつこつ	cần mẫn, từng chút một	
旅費	りょひ	lộ phí, tiền đi đường	
牙城	がじょう	thành trì, pháo đài	
付け所	つけどころ	chỗ để mắt (目の付け所: con mắt tinh)	
管轄	かんかつ	thẩm quyền, phạm vi phụ trách	
言い出す	いいだす	nói ra, đề xuất	
最新	さいしん	mới nhất	
測量	そくりょう	đo đạc	
人泣かせ	ひとなかせ	làm khổ người khác	
無欲	むよく	không tham lam	
欲する	ほっする	mong muốn	
喉	のど	cổ họng	
しかと	しかと	chắc chắn, rõ ràng	
貯まる	たまる	tích lũy (tiền)	
寝かす	ねかす	đặt nằm, cho ngủ	
雨林	うりん	rừng mưa	
湿気	しっけ	độ ẩm, hơi ẩm	
かんな	かんな	-	
猛毒	もうどく	kịch độc	
腹ごしらえ	はらごしらえ	ăn lót dạ	
からまる	からまる	vướng, quấn vào	
太い	ふとい	to, dày	
絡みつく	からみつく	quấn chặt	
どかす	どかす	dời đi, dẹp sang bên	
助け出す	たすけだす	cứu ra	
引き上げる	ひきあげる	kéo lên	
言い方	いいかた	cách nói	
落着	らくちゃく	giải quyết xong (一件落着)	
ちっとも	ちっとも	chẳng chút nào	
草花	くさばな	hoa cỏ	
確実	かくじつ	chắc chắn	
新芽	しんめ	chồi non	
心細い	こころぼそい	bất an, lo lắng	
みまわる	みまわる	đi tuần tra	
封蝋	ふうろう	dấu niêm phong sáp	
アムリタ	あむりた	-	
学院	がくいん	học viện	
講義	こうぎ	bài giảng	
スメールシティ	すめえるしてぃ	-	
文献	ぶんけん	tài liệu, văn bản	
枯れ木	かれき	cây khô	
寄生	きせい	ký sinh	
実物	じつぶつ	vật thật	
異様	いよう	kỳ lạ, bất thường	
重たい	おもたい	nặng nề	
水不足	みずぶそく	thiếu nước	
兆す	きざす	có dấu hiệu (兆し: điềm báo)	
えんご	えんご	yểm trợ	
前衛	ぜんえい	tiền vệ, tuyến đầu	
やから	やから	-	
命中	めいちゅう	trúng đích	
育む	はぐくむ	nuôi dưỡng	
盛衰	せいすい	thịnh suy	
さかえる	さかえる	thịnh vượng	
栄える	さかえる	thịnh vượng	
衰える	おとろえる	suy tàn, yếu đi	
ぐずぐず	ぐずぐず	chần chừ, lề mề	
聖	ひじり	thánh	せい
召喚	しょうかん	triệu hồi	
つぼみ	つぼみ	nụ hoa	
一夜	いちや	một đêm	
力いっぱい	ちからいっぱい	hết sức, dốc sức	
ちぎる	ちぎる	xé, bứt	
むしる	むしる	nhổ, bứt	
はなはだ	はなはだ	rất, vô cùng	
氾濫	はんらん	lũ tràn, ngập lụt	
水かさ	みずかさ	mực nước	
押し倒す	おしたおす	xô đổ, đẩy ngã	
つれもどす	つれもどす	đưa về	
岸	きし	bờ	
小鳥	ことり	chim nhỏ	
実る	みのる	kết trái	
因果	いんが	nhân quả	
実り	みのり	thành quả, mùa quả	
窓際	まどぎわ	bên cửa sổ	
腐れ	くされ	thối rữa (根腐れ: thối rễ)	
ハーブ	はあぶ	thảo mộc	はーぶ
見分け	みわけ	sự phân biệt	
むやみ	むやみ	bừa bãi, liều lĩnh	
せせらぎ	せせらぎ	tiếng suối róc rách	
長老	ちょうろう	trưởng lão	
化学	かがく	hóa học	
行き詰まる	いきづまる	bế tắc	
作物	さくもつ	cây trồng, nông sản	
物静か	ものしずか	trầm lặng	
若木	わかぎ	cây non	
しなやか	しなやか	mềm mại, uyển chuyển	
踊り子	おどりこ	vũ công	
誕		sinh ra (誕生)	たん
シアター	しあたあ	nhà hát	しあたー
裏庭	うらにわ	sân sau	
ぱあっと	ぱあっと	bừng lên, rạng rỡ	
消え入る	きえいる	lịm đi, nhỏ dần	
小石	こいし	hòn sỏi	
救い出す	すくいだす	cứu ra	
おどりでる	おどりでる	-	
それる	それる	-	
温か	あたたか	ấm áp	
雫	しずく	giọt nước	
ほぐれる	ほぐれる	dịu đi, được thư giãn	
道すがら	みちすがら	dọc đường	
古びる	ふるびる	cũ kỹ	
模	も	mô phỏng (模する)	
禁忌	きんき	điều cấm kỵ	
ダジャレ	だじゃれ	chơi chữ, câu đùa nhạt	
寝静まる	ねしずまる	ngủ yên, im ắng	
夜陰	やいん	bóng đêm	
一室	いっしつ	một căn phòng	
開け放つ	あけはなつ	mở toang	
赤熱	しゃくねつ	nóng đỏ	せきねつ
暴発	ぼうはつ	phát nổ bất ngờ	
出頭	しゅっとう	trình diện	
報復	ほうふく	trả thù	
防ぐ	ふせぐ	ngăn chặn, phòng ngừa	
はりきる	はりきる	hăng hái	
行方	ゆくえ	tung tích	
不明	ふめい	không rõ	
風化	ふうか	phong hóa, bào mòn	
石碑	せきひ	bia đá	
墓	はか	mộ	
供え	そなえ	cúng, dâng lễ	
唱える	となえる	niệm, đọc (kinh)	
殿	しんがり	điện, đền	でん
しんかん	しんかん	thần quan	
神官	しんかん	thần quan, tư tế	
しむ	しむ	-	
雑踏	ざっとう	đám đông	
教官	きょうかん	giáo viên hướng dẫn	
名義	めいぎ	danh nghĩa, tên	
盗用	とうよう	đạo, ăn cắp (ý tưởng)	
嫌疑	けんぎ	nghi ngờ, tình nghi	
学派	がくは	trường phái	
けんじる	けんじる	-	
賢者	けんじゃ	hiền giả	
ひいき	ひいき	thiên vị	
見逃せる	みのがせる	có thể bỏ qua	
しんじつ	しんじつ	sự thật	
属する	ぞくする	thuộc về	
ランバド	らんばど	-	
とことん	とことん	đến cùng	
サイコロ	さいころ	xúc xắc	
ダイス	だいす	xúc xắc	
対局	たいきょく	ván đấu	
猛攻	もうこう	tấn công dữ dội	
反撃	はんげき	phản công	
僅差	きんさ	chênh lệch nhỏ, sát nút	
施す	ほどこす	thực hiện, ban cho	
のみこむ	のみこむ	nuốt chửng	
とど	とど	-	
くむ	くむ	-	
番人	ばんにん	người canh gác	
やむを得る	やむをえる	bất đắc dĩ, đành phải (やむを得ない)	
さばき	さばき	phán xét, xét xử	
呼び戻す	よびもどす	gọi trở lại	
妖光	ようこう	ánh sáng ma quái	
つらぬく	つらぬく	xuyên thủng, đâm xuyên	
片側	かたがわ	một bên	
呼び込む	よびこむ	kéo đến, mời gọi	
ふっとぶ	ふっとぶ	bay mất, văng đi	
命綱	いのちづな	dây cứu mạng; lẽ sống còn	
デッキ	でっき	bộ bài	
ほどく	ほどく	tháo, gỡ; làm dịu	
砂嵐	すなあらし	bão cát	
ジャリジャリ	じゃりじゃり	(cảm giác) lạo xạo, đầy sạn	
干からびる	ひからびる	khô héo, khô quắt	
砂煙	すなけむり	bụi cát	
追い出す	おいだす	đuổi ra	
追い返す	おいかえす	đuổi về	
先ほど	さきほど	lúc nãy	
手荒	てあら	thô bạo	
なみなみと	なみなみと	đầy tràn	
素焼き	すやき	gốm nung không men	
強き	つよき	mạnh mẽ (văn cổ)	
モテモテ	もてもて	được nhiều người mến	
さば	さば	-	
文明	ぶんめい	văn minh	
子孫	しそん	con cháu	
脈々と	みゃくみゃくと	liên tục, nối tiếp	
先人	せんじん	tiền nhân, người đi trước	
後継	こうけい	người kế thừa	
寄りかかる	よりかかる	dựa vào	
語り手	かたりて	người kể chuyện	
寝顔	ねがお	khuôn mặt lúc ngủ	
砂丘	さきゅう	đồi cát	
銀色	ぎんいろ	màu bạc	
不寝番	ふしんばん	canh đêm, thức gác	
冷え込む	ひえこむ	trở lạnh	
読み方	よみかた	cách đọc	
一際	ひときわ	nổi bật, đặc biệt	
稜線	りょうせん	đường sống núi	
通し	とおし	cho qua (通す)	
きらり	きらり	lấp lánh	
おしかえす	おしかえす	đẩy lùi	
水流	すいりゅう	dòng nước	
押し流す	おしながす	cuốn trôi	
夜番	よばん	canh đêm	
言葉少な	ことばすくな	ít lời	
蓄え	たくわえ	dự trữ	
野生	やせい	hoang dã	
追い込む	おいこむ	dồn vào, lùa vào	
退路	たいろ	đường lui	
めぐみ	めぐみ	ân huệ; sản vật	
うろこ	うろこ	vảy	
まみれる	まみれる	lấm lem, dính đầy	
症状	しょうじょう	triệu chứng	
遠路	えんろ	đường xa	
はるばる	はるばる	lặn lội xa xôi	
偏見	へんけん	thành kiến	
来はじめる	きはじめる	bắt đầu đến	
夜半	やはん	nửa đêm	
泣き声	なきごえ	tiếng khóc	
すぐさま	すぐさま	ngay lập tức	
喩える	たとえる	ví von, so sánh	
水路	すいろ	kênh dẫn nước	
オアシス	おあしす	ốc đảo	
水がめ	みずがめ	chum nước	
日に日に	ひにひに	ngày càng	
一大事	いちだいじ	chuyện hệ trọng	
遡る	さかのぼる	đi ngược lên	
掻き出す	かきだす	cào ra, xúc ra	
もす	もす	-	
灼熱	しゃくねつ	nóng như thiêu	
パンパン	ぱんぱん	căng cứng (mỏi cơ)	
水分	すいぶん	nước (trong cơ thể)	
くずす	くずす	phá vỡ, làm sập	
いきおい	いきおい	khí thế, đà mạnh	
ながれこむ	ながれこむ	chảy vào	
せき止める	せきとめる	chặn lại (dòng nước)	
崩れ	くずれ	sụp đổ	
かけあう	かけあう	tạt (nước) vào nhau	
掛け合う	かけあう	tạt vào nhau; thương lượng	
お祭り騒ぎ	おまつりさわぎ	náo nhiệt như lễ hội	
陽射し	ひざし	ánh nắng	
照り返す	てりかえす	phản chiếu	
こまめ	こまめ	siêng năng, thường xuyên	
冷え込み	ひえこみ	cái lạnh	
比べもの	くらべもの	sự so sánh	
こごえる	こごえる	lạnh cóng	
厚手	あつで	dày (vải)	
井戸	いど	giếng	
傭兵	ようへい	lính đánh thuê	
義理堅い	ぎりがたい	trọng nghĩa	
大はしゃぎ	おおはしゃぎ	vui đùa ầm ĩ	
崩せる	くずせる	có thể phá vỡ	
手ごわい	てごわい	khó đối phó	
学術	がくじゅつ	học thuật	
たたずむ	たたずむ	đứng lặng	
スラサタンナ	すらさたんな	-	
囁く	ささやく	thì thầm	
複数	ふくすう	nhiều, số nhiều	
吟味	ぎんみ	xem xét kỹ	
学び	まなび	việc học	
推論	すいろん	suy luận	
書き出す	かきだす	viết ra	
お手本	おてほん	mẫu, làm mẫu	
考え込む	かんがえこむ	trầm ngâm suy nghĩ	
あえて	あえて	cố ý, dám	
じょうぶ	じょうぶ	chắc khỏe	
茎	くき	thân cây, cọng	
導ける	みちびける	có thể dẫn dắt	
温かさ	あたたかさ	sự ấm áp	
投げかける	なげかける	đặt (câu hỏi), ném ra	
根づく	ねづく	bén rễ	
学問	がくもん	học vấn, môn học	
問いかける	といかける	đặt câu hỏi	
健やか	すこやか	khỏe mạnh	
可憐	かれん	đáng yêu, xinh xắn	
たいよう	たいよう	mặt trời	
見渡せる	みわたせる	nhìn bao quát được	
びっしり	びっしり	dày đặc, kín mít	
理論	りろん	lý thuyết	
専攻	せんこう	chuyên ngành	
クマ	くま	quầng thâm (mắt)	
しゅく	しゅく	-	
殿堂	でんどう	điện đường	
噛み殺す	かみころす	nén (cơn ngáp)	
安眠	あんみん	giấc ngủ ngon	
図々しい	ずうずうしい	trơ trẽn, mặt dày	
落ちこぼれ	おちこぼれ	người tụt hậu, học kém	
粘る	ねばる	kiên trì, bám trụ	
ふせる	ふせる	úp mặt xuống, gục xuống	
やめ	やめ	thôi, dừng lại (やめにする)	
受理	じゅり	tiếp nhận	
寝ずの番	ねずのばん	thức canh đêm	
寝ぼける	ねぼける	ngái ngủ	
筆致	ひっち	nét bút	
数式	すうしき	công thức toán	
誤差	ごさ	sai số	
タイミング	たいみんぐ	thời điểm	
法則	ほうそく	quy luật	
起き出す	おきだす	thức dậy (rời giường)	
意識	いしき	ý thức	
筆跡	ひっせき	nét chữ	
壇上	だんじょう	trên bục	
導き出す	みちびきだす	rút ra (kết luận)	
淀み	よどみ	sự ngập ngừng (淀みない: trôi chảy)	
乗り出す	のりだす	nhoài người ra; bắt tay vào	
一段落	いちだんらく	tạm xong một giai đoạn	
融通	ゆうずう	linh hoạt (融通がきく)	
思い立つ	おもいたつ	nảy ra ý định	
仕組み	しくみ	cơ chế, cấu tạo	
罪悪	ざいあく	tội lỗi (罪悪感: cảm giác tội lỗi)	
放浪	ほうろう	lang thang, phiêu bạt	
ちくりと	ちくりと	nhói (đau)	
甘ったるい	あまったるい	ngọt lịm, ngọt gắt	
脈	みゃく	mạch (地脈: địa mạch)	
もたもた	もたもた	lề mề, chậm chạp	
造作	ぞうさ	công sức (造作もない: dễ dàng)	
たたら	たたら	-	
傾		-	
迎え入れる	むかえいれる	đón nhận vào	
奇抜	きばつ	kỳ quặc, lập dị	
しっこう	しっこう	thi hành (しっこうかん: quan chấp hành)	
さも	さも	-	
残酷	ざんこく	tàn nhẫn	
漏らす	もらす	tiết lộ, để lộ	
有り余る	ありあまる	dư thừa	
流れ歩く	ながれあるく	lang bạt	
寝泊まり	ねとまり	ăn ngủ, trú ngụ	
わらわせる	わらわせる	làm cho cười (わらわせないで: đừng buồn cười thế)	
つくづく	つくづく	thật là, quả thực	
却下	きゃっか	bác bỏ	
一興	いっきょう	một thú vui	
書き換える	かきかえる	viết lại	
信じ込む	しんじこむ	tin chắc	
仕組む	しくむ	bày mưu, sắp đặt	
とんだ	とんだ	tệ hại, không ngờ	
茶番	ちゃばん	trò hề	
沸かす	わかす	đun sôi	
論外	ろんがい	không đáng bàn	
なまけもの	なまけもの	kẻ lười biếng	
怠け者	なまけもの	kẻ lười biếng	
雑用	ざつよう	việc vặt	
気晴らし	きばらし	giải khuây	
防げる	ふせげる	có thể ngăn	
遮れる	さえぎれる	có thể che chắn	
単に	たんに	đơn giản là, chỉ	
叡智	えいち	trí tuệ	
ミミズ	みみず	giun đất	
のたくる	のたくる	ngoằn ngoèo, quằn quại	
つかつか	つかつか	(đi) thẳng tới, sải bước	
書体	しょたい	kiểu chữ	
つまる	つまる	tức là (つまり)	
いね	いね	-	
同い年	おないどし	cùng tuổi	
敬う	うやまう	tôn kính	
からくり	からくり	cơ quan, máy móc	
機関	きかん	cơ quan (máy móc)	
わきまえる	わきまえる	hiểu rõ, biết điều	
気難しい	きむずかしい	khó tính	
歯車	はぐるま	bánh răng	
カチッ	かちっ	(tiếng) tách, cạch	
カチリ	かちり	(tiếng) cạch	
跳ね上がる	はねあがる	bật lên	
紙片	しへん	mẩu giấy	
解き方	ときかた	cách giải	
仮説	かせつ	giả thuyết	
石板	せきばん	phiến đá	
全文	ぜんぶん	toàn văn	
好意	こうい	thiện ý	
無下	むげ	phũ phàng (無下にする: gạt bỏ)	
働かせる	はたらかせる	vận dụng (đầu óc)	
威厳	いげん	uy nghiêm	
用品	ようひん	đồ dùng	
買い出し	かいだし	đi mua sắm	
半値	はんね	nửa giá	
変遷	へんせん	sự biến đổi	
幾重にも	いくえにも	nhiều lớp	
学友	がくゆう	bạn học	
拝める	おがめる	được chiêm ngưỡng (khiêm nhường)	
取っ手	とって	tay nắm	
起き上がる	おきあがる	đứng dậy, trỗi dậy	
溝	みぞ	rãnh	
流し込む	ながしこむ	đổ vào, rót vào	
噛み合う	かみあう	khớp nhau	
見え	みえ	sự nhìn thấy (見え方: cách nhìn)	
実地	じっち	thực địa	
うかべる	うかべる	hiện lên (思いうかべる: hình dung)	
思索	しさく	suy tư	
朝焼け	あさやけ	ráng bình minh	
ささえ	ささえ	chỗ dựa	
よばれる	よばれる	được gọi	
ひとつぶ	ひとつぶ	một giọt, một hạt	
猛烈	もうれつ	dữ dội	
引き出し	ひきだし	ngăn kéo	
こりる	こりる	chán ngấy, sợ rồi (こりごり)	
こんがらがる	こんがらがる	rối tung	
考え抜く	かんがえぬく	suy nghĩ thấu đáo	
唸る	うなる	rên, gầm (唸らせる: làm thán phục)	
教育	きょういく	giáo dục	
呼び捨て	よびすて	gọi trống không (không kính xưng)	
敬称	けいしょう	kính xưng	
省く	はぶく	lược bỏ	
年下	としした	ít tuổi hơn	
こぢんまり	こぢんまり	nhỏ gọn, ấm cúng	
読解	どっかい	đọc hiểu	
机上	きじょう	trên bàn giấy, lý thuyết suông	
推薦	すいせん	tiến cử	
見聞き	みきき	những điều thấy và nghe	
絡		-	
だいこん	だいこん	củ cải trắng	
大根	だいこん	củ cải trắng	
白玉	しらたま	ngọc trắng; viên bột nếp	
すれ違う	すれちがう	đi lướt qua nhau	
坂	さか	dốc	
よろめく	よろめく	loạng choạng	
取り落とす	とりおとす	đánh rơi	
庭先	にわさき	trước sân	
ずり	ずり	-	
硯	すずり	nghiên mực	
習字	しゅうじ	luyện chữ	
重ね	かさね	chồng chất (積み重ね: tích lũy)	
連れ	つれ	bạn đồng hành	
お嬢さん	おじょうさん	cô bé, tiểu thư	
届	とどけ	với tới (届く)	とど
霞	かすみ	sương mù, khói sương	
おじぎ	おじぎ	cúi chào	
ぴょこんと	ぴょこんと	nhảy tưng lên	
お辞儀	おじぎ	cúi chào	
届け先	とどけさき	nơi giao hàng	
物覚え	ものおぼえ	trí nhớ	
仕分ける	しわける	phân loại	
蜂蜜	はちみつ	mật ong	
にこり	にこり	mỉm cười	
重箱	じゅうばこ	hộp cơm nhiều tầng	
一人静	ひとりしずか	-	
小声	こごえ	giọng nhỏ	
すんなり	すんなり	suôn sẻ, dễ dàng	
橋渡し	はしわたし	cầu nối, trung gian	
里帰り	さとがえり	về quê	
あぜ道	あぜみち	bờ ruộng	
瓜	うり	dưa	
欲張り	よくばり	tham lam	
法帖	ほうじょう	bản mẫu thư pháp	
散り散り	ちりぢり	tan tác	
決意	けつい	quyết tâm	
衣食	いしょく	cơm áo	
礼節	れいせつ	lễ tiết	
土台	どだい	nền tảng	
シャキシャキ	しゃきしゃき	giòn sần sật	
みずみずしい	みずみずしい	tươi mọng	
てっきり	てっきり	cứ tưởng chắc chắn	
あぶなっかしい	あぶなっかしい	nguy hiểm, chông chênh	
棚田	たなだ	ruộng bậc thang	
おすそ分け	おすそわけ	chia sẻ (quà) cho	
さほど	さほど	không … lắm	
読み手	よみて	người đọc	
書記官	しょきかん	thư ký (quan)	
論理	ろんり	logic	
体系	たいけい	hệ thống	
終業	しゅうぎょう	hết giờ làm	
館内	かんない	trong tòa nhà	
定時	ていじ	giờ quy định (tan làm)	
業務	ぎょうむ	công việc, nghiệp vụ	
終了	しゅうりょう	kết thúc	
変わり者	かわりもの	người lập dị	
びわ	びわ	-	
習性	しゅうせい	tập tính	
ちょっかん	ちょっかん	trực giác	
直観	ちょっかん	trực giác	
高速	こうそく	tốc độ cao	
無実	むじつ	vô tội	
注意深い	ちゅういぶかい	cẩn thận, chú ý	
せっけい	せっけい	thiết kế	
占領	せんりょう	chiếm chỗ, chiếm đóng	
移動	いどう	di chuyển	
建築	けんちく	kiến trúc	
さける	さける	tránh	
まちがう	まちがう	sai, nhầm	
前提	ぜんてい	tiền đề	
議論	ぎろん	tranh luận	
有益	ゆうえき	có ích	
大広間	おおひろま	đại sảnh	
詰め寄る	つめよる	xông tới chất vấn	
トップ	とっぷ	người đứng đầu	
利点	りてん	lợi điểm	
選び方	えらびかた	cách chọn	
浪費	ろうひ	lãng phí	
阻む	はばむ	ngăn cản	
解読	かいどく	giải mã	
早合点	はやがてん	kết luận vội	
形式	けいしき	hình thức	
往々	おうおう	thường hay (往々にして)	
理性	りせい	lý trí	
感傷	かんしょう	đa cảm, cảm thương	
浸る	ひたる	đắm chìm	
そうめい	そうめい	thông minh, sáng suốt	
餞別	せんべつ	quà tiễn biệt	
雑音	ざつおん	tạp âm	
心理	しんり	tâm lý	
ごろごろ	ごろごろ	nằm ườn; lăn lóc	
てんで	てんで	-	
遮断	しゃだん	chặn, cách ly	
ぐち	ぐち	-	
学習	がくしゅう	học tập	
仮に	かりに	giả sử	
長時間	ちょうじかん	thời gian dài	
本末転倒	ほんまつてんとう	đảo lộn gốc ngọn	
検証	けんしょう	kiểm chứng	
ベール	べえる	mạng che mặt	べーる
いかつい	いかつい	dữ tợn, vạm vỡ	
ヴェール	ゔぇえる	mạng che mặt	ゔぇーる
真っ昼間	まっぴるま	giữa ban ngày	
目見	まみ	-	
失せる	うせる	biến đi, cút	
マイト	まいと	-	
ボディガード	ぼでぃがあど	vệ sĩ	ぼでぃがーど
請け負う	うけおう	nhận làm, đảm nhận	
こせる	こせる	vượt qua được	
引け	ひけ	thua kém (引けを取らない: không thua ai)	
年長	ねんちょう	lớn tuổi hơn	
サソリ	さそり	bọ cạp	
がする	がする	-	
照り	てり	ánh nắng (照り返し: phản chiếu)	
大柄	おおがら	to con	
いかり	いかり	cơn giận	
燃え広がる	もえひろがる	cháy lan	
キレ	きれ	nổi điên (キレる)	
燃え移る	もえうつる	bén lửa sang, lan sang	
乱闘	らんとう	ẩu đả	
キャラバン	きゃらばん	đoàn lữ hành	
好機	こうき	thời cơ tốt	
のがす	のがす	-	
地響き	じひびき	tiếng rung chuyển đất	
一匹狼	いっぴきおおかみ	con sói đơn độc	
群れる	むれる	tụ thành bầy (群れ: bầy đàn)	
稼業	かぎょう	nghề kiếm sống	
大盛り	おおもり	suất to, phần lớn	
資本	しほん	vốn, tiền vốn	
やとう	やとう	thuê	
ケチ	けち	keo kiệt, tiếc (ケチる)	
洒落	しゃれ	đùa (洒落にならない: không đùa được)	
ざわざわ	ざわざわ	xào xạc	
咄嗟	とっさ	tức thời, phản xạ	
緻密	ちみつ	tỉ mỉ, chi tiết	
あどけない	あどけない	ngây thơ	
先立つ	さきだつ	đi trước, trước khi	
更新	こうしん	cập nhật	
正門	せいもん	cổng chính	
お忙しい	おいそがしい	bận rộn (kính ngữ)	
分かれ道	わかれみち	ngã rẽ	
歩数	ほすう	số bước	
方位	ほうい	phương hướng	
歩幅	ほはば	sải bước, độ dài bước	
おおよそ	おおよそ	khoảng, đại khái	
割り出せる	わりだせる	tính ra được	
まじまじ	まじまじ	chằm chằm	
同席	どうせき	ngồi cùng, có mặt cùng	
銀世界	ぎんせかい	thế giới tuyết trắng	
傾斜	けいしゃ	độ dốc	
かじかむ	かじかむ	tê cóng	
滑り落ちる	すべりおちる	trượt xuống	
鷹	たか	chim ưng	
雪雲	ゆきぐも	mây tuyết	
じわじわ	じわじわ	dần dần	
小刻み	こきざみ	run nhẹ, từng chút	
星霜	せいそう	năm tháng (sương và sao)	
フロウ	ふろう	dòng chảy (flow)	ふろー
退避	たいひ	sơ tán, lánh nạn	
元気づける	げんきづける	động viên	
今ごろ	いまごろ	giờ này	
資質	ししつ	tố chất	
別れ際	わかれぎわ	lúc chia tay	
あきれる	あきれる	ngán ngẩm	
ズレ	ずれ	sự lệch	
見やすい	みやすい	dễ nhìn	
生かす	いかす	tận dụng	
マップ	まっぷ	bản đồ	
気配り	きくばり	quan tâm chu đáo	
細やか	こまやか	tỉ mỉ, chu đáo	
ひそか	ひそか	thầm kín	
ナビ	なび	dẫn đường	
落とし	おとし	làm rơi (星落とし: sao rơi)	
未踏	みとう	chưa ai đặt chân	
配れる	くばれる	phân phát được (気を配れる: biết quan tâm)	
外套	がいとう	áo choàng	
製図	せいず	vẽ bản thiết kế	
表面	ひょうめん	bề mặt	
点滅	てんめつ	nhấp nháy	
補助	ほじょ	hỗ trợ	
予算	よさん	ngân sách	
新居	しんきょ	nhà mới	
正論	せいろん	lý lẽ đúng	
理屈っぽい	りくつっぽい	hay lý sự	
仲良し	なかよし	thân thiết	
住宅	じゅうたく	nhà ở	
改修	かいしゅう	cải tạo, tu sửa	
楽勝	らくしょう	thắng dễ, dễ ợt	
雑	ざつ	cẩu thả	
突き放す	つきはなす	hắt hủi, đẩy ra	
アーチ	ああち	vòm cửa	あーち
彫刻	ちょうこく	điêu khắc	
あしらう	あしらう	trang trí, điểm xuyết	
お伝え	おつたえ	truyền đạt (khiêm nhường)	
曇らせる	くもらせる	làm u ám	
美学	びがく	mỹ học	
矜持	きんじ	lòng tự tôn	
非合理	ひごうり	phi lý	
切り詰める	きりつめる	cắt giảm, tiết kiệm	
苦笑い	にがわらい	cười gượng, cười khổ	
緩やか	ゆるやか	thoai thoải, nhẹ nhàng	
曲線	きょくせん	đường cong	
原点	げんてん	điểm xuất phát, cội nguồn	
美	び	cái đẹp	
親密	しんみつ	thân mật, gần gũi	
演説	えんぜつ	diễn thuyết	
ちがえる	ちがえる	-	
訂正	ていせい	đính chính, sửa lại	
交易	こうえき	giao thương, buôn bán	
一致	いっち	nhất trí, trùng khớp	
高尚	こうしょう	cao thượng, cao siêu	
比率	ひりつ	tỉ lệ	
祭壇	さいだん	bàn thờ, tế đàn	
祭祀	さいし	tế lễ, cúng tế	
けち	けち	chê bai, bắt bẻ; keo kiệt	
よびとめる	よびとめる	gọi lại, gọi giật lại	
鈴	すず	cái chuông nhỏ	
パレス	ぱれす	cung điện	
無償	むしょう	miễn phí, không công	
張本人	ちょうほんにん	kẻ gây ra, thủ phạm	
売り払う	うりはらう	bán sạch, bán đi	
居候	いそうろう	người ở nhờ, ăn bám	
悔やむ	くやむ	hối tiếc, ân hận	
順調	じゅんちょう	suôn sẻ, thuận lợi	
ハート	はあと	trái tim (hình)	
ぽっと	ぽっと	(sáng lên) bừng, chợt	
広大	こうだい	rộng lớn, bao la	
パイリダエーザ	ぱいりだええざ	vườn địa đàng (Pairidaeza)	
寸法	すんぽう	kích thước	
ねころがる	ねころがる	nằm lăn ra, nằm dài	
水音	みずおと	tiếng nước	
装飾	そうしょく	trang trí	
模型	もけい	mô hình	
長所	ちょうしょ	ưu điểm, sở trường	
洗練	せんれん	tinh tế, trau chuốt	
フォルム	ふぉるむ	hình dáng, kiểu dáng	
戦闘	せんとう	chiến đấu	
金銭	きんせん	tiền bạc	
画材	がざい	dụng cụ vẽ	
やりくり	やりくり	xoay xở, thu vén	
稼げる	かせげる	kiếm (tiền) được	
借金	しゃっきん	nợ, khoản vay	
口出し	くちだし	xen vào, can thiệp	
客間	きゃくま	phòng khách	
昼飯	ひるめし	bữa trưa	
へび	へび	con rắn	
白蛇	しろへび	rắn trắng	
患者	かんじゃ	bệnh nhân	
薬湯	やくとう	thuốc sắc, nước thuốc	
心がける	こころがける	chú ý, lưu tâm	
名医	めいい	danh y, thầy thuốc giỏi	
年老いる	としおいる	già đi, già cả	
診察	しんさつ	khám bệnh	
気まずい	きまずい	ngượng ngùng, khó xử	
じいさん	じいさん	ông lão, ông già	
登り	のぼり	leo, trèo	
身軽	みがる	nhanh nhẹn, nhẹ nhàng	
咳き込む	せきこむ	ho sặc sụa	
涼やか	すずやか	mát mẻ, thanh mát	
医術	いじゅつ	y thuật	
一休み	ひとやすみ	nghỉ một lát	
立ちつくす	たちつくす	đứng sững, đứng chôn chân	
救える	すくえる	cứu được	
補佐	ほさ	trợ giúp, phụ tá	
鍼		kim châm cứu	はり
過ぎ去る	すぎさる	qua đi, trôi qua	
一命	いちめい	tính mạng	
取り留める	とりとめる	giữ lại được (mạng sống)	
ねこむ	ねこむ	nằm liệt giường	
寝込む	ねこむ	nằm liệt giường; ngủ say	
医書	いしょ	sách y học	
あの世	あのよ	thế giới bên kia	
生きもの	いきもの	sinh vật, loài vật	
引き下がる	ひきさがる	rút lui, lùi bước	
正反対	せいはんたい	hoàn toàn trái ngược	
ひもとく	ひもとく	giở sách đọc, nghiên cứu	
ねかせる	ねかせる	cho nằm, đặt nằm	
横たえる	よこたえる	đặt nằm, đặt nằm xuống	
滑稽	こっけい	buồn cười, lố bịch	
満ち欠け	みちかけ	tròn khuyết (trăng)	
不老不死	ふろうふし	trường sinh bất lão	
脆い	もろい	mỏng manh, yếu ớt	
ぎする	ぎする	-	
はざま	はざま	khoảng giữa, ranh giới	
休養	きゅうよう	nghỉ dưỡng	
調合	ちょうごう	pha chế, bốc thuốc	
中でも	なかでも	trong số đó, đặc biệt là	
高山	こうざん	núi cao	
薬効	やっこう	công dụng của thuốc	
万能	ばんのう	vạn năng	
難病	なんびょう	bệnh nan y	
寒暖	かんだん	nóng lạnh	
わすれっぽい	わすれっぽい	hay quên	
満悦	まんえつ	hài lòng, mãn nguyện	
マジックショー	まじっくしょう	buổi biểu diễn ảo thuật	
街角	まちかど	góc phố	
マジック	まじっく	ảo thuật	
シャン	しゃん	-	
充電	じゅうでん	sạc pin, nạp năng lượng	
テキパキ	てきぱき	nhanh nhẹn, tháo vát	
勤務	きんむ	làm việc, công tác	
サポート	さぽうと	hỗ trợ	
エピクレシス	えぴくれしす	-	
舞台裏	ぶたいうら	hậu trường	
錯覚	さっかく	ảo giác, nhầm lẫn	
見切る	みきる	nhìn thấu	
とぼける	とぼける	ngớ ngẩn, ngây ngô; giả vờ	
マジシャン	まじしゃん	ảo thuật gia	
ずばり	ずばり	nói thẳng, trúng phóc	
ポン	ぽん	(tiếng) bụp, bốp	
ストレート	すとれえと	nguyên chất (không pha)	
かさむ	かさむ	-	
裏側	うらがわ	mặt sau, phía sau	
路上	ろじょう	trên đường phố	
組み立てる	くみたてる	lắp ráp, dựng	
まばたく	まばたく	chớp mắt	
反射	はんしゃ	phản xạ	
フライング	ふらいんぐ	làm trước hiệu lệnh	
ブラ	ぶら	-	
スポットライト	すぽっとらいと	đèn sân khấu	
留め	とめ	chốt, khóa cài	
力ずく	ちからずく	dùng sức mạnh	
金具	かなぐ	đồ kim loại, phụ kiện kim loại	
手探り	てさぐり	mò mẫm, sờ soạng	
フィナーレ	ふぃなあれ	màn kết, đoạn cuối	
街灯	がいとう	đèn đường	
ずれ	ずれ	chênh lệch, sai lệch	
ティーポット	てぃいぽっと	ấm trà	
さえる	さえる	-	
隠せる	かくせる	giấu được	
適性	てきせい	năng khiếu, sự phù hợp	
比喩	ひゆ	ẩn dụ, so sánh	
廷		-	
シルクハット	しるくはっと	mũ chóp cao	
鳩	はと	chim bồ câu	
お次	おつぎ	tiếp theo (lịch sự)	
満席	まんせき	kín chỗ	
開演	かいえん	mở màn, bắt đầu diễn	
三流	さんりゅう	hạng ba, tầm thường	
ひるがえる	ひるがえる	tung bay, phấp phới	
掛け声	かけごえ	tiếng hô, tiếng hò	
一礼	いちれい	cúi chào	
あかし	あかし	-	
スイーツ	すいいつ	đồ ngọt	
マダム	まだむ	quý bà, bà chủ	
右手	みぎて	tay phải	
待機	たいき	chờ sẵn, túc trực	
開幕	かいまく	mở màn	
うさ	うさ	-	
父様	とうさま	cha (kính ngữ)	
無人	むじん	không người	
独り言	ひとりごと	độc thoại, nói một mình	
大がかり	おおがかり	quy mô lớn	
殺陣	さつじん	màn đánh võ (sân khấu)	たて
布教	ふきょう	truyền bá, truyền giáo	
日なた	ひなた	chỗ có nắng	
猫じゃらし	ねこじゃらし	cỏ đuôi chó (đồ chơi mèo)	
名付け親	なづけおや	người đặt tên	
指名	しめい	chỉ định, chọn đích danh	
おまじない	おまじない	bùa chú, câu thần chú	
ぶと	ぶと	-	
潜水	せんすい	lặn	
ヘルメット	へるめっと	mũ bảo hiểm, mũ lặn	
ペンギン	ぺんぎん	chim cánh cụt	
よちよち	よちよち	lẫm chẫm, lạch bạch	
家の子	いえのこ	con của nhà, người trong nhà	
海綿	かいめん	bọt biển (sinh vật)	
カイメン	かいめん	bọt biển (sinh vật)	
ねじ	ねじ	con ốc vít	
細か	こまか	nhỏ, tỉ mỉ	
工具	こうぐ	dụng cụ, đồ nghề	
はぐる	はぐる	-	
連動	れんどう	chuyển động liên kết	
弁	べん	van	
水圧	すいあつ	áp lực nước	
口調	くちょう	giọng điệu	
滑らか	なめらか	trơn tru, lưu loát	
べらべら	べらべら	nói liến thoắng, luyên thuyên	
ぴかっと	ぴかっと	lóe sáng, chớp sáng	
ザザーン	ざざあん	(tiếng sóng) rì rào, ào ào	
スイスイ	すいすい	(bơi) nhẹ nhàng, thoăn thoắt	
貝がら	かいがら	vỏ sò	
振動	しんどう	rung động, chấn động	
ザバーン	ざばあん	(tiếng sóng) ào, ùa	
おしよせる	おしよせる	ập tới, tràn tới	
さらう	さらう	cuốn đi, cuốn trôi	
引きずり込む	ひきずりこむ	kéo vào, lôi tuột vào	
救出	きゅうしゅつ	giải cứu	
顔つき	かおつき	nét mặt, vẻ mặt	
オドオド	おどおど	rụt rè, sợ sệt	
藍色	あいいろ	màu chàm	
潮流	ちょうりゅう	dòng hải lưu	
とびはねる	とびはねる	nhảy tưng tưng	
ぐれる	ぐれる	-	
浅瀬	あさせ	chỗ nước cạn	
つや	つや	độ bóng, nước bóng	
分解	ぶんかい	tháo rời, phân giải	
有罪	ゆうざい	có tội	
言い渡す	いいわたす	tuyên án, tuyên bố	
要塞	ようさい	pháo đài	
昇降	しょうこう	lên xuống (thang máy)	
監獄	かんごく	nhà tù	
通貨	つうか	tiền tệ	
看守	かんしゅ	cai ngục	
管理	かんり	quản lý	
しゃく	しゃく	-	
囚人	しゅうじん	tù nhân	
公爵	こうしゃく	công tước	
しゃくる	しゃくる	-	
生産	せいさん	sản xuất	
区画	くかく	khu vực, khu	
乱暴	らんぼう	thô bạo	
押しのける	おしのける	đẩy ra, gạt ra	
私闘	しとう	ẩu đả riêng	
言い張る	いいはる	khăng khăng nói	
見え透く	みえすく	lộ liễu, dễ nhìn thấu	
リング	りんぐ	võ đài	
もめごと	もめごと	xích mích, tranh chấp	
かわす	かわす	né tránh	
夜間	やかん	ban đêm	
異論	いろん	ý kiến phản đối	
罰	ばっ	hình phạt	ばつ
警報	けいほう	báo động	
てつ	てつ	sắt	
パイプ	ぱいぷ	ống	
こぶし	こぶし	nắm đấm	
枷	かせ	gông cùm, xiềng	
看護	かんご	điều dưỡng, chăm sóc bệnh	
ミルクセーキ	みるくせえき	sữa lắc	
偽	にせ	giả, đồ giả	
にせる	にせる	làm giả, bắt chước	
偽造	ぎぞう	giả mạo, làm giả	
目星	めぼし	ước đoán, manh mối	
嘘つき	うそつき	kẻ nói dối	
おぼれる	おぼれる	chết đuối, chìm đắm	
処分	しょぶん	xử lý, xử phạt	
室	しつ	phòng	
印刷	いんさつ	in ấn	
真っ当	まっとう	đàng hoàng, tử tế	
くどい	くどい	-	
食器	しょっき	bát đĩa	
手つかず	てつかず	chưa đụng tới	
うなだれる	うなだれる	cúi gằm mặt, ủ rũ	
食欲	しょくよく	cảm giác thèm ăn	
刑期	けいき	thời hạn tù	
見立て	みたて	nhận định, đánh giá	
おかす	おかす	phạm (tội)	
罪人	ざいにん	tội nhân	
濡れ衣	ぬれぎぬ	oan uổng, tội oan	
裕福	ゆうふく	giàu có	
養父母	ようふぼ	cha mẹ nuôi	
もどれる	もどれる	quay lại được	
書簡	しょかん	thư từ	
真犯人	しんはんにん	thủ phạm thật	
ほそめる	ほそめる	nheo (mắt)	
座り	すわり	ngồi (座り心地: cảm giác khi ngồi)	
まろやか	まろやか	êm dịu, béo ngậy	
何かしら	なにかしら	cái gì đó, một điều gì đó	
整備	せいび	bảo dưỡng, sửa chữa	
起床	きしょう	thức dậy	
リフレッシュ	りふれっしゅ	làm mới, thư giãn	
強者	つわもの	kẻ mạnh	
弱者	じゃくしゃ	kẻ yếu	
閉廷	へいてい	bế mạc phiên tòa	
こうしん	こうしん	-	
審判官	しんぱんかん	thẩm phán	
見世物	みせもの	trò trình diễn, trò mua vui	
移ろい	うつろい	thay đổi, đổi thay	
雨宿り	あまやどり	trú mưa	
北方	ほっぽう	phương bắc	
高地	こうち	vùng cao	
湧き水	わきみず	nước suối, nước ngầm	
口当たり	くちあたり	vị khi uống, cảm giác ở miệng	
ほのか	ほのか	thoang thoảng, nhè nhẹ	
職務	しょくむ	chức vụ, nhiệm vụ	
まかす	まかす	giao phó	
水神	すいじん	thủy thần	
はんだ	はんだ	-	
責務	せきむ	trách nhiệm, bổn phận	
礼状	れいじょう	thư cảm ơn	
こうした	こうした	như thế này	
懐中時計	かいちゅうどけい	đồng hồ bỏ túi	
開廷	かいてい	khai mạc phiên tòa	
拠り所	よりどころ	chỗ dựa, căn cứ	
カモメ	かもめ	chim hải âu	
光り物	ひかりもの	đồ lấp lánh	
無罪	むざい	vô tội	
判決	はんけつ	phán quyết, bản án	
王座	おうざ	ngai vàng	
ぬらす	ぬらす	làm ướt	
打ち寄せる	うちよせる	(sóng) vỗ vào, dạt vào	
メロピデ	めろぴで	-	
しちょう	しちょう	-	
予言	よげん	lời tiên tri	
フリー	ふりい	-	
出演	しゅつえん	biểu diễn, xuất hiện (trên sân khấu)	
豪雨	ごうう	mưa lớn	
打ちつける	うちつける	(mưa) quất, đập vào	
おしつける	おしつける	áp đặt, ép buộc	
理不尽	りふじん	vô lý, phi lý	
奥底	おくそこ	tận đáy sâu	
受けとめる	うけとめる	đón nhận, tiếp nhận	
潤す	うるおす	làm ẩm, làm dịu	
下せる	くだせる	đưa ra được (phán quyết)	
深める	ふかめる	làm sâu sắc thêm	
澄みきる	すみきる	trong vắt, trong lành	
実感	じっかん	cảm nhận thực sự	
しば	しば	-	
涙する	なみだする	rơi nước mắt	
駆動	くどう	truyền động, vận hành	
カシャッ	かしゃっ	(tiếng máy ảnh) tách	
ダネ	だね	-	
特ダネ	とくだね	tin độc quyền, tin nóng	
沸騰	ふっとう	sôi sục, sôi nổi	
チカチカ	ちかちか	chói mắt, nhấp nháy	
スチーム	すちいむ	hơi nước	
記者	きしゃ	phóng viên	
独占	どくせん	độc quyền	
取り込む	とりこむ	bận rộn; lấy vào	
モットー	もっとう	phương châm	
取材	しゅざい	phỏng vấn, lấy tin	
密着	みっちゃく	bám sát, sát sao	
熱血	ねっけつ	nhiệt huyết	
亡霊	ぼうれい	hồn ma, vong linh	
張り込み	はりこみ	mai phục, rình theo dõi	
スクープ	すくうぷ	tin giật gân, tin độc quyền	
ガタン	がたん	(tiếng) cạch, rầm	
前足	まえあし	chân trước	
お預け	おあづけ	hoãn lại, để dành	
他紙	たし	báo khác	
書き立てる	かきたてる	viết rầm rộ, đăng ầm ĩ	
会見	かいけん	họp báo	
各紙	かくし	các tờ báo	
諸君	しょくん	các ngươi, quý vị	
幕開け	まくあけ	mở màn, khởi đầu	
愚問	ぐもん	câu hỏi ngớ ngẩn	
待ち望む	まちのぞむ	mong đợi, trông chờ	
扇子	せんす	quạt xếp	
よびかける	よびかける	gọi, kêu gọi	
割れ目	われめ	khe nứt	
撮れる	とれる	chụp được	
投書	とうしょ	thư gửi (tòa soạn)	
土産物	みやげもの	quà lưu niệm	
ふっかける	ふっかける	nói thách, hét giá	
たくる	たくる	-	
ペンダント	ぺんだんと	mặt dây chuyền	
見くびる	みくびる	coi thường, xem nhẹ	
提示	ていじ	đưa ra, trình bày	
正す	ただす	sửa lại, chấn chỉnh	
密会	みっかい	hẹn hò bí mật	
患う	わずらう	mắc bệnh	
看病	かんびょう	chăm sóc người bệnh	
ふうとう	ふうとう	phong bì	
ネガ	ねが	phim âm bản	
封筒	ふうとう	phong bì	
良知	りょうち	lương tri	
原則	げんそく	nguyên tắc	
下げ	さげ	hạ xuống, cúi (đầu)	
前代未聞	ぜんだいみもん	chưa từng có	
デスク	ですく	bàn làm việc	
連載	れんさい	đăng nhiều kỳ	
承認	しょうにん	phê duyệt, chấp thuận	
見聞	けんぶん	điều mắt thấy tai nghe, kiến văn	
紙面	しめん	mặt báo, trang báo	
翌週	よくしゅう	tuần sau	
見返せる	みかえせる	xem lại được	
ポーズ	ぽうず	tư thế, tạo dáng	
写る	うつる	được chụp, hiện lên (ảnh)	
雄弁	ゆうべん	hùng hồn	
調和	ちょうわ	hài hòa	
堪能	たんのう	thưởng thức thỏa thích	
重大	じゅうだい	trọng đại, hệ trọng	
上演	じょうえん	trình diễn	
愛しい	いとしい	thân yêu, đáng yêu	
審理	しんり	xét xử	
びしっと	びしっと	dứt khoát, thẳng thừng	
思いつき	おもいつき	ý nghĩ chợt nảy ra	
失敬	しっけい	thất lễ, vô lễ	
決定的	けっていてき	mang tính quyết định	
本件	ほんけん	vụ án này, vụ việc này	
及第	きゅうだい	đạt, đỗ (及第点: điểm đạt)	
お忍び	おしのび	đi vi hành, bí mật	
無邪気	むじゃき	hồn nhiên, ngây thơ	
勝ち取る	かちとる	giành được	
公式	こうしき	chính thức	
喜劇	きげき	hài kịch	
控え室	ひかえしつ	phòng chờ	
招き入れる	まねきいれる	mời vào	
答弁	とうべん	trả lời (chất vấn)	
アドリブ	あどりぶ	ứng biến, ứng khẩu	
返せる	かえせる	đáp lại được	
空調	くうちょう	điều hòa không khí	
浮き草	うきくさ	bèo	
拭う	ぬぐう	lau, chùi	
いのれる	いのれる	-	
台本	だいほん	kịch bản	
心境	しんきょう	tâm trạng	
いびつ	いびつ	méo mó, lệch	
名指し	なざし	gọi đích danh	
総立ち	そうだち	tất cả đứng dậy	
祝宴	しゅくえん	tiệc mừng	
ヌ	ぬ	-	
高々	たかだか	cao lên	
バルコニー	ばるこにい	ban công	
コメディー	こめでぃい	hài kịch	
悪役	あくやく	vai phản diện	
オーブン	おうぶん	lò nướng	
マカロン	まかろん	bánh macaron	
究極	きゅうきょく	tối thượng, cuối cùng	
融合	ゆうごう	dung hợp, kết hợp	
アクアバス	あくあばす	xe buýt nước	
休演	きゅうえん	nghỉ diễn	
返し	かえし	câu đáp lại	
よって	よって	ghé qua (寄る)	
たまう	たまう	hãy... (mệnh lệnh kiểu cổ)	
すれ違い	すれちがい	lướt qua nhau	
ひったくる	ひったくる	giật, cướp giật	
ひったくり	ひったくり	kẻ cướp giật	
立ちふさがる	たちふさがる	chặn đường, đứng cản	
特	とく	-	
キリッ	きりっ	nghiêm nghị, chỉnh tề	
ねらわれる	ねらわれる	bị nhắm tới	
整然と	せいぜんと	ngay ngắn, trật tự	
陣形	じんけい	đội hình	
要は	ようは	điểm mấu chốt là	
各自	かくじ	mỗi người	
安定	あんてい	ổn định	
後衛	こうえい	hậu vệ, tuyến sau	
れんが	れんが	-	
模擬	もぎ	mô phỏng, tập trận	
早々	そうそう	ngay lập tức, vừa mới	
突出	とっしゅつ	lao lên trước, nhô ra	
負荷	ふか	tải, phụ tải	
かけ合う	かけあう	nói với nhau, trao đổi	
まちぶせる	まちぶせる	mai phục	
ドンパチ	どんぱち	đấu súng, đánh nhau	
誘爆	ゆうばく	kích nổ dây chuyền	
裏口	うらぐち	cửa sau	
たのめる	たのめる	nhờ được	
突入	とつにゅう	xông vào	
銃声	じゅうせい	tiếng súng	
浮き足立つ	うきあしだつ	hoảng loạn, dao động	
奇襲	きしゅう	đánh úp, tập kích	
破壊	はかい	phá hủy	
実行	じっこう	thực hiện	
マス	ます	-	
ケット	けっと	-	
弾丸	だんがん	viên đạn	
槊		-	
定規	じょうぎ	thước kẻ	
装填	そうてん	nạp đạn	
零れる	こぼれる	tràn ra, rơi vãi	
手こずる	てこずる	vất vả, chật vật	
芸当	げいとう	kỹ năng, màn trổ tài	
反復	はんぷく	lặp đi lặp lại	
びょうが	びょうが	-	
道理	どうり	lẽ phải; thảo nào	
銃口	じゅうこう	nòng súng	
棘	とげ	gai	
会長	かいちょう	hội trưởng	
真正面	まっしょうめん	chính diện	
突っ込める	つっこめる	lao vào được	
進路	しんろ	hướng đi	
撃ち込む	うちこむ	bắn vào	
飛び乗る	とびのる	nhảy lên (xe, thuyền)	
うてる	うてる	bắn được	
速射	そくしゃ	bắn nhanh	
極意	ごくい	bí quyết	
絞る	しぼる	vặn nhỏ, thu hẹp; vắt	
弾薬	だんやく	đạn dược	
榴弾	りゅうだん	lựu đạn	
通常	つうじょう	thông thường	
最前線	さいぜんせん	tiền tuyến	
取りこぼす	とりこぼす	bỏ sót	
石柱	せきちゅう	cột đá	
分け前	わけまえ	phần chia	
暴行	ぼうこう	hành hung	
および	および	và, cùng với	
貴様	きさま	mày (thô lỗ)	
拘束	こうそく	bắt giữ, giam giữ	
無意味	むいみ	vô nghĩa	
逆らえる	さからえる	chống lại được	
お偉方	おえらがた	các quan lớn	
被疑	ひぎ	bị tình nghi	
逃走	とうそう	chạy trốn	
割る	われる	chen vào (割って入る); làm vỡ	わる
切っ先	きっさき	mũi (kiếm, dao)	
左右	さゆう	trái phải	
銃弾	じゅうだん	đạn súng	
へし折る	へしおる	bẻ gãy	
バッジ	ばっじ	huy hiệu	
ウィンドウ	うぃんどう	cửa sổ, tủ kính	
やましい	やましい	áy náy, có tật giật mình	
模範	もはん	mẫu mực, gương mẫu	
保護	ほご	bảo vệ	
引き金	ひきがね	cò súng	
取り消せる	とりけせる	hủy bỏ được, rút lại được	
反動	はんどう	lực giật, phản lực	
旧式	きゅうしき	kiểu cũ	
新型	しんがた	kiểu mới	
思い入れ	おもいいれ	gắn bó, tình cảm đặc biệt	
二刀流	にとうりゅう	song đao, dùng hai vũ khí	
傍聴	ぼうちょう	dự thính	
被告	ひこく	bị cáo	
不審	ふしん	khả nghi, đáng ngờ	
職業病	しょくぎょうびょう	bệnh nghề nghiệp	
持ちきる	もちきる	bàn tán khắp nơi (持ちきり)	
日傘	ひがさ	ô che nắng	
令嬢	れいじょう	tiểu thư	
組織	そしき	tổ chức	
後日	ごじつ	hôm sau, sau này	
レディ	れでぃ	quý cô	
淑女	しゅくじょ	thục nữ, quý cô	
程よい	ほどよい	vừa phải, vừa đủ	
住民	じゅうみん	cư dân	
とりかえす	とりかえす	lấy lại	
よくも	よくも	dám (sao dám...)	
たむろ	たむろ	tụ tập	
不意	ふい	bất ngờ	
営む	いとなむ	kinh doanh, điều hành	
潤う	うるおう	được hưởng lợi, sung túc	
習える	ならえる	học được	
カー	かあ	-	
ラス	らす	-	
悪人	あくにん	kẻ xấu, người ác	
散々	さんざん	thậm tệ, hết mức	
屈する	くっする	khuất phục	
豪商	ごうしょう	đại thương gia	
買い上げる	かいあげる	mua lại, thu mua	
付き添う	つきそう	đi kèm, đi cùng	
倍額	ばいがく	gấp đôi số tiền	
儲かる	もうかる	có lãi, kiếm lời	
譲れる	ゆずれる	nhường được	
墓前	ぼぜん	trước mộ	
しなる	しなる	uốn cong, oằn	
さしかける	さしかける	che (ô) cho	
差しかける	さしかける	che (ô) cho	
ふくが	ふくが	-	
みな	みな	-	
白っぽい	しろっぽい	trăng trắng	
センス	せんす	gu, óc thẩm mỹ	
ピリ	ぴり	cay the (ピリ辛: hơi cay)	
日持ち	ひもち	để được lâu	
美容	びよう	làm đẹp	
瓏		-	
埠		-	
のけもの	のけもの	-	
快活	かいかつ	hoạt bát, vui vẻ	
沈		-	
ひと味	ひとあじ	một chút hương vị, khác biệt	
鏢		tiêu (hộ tống hàng hóa)	ひょう
用心棒	ようじんぼう	vệ sĩ	
飲茶	やむちゃ	ăn điểm tâm (dimsum)	
点心	てんしん	điểm tâm, dimsum	
宿舎	しゅくしゃ	ký túc xá, nhà ở	
形見	かたみ	kỷ vật (của người đã mất)	
家業	かぎょう	nghề gia truyền	
カッ	かっ	nổi nóng (カッとなる)	
瑞光	ずいこう	ánh sáng điềm lành	
かるがると	かるがると	nhẹ nhàng, dễ dàng	
閑		-	
おろそか	おろそか	lơ là, cẩu thả	
見物人	けんぶつにん	người xem	
点睛	てんせい	điểm mắt (vẽ mắt cho linh vật)	
絵かき	えかき	vẽ tranh	
そうすると	そうすると	nếu làm vậy thì	
朱墨	しゅずみ	mực đỏ	
張り子	はりこ	đồ bồi giấy	
跳べる	とべる	nhảy được	
大役	たいやく	vai trò quan trọng	
たっての	たっての	khẩn thiết	
いっする	いっする	-	
渡せる	わたせる	trao lại được	
本望	ほんもう	mong ước, toại nguyện	
うかうか	うかうか	lơ đễnh, chểnh mảng	
ひびきわたる	ひびきわたる	vang khắp	
新茶	しんちゃ	trà mới	
片づく	かたづく	được giải quyết xong	
振りかぶる	ふりかぶる	vung lên cao	
親方	おやかた	ông chủ, thủ lĩnh	
委ねる	ゆだねる	phó mặc, giao phó	
ほえる	ほえる	gầm, sủa	
催す	もよおす	tổ chức	
どっさり	どっさり	rất nhiều	
一打	いちだ	một cú đánh	
何頭	なんとう	bao nhiêu con	
帰服	きふく	quy phục	
うちあげる	うちあげる	liên hoan mừng công; bắn lên	
蒸し風呂	むしぶろ	phòng tắm hơi	
山賊	さんぞく	sơn tặc	
ヒヤッ	ひやっ	giật mình, thót tim	
驚かす	おどろかす	làm giật mình	
素早い	すばやい	nhanh nhẹn	
朝飯	あさめし	bữa sáng	
おかゆ	おかゆ	cháo	
手塩	てしお	dày công chăm chút (手塩にかける)	
カステラ	かすてら	bánh bông lan	
代物	しろもの	món đồ, thứ	
肉汁	にくじゅう	nước thịt	
もてなし	もてなし	sự tiếp đãi	
向き合える	むきあえる	đối diện được	
手放せる	てばなせる	buông bỏ được	
非常	ひじょう	khẩn cấp	
つくり	つくり	cấu tạo, kết cấu	
いささか	いささか	hơi, một chút	
察し	さっし	sự tinh ý, đoán ý	
礼者	れいしゃ	-	
かつを	かつを	-	
ゴホッ	ごほっ	(tiếng ho) khụ khụ	
されど	されど	tuy nhiên, nhưng	
木彫り	きぼり	tượng gỗ, chạm gỗ	
消せる	けせる	xóa được	
こだま	こだま	vang vọng, tiếng vọng	
手向け	たむけ	lễ vật tiễn đưa	
鈍い	にぶい	(âm thanh) đục, trầm; cùn	
欲張る	よくばる	tham lam	
手直し	てなおし	sửa lại, chỉnh sửa	
造化	ぞうか	tạo hóa	
もとより	もとより	vốn dĩ, từ đầu	
ちと	ちと	-	
鎮座	ちんざ	nằm chễm chệ	
真珠	しんじゅ	ngọc trai	
とびちる	とびちる	bắn tung tóe	
球体	きゅうたい	hình cầu	
美味	びみ	mỹ vị, ngon	
真心	まごころ	tấm lòng chân thành	
怖じる	おじる	sợ hãi, e sợ	
直せる	なおせる	sửa được	
箇所	かしょ	chỗ, điểm	
最良	さいりょう	tốt nhất	
わる	わる	-	
しんぜる	しんぜる	làm cho (người dưới, cách nói cổ)	
縮まる	ちぢまる	rút ngắn, thu hẹp	
マント	まんと	áo choàng	
裾	すそ	vạt áo, gấu áo	
腕利き	うできき	tay nghề giỏi	
有様	ありさま	tình trạng, bộ dạng	
でなおす	でなおす	-	
労	ろう	-	
袂	たもと	tay áo (kimono)	
絹	きぬ	lụa	
一反	いったん	một cuộn vải	
手触り	てざわり	cảm giác khi sờ	
光沢	こうたく	độ bóng	
ざらざら	ざらざら	sần sùi, ráp	
感触	かんしょく	cảm giác (khi chạm)	
見抜ける	みぬける	nhìn thấu được	
突き返す	つきかえす	trả lại, gửi trả	
仕立てる	したてる	may, cắt may	
染料	せんりょう	thuốc nhuộm	
藍	あい	chàm (màu, cây)	
川面	かわも	mặt sông	
むらす	むらす	-	
垂らす	たらす	nhỏ giọt, thả xuống	
夜会	やかい	dạ hội	
手縫い	てぬい	khâu tay	
歪む	いがむ	méo, lệch	ゆがむ
よべる	よべる	gọi được	
縫製	ほうせい	may vá, khâu may	
色彩	しきさい	màu sắc	
したてる	したてる	may, cắt may	
仕立て屋	したてや	thợ may	
纏う	まとう	mặc, khoác	
ファッションショー	ふぁっしょんしょう	buổi trình diễn thời trang	
評論	ひょうろん	bình luận, phê bình	
流行	りゅうこう	thịnh hành, thời trang	
裏地	うらじ	vải lót	
夕ごはん	ゆうごはん	bữa tối	
幾日	いくにち	nhiều ngày	
受け取れる	うけとれる	nhận được	
羽織る	はおる	khoác (áo)	
品格	ひんかく	phẩm cách	
少なめ	すくなめ	hơi ít	
小物	こもの	phụ kiện, đồ nhỏ	
針仕事	はりしごと	may vá	
上等	じょうとう	được đấy; hạng nhất	
島国	しまぐに	đảo quốc	
ヘマ	へま	sai sót, hỏng việc	
こがす	こがす	làm cháy, làm khê	
ナース	なあす	y tá	
キャップ	きゃっぷ	mũ	
のめる	のめる	-	
長命	ちょうめい	-	
処置	しょち	xử lý, sơ cứu	
殴り合い	なぐりあい	ẩu đả, đánh nhau	
ともい	ともい	-	
送り	おくり	bị đưa (đến)	
しかめる	しかめる	nhăn mặt	
いかん	いかん	-	
根っから	ねっから	bẩm sinh, từ trong máu	
医学	いがく	y học	
とい	とい	-	
黄ばむ	きばむ	ố vàng	
すりへる	すりへる	mòn đi, hao mòn	
すり減る	すりへる	mòn đi, hao mòn	
間違う	まちがう	sai, nhầm	
昼夜	ちゅうや	ngày đêm	
しさる	しさる	-	
見舞い	みまい	thăm bệnh	
手の甲	てのこう	mu bàn tay	
毎食	まいしょく	mỗi bữa ăn	
水筒	すいとう	bình nước	
上向き	うわむき	hướng lên, khá lên	
胆力	たんりょく	gan dạ, can đảm	
信	しん	lòng tin	
不注意	ふちゅうい	bất cẩn	
仇	あだ	mối thù, điều thiệt hại	
心遣い	こころづかい	sự quan tâm, chu đáo	
完遂	かんすい	hoàn thành trọn vẹn	
庇う	かばう	che chở, bảo vệ	
背く	そむく	làm trái, chống lại	
いっしゅう	いっしゅう	-	
謹む	つつしむ	kính cẩn (khiêm nhường)	
言い出せる	いいだせる	nói ra được	
向かい合う	むかいあう	đối diện nhau	
切れ	きれ	đứt	
幸福	こうふく	hạnh phúc	
仲直り	なかなおり	làm lành	
働ける	はたらける	làm việc được	
つみかさねる	つみかさねる	tích lũy, chồng chất	
一朝一夕	いっちょういっせき	một sớm một chiều	
飛び込める	とびこめる	nhảy vào	
にっと	にっと	cười toe	
巨岩	きょがん	tảng đá lớn	
トス	とす	-	
はいれる	はいれる	vào được	
巻物	まきもの	cuộn giấy, cuộn sách	
秘す	ひす	giữ bí mật, che giấu	
線引き	せんひき	vạch ranh giới	
富豪	ふごう	phú hào, người giàu	
しめっぽい	しめっぽい	ảm đạm, u sầu	
辛気臭い	しんきくさい	ảm đạm, buồn chán	
胃袋	いぶくろ	dạ dày, bao tử	
二言	にごん	nói hai lời, nuốt lời	
出	しゅつ	mọc (trăng), xuất hiện	で
塗り替える	ぬりかえる	sơn lại, phủ màu mới	
考え出す	かんがえだす	bắt đầu nghĩ; nghĩ ra	
中天	ちゅうてん	giữa trời	
安らぎ	やすらぎ	sự bình yên	
掴み合う	つかみあう	túm lấy nhau, đánh nhau	
細工	さいく	gian lận, giở trò; chế tác	
言いがかり	いいがかり	vu khống, bắt bẻ vô cớ	
目盛り	めもり	vạch chia (cân, thước)	
ダチョウ	だちょう	đà điểu	
傾き	かたむき	độ nghiêng	
砂原	すなはら	bãi cát, sa mạc	
立ちすくむ	たちすくむ	đứng chết trân	
だきあげる	だきあげる	bế lên	
甲殻	こうかく	vỏ giáp	
名残	なごり	dấu tích, di tích	
門徒	もんと	môn đồ	
書き出し	かきだし	câu mở đầu	
遺産	いさん	di sản	
サボテン	さぼてん	xương rồng	
へとへと	へとへと	mệt lử	
技術	ぎじゅつ	kỹ thuật, kỹ năng	
ぞろぞろ	ぞろぞろ	lũ lượt	
けっとう	けっとう	quyết đấu	
決闘	けっとう	quyết đấu	
代理人	だいりにん	người đại diện	
出歩く	であるく	đi ra ngoài, đi dạo	
蠢く	うごめく	ngọ nguậy, lúc nhúc	
一筋縄	ひとすじなわ	cách thông thường (一筋縄ではいかない: khó đối phó)	
乱戦	らんせん	hỗn chiến	
流れ込む	ながれこむ	tràn vào	
逸らす	そらす	lảng đi, tránh (ánh mắt)	
戦ぐ	そよぐ	-	
見せ物	みせもの	trò trình diễn, trò mua vui	
しみ	しみ	-	
おさない	おさない	-	
奮発	ふんぱつ	chi mạnh tay	
騒動	そうどう	náo loạn, rối ren	
居る	おる	ở, có mặt	いる
攻防	こうぼう	công thủ	
容易い	たやすい	dễ dàng	
長ける	たける	-	
しっくり	しっくり	vừa vặn, hợp	
ねらえる	ねらえる	nhắm được	
一対一	いちたいいち	một đối một	
行きつけ	いきつけ	quen (quán hay lui tới)	
香水	こうすい	nước hoa	
アトリエ	あとりえ	xưởng, phòng làm việc	
嗅ぐ	かぐ	ngửi	
濃厚	のうこう	nồng, đậm đặc	
もげる	もげる	rụng ra, đứt lìa	
エキス	えきす	tinh chất	
うすめる	うすめる	pha loãng	
希釈	きしゃく	pha loãng	
嗅覚	きゅうかく	khứu giác	
ベース	べえす	nền, cơ sở	
精油	せいゆ	tinh dầu	
混ぜ合う	まぜあう	trộn lẫn	
香る	かおる	tỏa hương	
リハーサル	りはあさる	diễn tập	
アーク灯	ああくとう	đèn hồ quang	
破裂	はれつ	nổ tung, vỡ	
雨水	あまみず	nước mưa	
屋内	おくない	trong nhà	
配線	はいせん	dây điện	
ショート	しょうと	chập điện	
ぽたぽた	ぽたぽた	(nhỏ giọt) tí tách	
われ目	われめ	khe nứt	
梁	やな	xà nhà	はり
よじ登る	よじのぼる	leo, trèo	
滴る	したたる	nhỏ giọt	
思い込み	おもいこみ	định kiến, tin chắc sai	
真上	まうえ	ngay phía trên	
もらす	もらす	thốt ra, để lộ	
悪者	わるもの	kẻ xấu	
遺品	いひん	di vật	
特有	とくゆう	đặc trưng	
むせ返る	むせかえる	nghẹt thở, ngột ngạt	
遺族	いぞく	gia quyến người mất	
上書き	うわがき	ghi đè	
何だか	なんだか	là gì đó; không hiểu sao	
重苦しい	おもくるしい	nặng nề, ngột ngạt	
ルミドゥース・ベル	るみどぅうす・べる	hoa chuông Lumidouce	
寄り添える	よりそえる	đồng hành, ở bên được	
香しい	かぐわしい	-	
名づける	なづける	đặt tên	
召す	めす	(お気に召す) vừa ý (kính ngữ)	
きつける	きつける	-	
海風	かいふう	gió biển	
根強い	ねづよい	bền vững, vững chắc	
和む	なごむ	dịu lại, thư thái	
パティスリー	ぱてぃすりい	tiệm bánh ngọt	
雑多	ざった	lộn xộn, đủ loại	
ラベンダー	らべんだあ	hoa oải hương	
鉱石	こうせき	quặng	
槌	つち	cái búa	
ドリル	どりる	mũi khoan, máy khoan	
ばたばた	ばたばた	(đập chân) lạch bạch, loạng choạng	
ばたつかせる	ばたつかせる	vùng vẫy, đập (chân tay)	
裏山	うらやま	núi sau làng	
ざくざく	ざくざく	(thu được) rất nhiều	
つまみ上げる	つまみあげる	nhón lên, nhặt lên	
共感	きょうかん	đồng cảm	
けっしょう	けっしょう	tinh thể	
コレクション	これくしょん	bộ sưu tập	
ずっしり	ずっしり	nặng trĩu	
ガガッ	ががっ	(tiếng máy) rè rè, kẹt	
耳障り	みみざわり	chói tai	
鍛冶	たんや	nghề rèn	かじ
ハンモック	はんもっく	võng	
寝ころぶ	ねころぶ	nằm lăn ra	
満喫	まんきつ	tận hưởng	
使いこむ	つかいこむ	dùng lâu, dùng nhiều	
岩盤	がんばん	nền đá	
上がり	あがり	xong (一丁上がり: xong rồi)	
使い手	つかいて	người sử dụng	
組み込む	くみこむ	lắp vào, tích hợp	
スタビライザー	すたびらいざあ	bộ ổn định	
機体	きたい	thân máy	
ブレ	ぶれ	rung lắc, chao đảo	
乗り手	のりて	người điều khiển	
試運転	しうんてん	chạy thử	
滑り出し	すべりだし	khởi đầu	
こわばる	こわばる	cứng đờ	
乗りこなせる	のりこなせる	điều khiển thành thạo được	
日焼け	ひやけ	rám nắng	
まちかまえる	まちかまえる	chờ sẵn, phục sẵn	
差しかかる	さしかかる	đi tới, đến gần	
つっこむ	つっこむ	lao vào, xông vào	
ストップ	すとっぷ	dừng lại	
ナイス	ないす	tốt lắm, hay lắm	
変哲	へんてつ	khác thường (何の変哲もない: bình thường)	
ガクガク	がくがく	run lẩy bẩy	
一言	いちげん	một lời	ひとこと
ことごとく	ことごとく	tất cả, hoàn toàn	
場外	じょうがい	ngoài sân đấu	
くだける	くだける	vỡ vụn	
粉砕	ふんさい	đập tan, nghiền nát	
溶岩	ようがん	dung nham	
素っ気	そっけ	lạnh nhạt (素っ気ない)	
密林	みつりん	rừng rậm	
鉤		cái móc (鉤縄: dây móc)	かぎ
貸し借り	かしかり	vay mượn, nợ nần	
等価	とうか	ngang giá	
オウム	おうむ	con vẹt	
梢	こずえ	ngọn cây	
聞き覚え	ききおぼえ	nghe quen	
甲高い	かんだかい	the thé, cao vút	
わめく	わめく	la hét, gào	
くちばし	くちばし	mỏ chim	
隣村	りんそん	làng bên	
病人	びょうにん	người bệnh	
ハンミョウ	はんみょう	bọ hổ (côn trùng)	
がっちり	がっちり	chặt chẽ, chắc chắn	
遠回り	とおまわり	đường vòng	
走り抜ける	はしりぬける	chạy xuyên qua, chạy một mạch	
血色	けっしょく	sắc mặt hồng hào	
とりつく	とりつく	nhập vào, ám	
どす黒い	どすぐろい	đen kịt, đen ngòm	
八つ裂き	やつざき	xé xác	
おびきよせる	おびきよせる	dụ tới, nhử	
おびき寄せる	おびきよせる	dụ tới, nhử	
穢れ	けがれ	ô uế, sự vấy bẩn	
打ち払う	うちはらう	đánh bật, xua tan	
うずく	うずく	ngứa ngáy, nhức nhối	
誇示	こじ	khoe khoang, phô trương	
ハチドリ	はちどり	chim ruồi	
ホエザル	ほえざる	khỉ rú	
うるささ	うるささ	sự ồn ào	
ひれ伏す	ひれふす	phủ phục	
しおらしい	しおらしい	ngoan ngoãn, nhu mì	
盗み聞き	ぬすみぎき	nghe lén	
呑み込む	のみこむ	nuốt chửng	
持ち物	もちもの	đồ mang theo	
金遣い	かねづかい	cách tiêu tiền	
食い物	くいもの	đồ ăn	
ちょき	ちょき	-	
貯金	ちょきん	tiết kiệm tiền	
心当たり	こころあたり	có biết, có manh mối	
住める	すめる	sống được, ở được	
聞かす	きかす	cho nghe (聞かされる: bị bắt nghe)	
ボード	ぼうど	tấm ván	
サメ	さめ	cá mập	
取り柄	とりえ	điểm mạnh, ưu điểm	
波乗り	なみのり	lướt sóng	
飛びのる	とびのる	nhảy lên (ván, xe)	
べた	べた	hoàn toàn (べた凪: lặng như tờ)	
凪	なぎ	biển lặng	
デー	でえ	ngày (day)	
ヤシ	やし	cây dừa	
談笑	だんしょう	chuyện trò vui vẻ	
思い思い	おもいおもい	mỗi người một kiểu	
家族づれ	かぞくづれ	đi cùng gia đình	
耐え抜く	たえぬく	chịu đựng đến cùng	
手頃	てごろ	vừa phải, phù hợp	
ザブーン	ざぶうん	(tiếng nước) ùm, tõm	
泣かす	なかす	làm cho khóc	
ふうせん	ふうせん	bóng bay	
風船	ふうせん	bóng bay	
合戦	かっせん	trận chiến, cuộc đấu	
パクッ	ぱくっ	(đớp) một phát	
飲み込む	のみこむ	nuốt	
冷	ひや	lạnh	つめ
バシャッ	ばしゃっ	(tiếng nước) bõm, tóe	
顔面	がんめん	mặt	
店番	みせばん	trông cửa hàng	
いらう	いらう	-	
絶賛	ぜっさん	được khen ngợi hết lời	
オッケー	おっけえ	OK, được	
キーホルダー	きいほるだあ	móc khóa	
非売品	ひばいひん	hàng không bán	
わき出る	わきでる	phun ra, trào ra	
こんこん	こんこん	(nước) tuôn trào không ngớt	
念入り	ねんいり	kỹ lưỡng	
ほぐす	ほぐす	làm giãn, thả lỏng	
透き通る	すきとおる	trong suốt	
南国	なんごく	xứ nhiệt đới	
ジューシー	じゅうしい	mọng nước	
郷土	きょうど	quê hương, địa phương	
中元	ちゅうげん	-	
ヘッドホン	へっどほん	tai nghe	
寝そべる	ねそべる	nằm dài	
そむ	そむ	-	
出直す	でなおす	quay lại sau	
押しかける	おしかける	kéo đến không mời	
律動	りつどう	nhịp điệu	
一丁	いっちょう	một phần, một cái (一丁上がり: xong)	
スケート	すけえと	trượt (ván, patin)	
サンプリング	さんぷりんぐ	lấy mẫu (âm thanh)	
さえずり	さえずり	tiếng chim hót líu lo	
探検	たんけん	thám hiểm	
再生	さいせい	phát lại; tái sinh	
ビート	びいと	nhịp (beat)	
メロディ	めろでぃ	giai điệu	
合わさる	あわさる	hòa vào nhau, kết hợp	
重なり合う	かさなりあう	chồng lên nhau, hòa quyện	
こよみ	こよみ	lịch	
暦	こよみ	lịch	
打ち直す	うちなおす	rèn lại	
ハンマー	はんまあ	búa	
気だるい	けだるい	uể oải, lờ đờ	
せんじょう	せんじょう	chiến trường	
古戦場	こせんじょう	chiến trường xưa	
連れ帰る	つれかえる	đưa về, dẫn về	
祝祭	しゅくさい	lễ hội, ngày hội	
一番やり	いちばんやり	-	
ミックス	みっくす	bản phối (mix)	
テコ	てこ	đòn bẩy (テコでも: nhất quyết)	
レース	れえす	cuộc đua	
仲裁	ちゅうさい	hòa giải, can ngăn	
大弓	だいきゅう	cung lớn	
調停	ちょうてい	hòa giải, điều đình	
食える	くえる	ăn được	
燃		-	ねん
性質	せいしつ	tính chất	
弾倉	だんそう	ổ đạn, băng đạn	
薬莢	やっきょう	vỏ đạn	
角笛	つのぶえ	tù và (sừng)	
火蓋	ひぶた	nắp mồi súng (火蓋が切られる: khai chiến)	
硝煙	しょうえん	khói thuốc súng	
うちたおす	うちたおす	bắn hạ, đánh gục	
急降下	きゅうこうか	lao xuống, bổ nhào	
至近	しきん	rất gần (至近距離: cự ly gần)	
銃身	じゅうしん	nòng súng	
まれ	まれ	-	
手綱	たづな	dây cương	
思い通り	おもいどおり	theo ý muốn	
ぎざぎざ	ぎざぎざ	lởm chởm, răng cưa	
切り口	きりくち	vết cắt	
じゃれる	じゃれる	nô đùa, vờn nhau	
とびだす	とびだす	nhảy ra, lao ra	
どっと	どっと	(cười) ồ lên	
窺える	うかがえる	có thể thấy, nhận ra	
矢じり	やじり	đầu mũi tên	
属す	ぞくす	thuộc về	
闘技	とうぎ	đấu võ (闘技場: đấu trường)	
射撃	しゃげき	bắn súng, xạ kích	
一本勝負	いっぽんしょうぶ	đấu một trận quyết định	
とびたつ	とびたつ	bay lên, cất cánh	
風切り	かざきり	xé gió (風切り音: tiếng rít gió)	
誉れ	ほまれ	vinh dự, danh dự	
滑空	かっくう	lượn, bay lượn	
おこれる	おこれる	có thể nổi giận	
てきめん	てきめん	hiệu quả tức thì	
畝	うね	luống (đất trồng)	
そり	そり	-	
丸々	まるまる	tròn trịa, mập mạp	
根菜	こんさい	rau củ (loại rễ)	
ぼっと	ぼっと	-	
引き抜く	ひきぬく	nhổ lên, rút ra	
里	さと	làng, quê	
見通せる	みとおせる	nhìn xa được, nhìn thấu	
かくせる	かくせる	có thể che giấu	
泣き腫らす	なきはらす	khóc sưng mắt	
巣箱	すばこ	tổ ong (hộp), hộp tổ	
さされる	さされる	bị đốt, bị chích	
手前	てまえ	phía trước, phía gần	
女王蜂	じょおうばち	ong chúa	
とろり	とろり	sánh, sền sệt	
芳醇	ほうじゅん	thơm nồng, đậm đà	
あま	あま	-	
戸棚	とだな	tủ chạn, tủ đựng đồ	
溜め込む	ためこむ	tích trữ, dồn lại	
こうもり	こうもり	con dơi	
跳ね返る	はねかえる	dội lại, bật lại	
薄闇	うすやみ	bóng tối lờ mờ	
雨漏り	あまもり	dột mưa	
湯飲み	ゆのみ	chén uống trà	
受け売り	うけうり	nói lại lời người khác	
けし	けし	-	
種まき	たねまき	gieo hạt	
ほくほく	ほくほく	bùi, bở (khoai nóng)	
果樹	かじゅ	cây ăn quả	
半音	はんおん	nửa cung (âm nhạc)	
拗ねる	すねる	dỗi, hờn dỗi	
冬眠	とうみん	ngủ đông	
気味悪い	きみわるい	đáng sợ, rợn người	
堅苦しい	かたくるしい	cứng nhắc, khách sáo	
来たす	きたす	-	
競い合う	きそいあう	cạnh tranh, thi thố với nhau	
安らぐ	やすらぐ	được yên nghỉ, thanh thản	
代価	だいか	cái giá phải trả	
けつ	けつ	-	
健気	けなげ	kiên cường, đáng khen	
炎天下	えんてんか	dưới trời nắng gắt	
颯爽	さっそう	oai phong, hiên ngang	
走り	はしり	chạy; chuyến chạy (xe)	
噴煙	ふんえん	khói phun (núi lửa)	
振り落とす	ふりおとす	hất văng xuống	
崇める	あがめる	tôn thờ, sùng bái	
言いあう	いいあう	tranh luận, nói qua lại	
白熱	はくねつ	sôi nổi, gay cấn	
押せる	おせる	có thể đẩy	
決戦	けっせん	trận quyết chiến	
かぎり	かぎり	giới hạn	
無限	むげん	vô hạn	
発する	はっする	phát ra, thốt ra	
山の端	やまのは	đường viền núi, đỉnh núi	
長旅	ながたび	chuyến đi dài	
球技	きゅうぎ	môn thể thao bóng	
切りかえる	きりかえる	chuyển đổi, thay đổi	
成し遂げる	なしとげる	hoàn thành, đạt được	
おちこむ	おちこむ	chán nản, suy sụp	
浴びせる	あびせる	tạt vào, xối vào	
来客	らいきゃく	khách đến chơi	
ひどく	ひどく	rất, cực kỳ	
丸見え	まるみえ	lộ rõ, thấy hết	
寝転がる	ねころがる	nằm dài, nằm ườn	
黒曜石	こくようせき	đá obsidian (hắc diện thạch)	
由緒	ゆいしょ	lai lịch, nguồn gốc lâu đời	
古文書	こもんじょ	văn thư cổ	
言い伝える	いいつたえる	truyền miệng lại	
センツォン・ミミスコア	せんつぉん・みみすこあ	-	
ひとつひとつ	ひとつひとつ	từng cái một	
這い出す	はいだす	bò ra	
飼い犬	かいいぬ	chó nuôi	
労う	ねぎらう	khen ngợi công sức, an ủi	
押しつぶす	おしつぶす	đè bẹp	
着々	ちゃくちゃく	đều đặn, từng bước	
冠	かんむり	vương miện	
衆人	しゅうじん	đám đông, mọi người	
滅入る	めいる	chán nản, buồn bã	
うねる	うねる	uốn lượn, cuộn sóng	
大蛇	だいじゃ	rắn lớn, mãng xà	
よこたわる	よこたわる	nằm ngang, nằm la liệt	
連れ戻せる	つれもどせる	có thể đưa trở về	
年の瀬	としのせ	cuối năm	
ネモンテミ	ねもんてみ	Nemontemi (5 ngày không tên cuối năm)	
年中	ねんじゅう	quanh năm, lúc nào cũng	
献上	けんじょう	dâng lên, cống nạp	
テオイスタク	ておいすたく	Teoiztac (đá trắng thiêng)	
神聖	しんせい	thiêng liêng	
契る	ちぎる	thề ước, giao ước	
吉	きち	điềm lành, tốt lành	
マンゴー	まんごう	quả xoài	
思い過ごす	おもいすごす	lo xa, nghĩ quá nhiều	
かき分ける	かきわける	rẽ (đám đông), vạch ra	
ぺちゃんこ	ぺちゃんこ	bẹp dí	
銀	ぎん	bạc	
編み目	あみめ	mắt đan, đường đan	
燕	つばめ	chim én	
山菜	さんさい	rau rừng	
苦笑	くしょう	cười gượng, cười khổ	
崖っぷち	がけっぷち	mép vực	
とびおりる	とびおりる	nhảy xuống	
翻る	ひるがえる	lật mình, phấp phới	
遊び場	あそびば	sân chơi, nơi vui chơi	
節	ふし	đốt (tre, mây)	
沢	さわ	khe suối	
編める	あめる	có thể đan	
骨組み	ほねぐみ	khung sườn	
あむ	あむ	đan, bện	
澄みわたる	すみわたる	trong trẻo, tĩnh lặng	
編み上げる	あみあげる	đan xong, đan thành	
猊		-	げい
ひゅっ	ひゅっ	(bay) vút	
輪っか	わっか	cái vòng	
分家	ぶんけ	chi nhánh (dòng họ phụ)	
出だし	でだし	-	
本家	ほんけ	dòng chính (gia tộc)	
風水	ふうすい	phong thủy	
あり	あり	có (văn cổ)	
珠	たま	hạt ngọc	
くじく	くじく	trẹo, bong gân	
蔓	つる	dây leo	
ひっぱる	ひっぱる	kéo	
歓び	よろこび	niềm vui	
峠	とうげ	đèo	
首輪	くびわ	vòng cổ	
腕輪	うでわ	vòng tay	
たたむ	たたむ	gấp lại	
浸す	ひたす	ngâm, nhúng	
あやかし	あやかし	yêu quái, ma quỷ	
言い伝え	いいつたえ	truyền thuyết, lời truyền lại	
満点	まんてん	tuyệt đối, đầy đủ	
八卦	はっけ	bát quái, bói toán	
悪夢	あくむ	ác mộng	
湯屋	ゆや	nhà tắm công cộng	
まくら	まくら	cái gối	
夢見	ゆめみ	-	
獏	ばく	con baku (ăn giấc mơ)	
そぞろ	そぞろ	thong thả (そぞろ歩き: đi dạo)	
たびたび	たびたび	thường xuyên, nhiều lần	
朝日	あさひ	mặt trời buổi sáng	
戦く	おののく	-	
朝餉	あさげ	bữa sáng	
盛況	せいきょう	đông đúc, thịnh vượng	
湯上がり	ゆあがり	vừa tắm xong	
黄昏	たそがれ	hoàng hôn	
まん丸	まんまる	tròn vành vạnh	
ふりむく	ふりむく	quay lại, ngoảnh lại	
のびのび	のびのび	thoải mái, tự do	
湯船	ゆぶね	bồn tắm	
まどろむ	まどろむ	ngủ lơ mơ, chợp mắt	
ことさら	ことさら	đặc biệt, càng thêm	
決まって	きまって	luôn luôn, chắc chắn	
豊穣	ほうじょう	phì nhiêu, trù phú	
右肩	みぎかた	vai phải	
やらす	やらす	bắt làm (やらされる: bị bắt làm)	
なまける	なまける	lười biếng	
動作	どうさ	động tác	
やり直し	やりなおし	làm lại	
こす	こす	-	
染み込む	しみこむ	thấm vào, ngấm vào	
ばね	ばね	lò xo	
うずうず	うずうず	ngứa ngáy, nôn nóng	
科学	かがく	khoa học	
穀物	こくもつ	ngũ cốc	
組み合わせる	くみあわせる	kết hợp, phối hợp	
拷問	ごうもん	tra tấn	
半信半疑	はんしんはんぎ	bán tín bán nghi	
味気	あじけ	hương vị (味気ない: nhạt nhẽo)	
登頂	とうちょう	leo lên đỉnh	
見きわめる	みきわめる	xác định rõ, nhìn thấu	
だっこ	だっこ	bế, ẵm	
わたせる	わたせる	-	
急坂	きゅうざか	dốc đứng	
抱っこ	だっこ	bế, ẵm	
運動会	うんどうかい	hội thao	
出し切る	だしきる	dốc hết (sức)	
歩行	ほこう	đi bộ	
競走	きょうそう	cuộc thi chạy	
テープ	てえぷ	băng, dây (về đích)	
重心	じゅうしん	trọng tâm	
順位	じゅんい	thứ hạng	
リレー	りれえ	chạy tiếp sức	
アンカー	あんかあ	người chạy chặng cuối	
走者	そうしゃ	người chạy	
バトン	ばとん	gậy tiếp sức	
教え子	おしえご	học trò	
フォーム	ふぉうむ	tư thế, dáng (form)	
予備	よび	dự phòng	
ホイッスル	ほいっする	cái còi	
丸まる	まるまる	cong lại, cuộn tròn	
無心	むしん	chuyên chú, không suy nghĩ	
ダッシュ	だっしゅ	chạy nước rút	
たわわ	たわわ	trĩu (quả)	
ドシン	どしん	(tiếng) rầm, uỳnh	
いっちょう	いっちょう	một phen (làm thử)	
装着	そうちゃく	đeo vào, lắp vào	
グーグー	ぐうぐう	ngáy khò khò	
ペコペコ	ぺこぺこ	đói meo	
外周	がいしゅう	vòng ngoài, chu vi	
ひょっと	ひょっと	(ひょっとして) biết đâu, có lẽ	
はたく	はたく	-	
カーッ	かあっ	(nóng) bừng bừng	
ケロッと	けろっと	tỉnh bơ, như không có gì	
しぼむ	しぼむ	héo, xẹp xuống	
タッチ	たっち	chạm	
ジャンプ	じゃんぷ	nhảy	
チャージ	ちゃあじ	nạp (năng lượng)	
跳躍	ちょうやく	nhảy vọt	
ドォン	どぉん	(tiếng) đùng, uỳnh	
舞い戻る	まいもどる	quay trở về	
びりびり	びりびり	rung bần bật	
候補	こうほ	ứng cử viên	
ヴァレサー	ゔぁれさあ	-	
祝勝	しゅくしょう	mừng chiến thắng	
舌鼓	したつづみ	chép miệng (舌鼓を打つ: ăn ngon lành)	
だきつく	だきつく	ôm chầm	
抱きつく	だきつく	ôm chầm	
飛びこむ	とびこむ	nhảy vào, lao vào	
召し上がれる	めしあがれる	mời dùng bữa (kính ngữ)	
ベソ	べそ	mếu máo (ベソをかく: mếu khóc)	
泣き虫	なきむし	đứa hay khóc	
激闘	げきとう	trận đấu ác liệt	
さんじょ	さんじょ	-	
ピンチ	ぴんち	tình thế nguy cấp	
ちらりと	ちらりと	thoáng qua, liếc	
目配せ	めくばせ	nháy mắt ra hiệu	
決め	きめ	quyết định (決め技: chiêu kết liễu)	
合体	がったい	hợp thể, kết hợp	
もぐ	もぐ	hái, bứt (quả)	
ごかい	ごかい	năm lần	
特大	とくだい	cỡ đặc biệt lớn	
ポカポカ	ぽかぽか	ấm áp	
芳しい	かんばしい	thơm ngát	
腹の虫	はらのむし	con sâu trong bụng (cơn đói)	
もりつける	もりつける	bày (món ăn) ra đĩa	
グゥ	ぐぅ	(bụng) kêu ọc ọc	
シェフ	しぇふ	đầu bếp	
しょうじ	しょうじ	-	
きなか	きなか	-	
ふたたび	ふたたび	lần nữa	
トントン	とんとん	(tiếng) cộc cộc (thái rau)	
トントントン	とんとんとん	(tiếng) cộc cộc cộc (thái rau)	
食前	しょくぜん	trước bữa ăn	
洗い物	あらいもの	rửa bát, đồ cần rửa	
おなべ	おなべ	cái nồi	
弱火	よわび	lửa nhỏ	
ひとつまみ	ひとつまみ	một nhúm	
プリン	ぷりん	bánh pudding (flan)	
カラメル	からめる	caramen	
見極め	みきわめ	nhận định chính xác	
はく色	はくしょく	-	
オチ	おち	kết cục, đoạn kết (câu chuyện)	
晩餐	ばんさん	bữa tiệc tối	
タクト	たくと	đũa chỉ huy	
交響曲	こうきょうきょく	bản giao hưởng	
かき混ぜる	かきまぜる	khuấy trộn	
うきょく	うきょく	-	
雪白	せっぱく	trắng như tuyết	
ゼリー	ぜりい	thạch (jelly)	
配合	はいごう	phối trộn, pha chế	
塩焼き	しおやき	nướng muối	
甘み	あまみ	vị ngọt	
考案	こうあん	nghĩ ra, sáng chế	
ハウス	はうす	nhà (house)	
吹き上げる	ふきあげる	thổi ngược lên	
軟膏	なんこう	thuốc mỡ	
診療	しんりょう	khám chữa bệnh	
クク	くく	(tiếng kêu) cục cục	
どなる	どなる	quát tháo	
すりつぶす	すりつぶす	nghiền nát	
すり潰す	すりつぶす	nghiền nát	
練り合わせる	ねりあわせる	nhào trộn	
垂れ下がる	たれさがる	rủ xuống	
出っ張る	でっぱる	nhô ra	
足がかり	あしがかり	chỗ đặt chân, bàn đạp	
茂る	しげる	mọc um tùm, xanh tốt	
ホバリング	ほばりんぐ	bay lơ lửng tại chỗ	
道ばた	みちばた	bên đường	
変わり目	かわりめ	thời điểm chuyển giao	
接種	せっしゅ	tiêm chủng	
そよ風	そよかぜ	gió nhẹ	
付けどころ	つけどころ	điểm chú ý (目の付けどころ)	
ブツブツ	ぶつぶつ	lẩm bẩm	
漏れ	もれ	sót, bỏ sót	
越せる	こせる	có thể vượt qua (mùa đông)	
山場	やまば	thời khắc quyết định, cao điểm	
鎮静	ちんせい	an thần, làm dịu	
腹痛	はらいた	đau bụng	
汚染	おせん	ô nhiễm	
斑点	はんてん	đốm, chấm	
ちゃちゃ	ちゃちゃ	(ちゃちゃっと) nhanh gọn	
解毒	げどく	giải độc	
薬液	やくえき	dung dịch thuốc	
分量	ぶんりょう	liều lượng, phân lượng	
入れ替える	いれかえる	thay đổi, đổi chỗ	
すきとおる	すきとおる	trong suốt	
翠色	すいしょく	màu xanh ngọc	
組み替える	くみかえる	sắp xếp lại	
ムシャムシャ	むしゃむしゃ	nhai ngấu nghiến	
ピース	ぴいす	mảnh ghép	
かんかん	かんかん	giận sôi (かんかんに怒る)	
息巻く	いきまく	hùng hổ, đùng đùng	
追い払う	おいはらう	đuổi đi	
丹念	たんねん	tỉ mỉ, cẩn thận	
不作	ふさく	mất mùa	
山すそ	やますそ	chân núi	
渋る	しぶる	chần chừ, miễn cưỡng	
ついばむ	ついばむ	mổ (thức ăn)	
つつみこむ	つつみこむ	bao bọc, ôm trọn	
しくじる	しくじる	thất bại, làm hỏng	
両方向	りょうほうこう	hai chiều	
お互い様	おたがいさま	cả hai như nhau	
図体	ずうたい	thân hình (to lớn)	
甘えん坊	あまえんぼう	người hay làm nũng	
同体	どうたい	đồng thể (一心同体: đồng lòng)	
上昇	じょうしょう	tăng lên, bay lên	
気流	きりゅう	luồng khí	
借り物	かりもの	đồ đi mượn	
循環	じゅんかん	tuần hoàn	
はてる	はてる	tận cùng; (sau động từ) hoàn toàn	
荒野	あらの	vùng hoang dã	
うごめく	うごめく	lúc nhúc, ngọ nguậy	
一旦	いったん	tạm thời, trước hết	
長剣	ちょうけん	trường kiếm	
ほっぺた	ほっぺた	má	
逡巡	しゅんじゅん	do dự, chần chừ	
裂け目	さけめ	khe nứt, vết nứt	
綻ぶ	ほころぶ	rách, hở ra; hé nở	
くらいする	くらいする	-	
いっけん	いっけん	một nhát kiếm	
ランタン	らんたん	đèn lồng	
ねがいでる	ねがいでる	-	
部類	ぶるい	loại, hạng	
勧め	すすめ	lời khuyên, gợi ý	
似合い	にあい	phù hợp, xứng	
かれん	かれん	-	
費やす	ついやす	tiêu tốn, dành (thời gian)	
生ける	いける	cắm (hoa)	
聖水	せいすい	nước thánh	
ばったり	ばったり	tình cờ (gặp)	
花屋	はなや	tiệm hoa	
ちょうちょ	ちょうちょ	con bướm	
聞き込む	ききこむ	dò hỏi, hỏi thăm	
行き違い	いきちがい	lỡ nhau, đi lệch nhau	
お隣	おとなり	bên cạnh	
相づち	あいづち	gật gù đáp lời	
便箋	びんせん	giấy viết thư	
じゃあじゃあ	じゃあじゃあ	vậy thì, thế thì	
わた毛	わたげ	lông tơ (bồ công anh)	
麦	むぎ	lúa mì	
ナイショ	ないしょ	bí mật	
壊れ物	こわれもの	đồ dễ vỡ	
雨風	あめかぜ	mưa gió	
楽譜	がくふ	bản nhạc	
花瓶	かびん	bình hoa	
合唱	がっしょう	hợp xướng	
直し	なおし	sửa lại, làm lại	
小ぶり	こぶり	nhỏ nhắn	
花びん	かびん	bình hoa	
本数	ほんすう	số lượng (vật dài)	
そうした	そうした	như vậy, như thế	
整え直す	ととのえなおす	sắp xếp lại	
読み上げる	よみあげる	đọc to	
取り組む	とりくむ	nỗ lực, bắt tay làm	
聴こえる	きこえる	nghe được	
手いっぱい	ていっぱい	-	
目覚まし	めざまし	đánh thức; đồng hồ báo thức	
ぴかぴか	ぴかぴか	sáng bóng	
おぼつかない	おぼつかない	chênh vênh, không vững	
イネ	いね	-	
見受ける	みうける	nhận thấy, trông có vẻ	
スキャン	すきゃん	quét (scan)	
接触	せっしょく	tiếp xúc	
不良	ふりょう	hỏng, kém	
直ちに	ただちに	ngay lập tức	
口角	こうかく	khóe miệng	
出力	しゅつりょく	đầu ra, công suất	
該当	がいとう	tương ứng, phù hợp	
件数	けんすう	số lượng (mục)	
保存	ほぞん	lưu trữ, bảo quản	
清掃	せいそう	dọn dẹp, vệ sinh	
モジュール	もじゅうる	mô-đun	
ユニット	ゆにっと	đơn vị, bộ phận	
吸い上げる	すいあげる	hút lên	
除外	じょがい	loại trừ	
胸部	きょうぶ	vùng ngực	
シミュレーター	しみゅれえたあ	trình mô phỏng	
搭載	とうさい	trang bị, lắp đặt	
演算	えんざん	tính toán	
自覚	じかく	tự nhận thức	
レンズ	れんず	thấu kính	
センサー	せんさあ	cảm biến	
熱源	ねつげん	nguồn nhiệt	
感知	かんち	cảm nhận, phát hiện	
前方	ぜんぽう	phía trước	
上の空	うわのそら	lơ đãng	
スリープ	すりいぷ	ngủ (chế độ nghỉ)	
スリープモード	すりいぷもうど	chế độ ngủ	
データベース	でえたべえす	cơ sở dữ liệu	
鏡面	きょうめん	mặt gương	
映し出す	うつしだす	phản chiếu, chiếu ra	
登録	とうろく	đăng ký	
製作	せいさく	chế tạo	
負担	ふたん	gánh nặng	
日曜	にちよう	chủ nhật	
有効	ゆうこう	có hiệu quả	
フォー	ふぉう	phở	
数値	すうち	chỉ số, giá trị số	
共有	きょうゆう	chia sẻ	
メンテナンス	めんてなんす	bảo dưỡng	
低下	ていか	giảm sút	
霜月	しもつき	tháng mười một (âm lịch); Sương Nguyệt	
聖なる	せいなる	thiêng liêng	
ささげる	ささげる	dâng tặng	
組紐	くみひも	dây bện	
編み込む	あみこむ	đan vào, lồng vào	
口伝え	くちづたえ	truyền miệng	
はて	はて	tận cùng	
戒め	いましめ	lời răn	
言い値	いいね	giá người bán đưa ra	
衣服	いふく	quần áo	
付け	つけ	kèm theo (お付けする)	
のこぎり	のこぎり	cái cưa	
ノコギリ	のこぎり	cái cưa	
切り倒す	きりたおす	chặt đổ	
騒然と	そうぜんと	náo loạn	
ねじ伏せる	ねじふせる	khống chế, đè bẹp	
後ろ足	うしろあし	chân sau	
食い込む	くいこむ	cắm sâu vào	
権能	けんのう	quyền năng	
貪る	むさぼる	tham lam, vơ vét	
欲	ほっ	ham muốn (欲する: khao khát)	
紋様	もんよう	hoa văn	
大祭	たいさい	đại lễ	
あみこむ	あみこむ	đan vào, lồng vào	
遣い	つかい	sứ giả	
めった	めった	(めったに) hiếm khi	
夜長	よなが	đêm dài	
心外	しんがい	bất ngờ, phật ý	
おぶる	おぶる	cõng	
母ちゃん	かあちゃん	mẹ (thân mật)	
石壁	いしかべ	tường đá	
顔なじみ	かおなじみ	người quen mặt	
おそらくは	おそらくは	có lẽ	
掻き消える	かききえる	biến mất	
山林	さんりん	núi rừng	
おいだす	おいだす	đuổi ra	
月下	げっか	dưới trăng	
凝り固まる	こりかたまる	đông cứng lại, tụ lại	
眩い	まばゆい	chói lóa	
粉々	こなごな	tan tành	
忘れ	わすれ	quên (お忘れなく: đừng quên)	
オーロラ	おうろら	cực quang	
からきし	からきし	hoàn toàn không (giỏi)	
しんこ	しんこ	-	
煙突	えんとつ	ống khói	
散水	さんすい	tưới nước	
乾かす	かわかす	làm khô, hong khô	
たよれる	たよれる	đáng tin cậy	
自称	じしょう	tự xưng	
じき	じき	-	
磁石	じしゃく	nam châm	
画期的	かっきてき	mang tính đột phá	
スパナ	すぱな	cờ lê	
金物	かなもの	đồ kim loại	
磁場	じば	từ trường	
計測	けいそく	đo đạc	
最適	さいてき	tối ưu	
均衡	きんこう	cân bằng	
アヒル	あひる	con vịt	
運搬	うんぱん	vận chuyển	
愛嬌	あいきょう	dễ thương, duyên dáng	
直進	ちょくしん	đi thẳng	
横倒し	よこだおし	đổ nghiêng, lật ngang	
大回り	おおまわり	đi vòng xa	
別々	べつべつ	riêng biệt	
腹部	ふくぶ	phần bụng	
曲がれる	まがれる	có thể rẽ	
利口	りこう	thông minh, ngoan	
伝動	でんどう	truyền động	
ななめ	ななめ	chéo (ご機嫌ななめ: không vui)	
どける	どける	-	
庫	くら	kho (庫内: bên trong)	こ
大幅	おおはば	mạnh, đáng kể	
同時	どうじ	đồng thời	
進行	しんこう	tiến hành	
むぎ	むぎ	lúa mì	
目分量	めぶんりょう	ước lượng bằng mắt	
ふっくら	ふっくら	phồng xốp, mềm mại	
スポンジ	すぽんじ	bọt biển (bánh bông lan)	
水準	すいじゅん	mức (水準器: thước thủy)	
技法	ぎほう	kỹ thuật, phương pháp	
発電	はつでん	phát điện	
採用	さいよう	chấp nhận, áp dụng	
通気	つうき	thông gió	
引き込む	ひきこむ	dẫn vào, kéo vào	
鳴き	なき	tiếng kêu (động vật)	
供給	きょうきゅう	cung cấp	
行き渡る	いきわたる	phân phát khắp	
不可能	ふかのう	không thể	
温水	おんすい	nước ấm	
圧力	あつりょく	áp lực	
手動	しゅどう	thủ công (bằng tay)	
凍結	とうけつ	đóng băng	
一目瞭然	いちもくりょうぜん	rõ như ban ngày	
ポンプ	ぽんぷ	máy bơm	
窯	かま	lò nung, lò nướng	
難題	なんだい	bài toán khó	
組み込める	くみこめる	có thể lắp vào	
ひとしお	ひとしお	càng thêm, đặc biệt	
アヒルロボ	あひるろぼ	robot vịt	
手さばき	てさばき	tay nghề, thao tác	
焼き付ける	やきつける	khắc sâu (vào mắt)	
冬ごもり	ふゆごもり	trú đông	
読みあさる	よみあさる	đọc ngấu nghiến	
ロボ	ろぼ	robot	
上回る	うわまわる	vượt hơn	
潜入	せんにゅう	thâm nhập	
かちとる	かちとる	-	
かくい	かくい	-	
なじる	なじる	-	
着古し	きふるし	đồ mặc sờn cũ	
買い替える	かいかえる	mua đổi mới	
尾行	びこう	theo dõi, bám đuôi	
優位	ゆうい	ưu thế	
女神	めがみ	nữ thần	
差し向ける	さしむける	phái đến	
売り渡す	うりわたす	bán đứng	
裏切り者	うらぎりもの	kẻ phản bội	
鵜呑み	うのみ	tin sái cổ	
惑う	まどう	mê hoặc (惑わせる); bối rối	
なだれ込む	なだれこむ	ùa vào	
魅惑	みわく	mê hoặc, quyến rũ	
奪い返す	うばいかえす	giành lại	
もろ	もろ	-	
持ち去る	もちさる	mang đi mất	
ずく	ずく	hoàn toàn bằng (計算ずく: tính kỹ)	
逆転	ぎゃくてん	lật ngược tình thế	
聞き上手	ききじょうず	người biết lắng nghe	
好都合	こうつごう	thuận lợi	
空腹	くうふく	đói bụng	
つけどころ	つけどころ	điểm chú ý (目のつけどころ)	
緋色	ひいろ	màu đỏ tươi	
生める	うめる	có thể sinh ra	
急げる	いそげる	khẩn trương (善は急げ)	
両隣	りょうどなり	hai bên cạnh	
むしばむ	むしばむ	ăn mòn, gặm nhấm	
泳ぎ方	およぎかた	cách bơi	
力持	ちからもち	người khỏe (力持ち)	
どんと	どんと	mạnh dạn (どんと来い: cứ tới)	
火の番	ひのばん	trông lửa	
物知り	ものしり	người hiểu biết	
落とし物	おとしもの	đồ đánh rơi	
常識	じょうしき	lẽ thường, thường thức	
ゴホゴホ	ごほごほ	(ho) khụ khụ	
せき込む	せきこむ	ho sặc sụa	
トレジャーハンター	とれじゃあはんたあ	thợ săn kho báu	
ゼーゼー	ぜえぜえ	thở khò khè	
宝探し	たからさがし	tìm kho báu	
トレジャーハンター・ヤフォダ	とれじゃあはんたあ・やふぉだ	-	
本領	ほんりょう	bản lĩnh, sở trường	
山分け	やまわけ	chia đều	
分配	ぶんぱい	phân chia	
組める	くめる	có thể hợp tác	
まんぞく	まんぞく	hài lòng	
たらふく	たらふく	no nê	
払い	はらい	sự trả tiền	
上客	じょうきゃく	khách sộp	
あさまい	あさまい	-	
錠前	じょうまえ	ổ khóa	
取りつける	とりつける	lắp đặt	
なんぼ	なんぼ	bao nhiêu; (てなんぼ) là chuyện thường	
ダメダメ	だめだめ	không được đâu	
スマート	すまあと	khéo léo, thông minh	
てまどる	てまどる	-	
ひねり出す	ひねりだす	nghĩ ra, vắt óc	
臨機応変	りんきおうへん	tùy cơ ứng biến	
スコップ	すこっぷ	cái xẻng	
コンパス	こんぱす	la bàn	
七つ道具	ななつどうぐ	bộ đồ nghề	
賭け	かけ	sự đánh cược	
ゴゴゴ	ごごご	(tiếng) ầm ầm	
地鳴り	じなり	tiếng đất rung	
通路	つうろ	lối đi	
くぐもる	くぐもる	nghèn nghẹt, âm u	
引き返せる	ひきかえせる	có thể quay lại	
砂利	じゃり	sỏi	
土手	どて	bờ đê	
ルビー	るびい	hồng ngọc	
しぶとい	しぶとい	lì lợm, dai dẳng	
砂地	すなじ	đất cát	
真顔	まがお	vẻ mặt nghiêm túc	
反則	はんそく	phạm quy	
ガサリ	がさり	(tiếng) sột soạt	
痩せっぽち	やせっぽち	gầy nhom	
子猫	こねこ	mèo con	
別枠	べつわく	ngoại lệ, riêng biệt	
なけなし	なけなし	chút ít còn lại	
キシキシ	きしきし	(tiếng) kẽo kẹt	
ミシミシ	みしみし	(tiếng) răng rắc, kẽo kẹt	
氷塊	ひょうかい	khối băng	
奈落	ならく	vực sâu thăm thẳm	
すくい上げる	すくいあげる	vớt lên, nâng lên	
先走る	さきばしる	hấp tấp, làm trước	
くすむ	くすむ	xỉn màu	
底なし	そこなし	không đáy	
憂い	うれい	nỗi lo	
プライド	ぷらいど	lòng tự trọng	
華麗	かれい	lộng lẫy, hoa mỹ	
イチコロ	いちころ	gục ngay lập tức	
エスコート	えすこうと	hộ tống, dẫn đường	
ブッブー	ぶっぶう	(tiếng) sai rồi	
あまずっぱい	あまずっぱい	chua ngọt	
ベリー	べりい	quả mọng	
じゅくす	じゅくす	chín	
応		-	おう
必需	ひつじゅ	thiết yếu (必需品)	
もくもく	もくもく	nghi ngút, cuồn cuộn	
独り占め	ひとりじめ	chiếm một mình	
冴え	さえ	trong trẻo, sáng rõ	
ハト	はと	chim bồ câu	
聞き入る	ききいる	chăm chú lắng nghe	
なき声	なきごえ	tiếng kêu, tiếng khóc	
霞む	かすむ	mờ đi	
はいち	はいち	-	
見え隠れ	みえかくれ	lúc ẩn lúc hiện	
切ない	せつない	buồn da diết	
来す	きたす	-	
ひるむ	ひるむ	-	
うとうと	うとうと	ngủ gà ngủ gật	
渓流	けいりゅう	suối trong núi	
白馬	はくば	ngựa trắng	
茲		-	じ
高台	たかだい	chỗ đất cao	
勃然	ぼつぜん	bỗng trỗi dậy mạnh mẽ	
寥		-	りょう
おじょうさん	おじょうさん	cô gái, tiểu thư	
とびこえる	とびこえる	nhảy qua	
飛び越える	とびこえる	nhảy qua	
ぽかんと	ぽかんと	ngẩn ra, há hốc	
呆然	ぼうぜん	sững sờ	
魂魄	こんぱく	hồn phách	
往く	ゆく	đi (văn cổ)	
論じる	ろんじる	bàn luận	
だける	だける	-	
かたどる	かたどる	mô phỏng hình dáng	
蹄	ひずめ	móng guốc	
いち早い	いちはやい	nhanh nhất, sớm nhất	
呼び寄せる	よびよせる	gọi đến, triệu tập	
立ち話	たちばなし	đứng nói chuyện	
寡黙	かもく	ít nói, trầm lặng	
逆立てる	さかだてる	dựng ngược (lông)	
木立	こだち	lùm cây	
せり	せり	-	
追い払える	おいはらえる	có thể đuổi đi	
さえずる	さえずる	hót líu lo	
ふち	ふち	mép, viền	
枝分かれ	えだわかれ	phân nhánh	
抜け落ちる	ぬけおちる	rụng ra	
枯れ枝	かれえだ	cành khô	
ヒグマ	ひぐま	gấu nâu	
手負い	ておい	bị thương	
吼える	ほえる	gầm, rống	
かねる	かねる	-	
逃げ切る	にげきる	chạy thoát	
がたがた	がたがた	(tiếng) lạch cạch, rung lắc	
ゆらす	ゆらす	lay, lắc	
見送れる	みおくれる	có thể đứng nhìn tiễn	
軍馬	ぐんば	chiến mã	
風上	かざかみ	đầu gió	
夜気	やき	khí đêm	
夜鳴き	よなき	hót/kêu về đêm	
嫌がる	いやがる	ghét, không thích	
仕草	しぐさ	cử chỉ	
ふくらむ	ふくらむ	phồng lên, lớn dần	
遠回し	とおまわし	vòng vo	
補い合う	おぎないあう	bổ sung cho nhau	
白湯	さゆ	nước sôi để ấm	
冷え	ひえ	cái lạnh	
腹の中	はらのうち	trong bụng	はらのなか
燃え盛る	もえさかる	cháy rực	
くつろぐ	くつろぐ	thư giãn	
冴え渡る	さえわたる	trong vắt, sáng rõ	
無礼講	ぶれいこう	tiệc không câu nệ	
朗々	ろうろう	vang sang sảng	
生まれながら	うまれながら	bẩm sinh	
出立	しゅったつ	lên đường	
果報者	かほうもの	người may mắn	
音程	おんてい	cao độ (âm)	
宿屋	やどや	nhà trọ	
なみなみ	なみなみ	đầy tràn	
牛耳る	ぎゅうじる	thao túng, nắm quyền	
暴君	ぼうくん	bạo chúa	
ひっくるめる	ひっくるめる	gộp tất cả lại	
伝言	でんごん	lời nhắn	
飲み明かす	のみあかす	uống suốt đêm	
思いやる	おもいやる	quan tâm, thông cảm	
語れる	かたれる	có thể nói về	
委員	いいん	ủy viên (lớp trưởng...)	
紋章	もんしょう	huy hiệu	
長期	ちょうき	dài hạn	
急所	きゅうしょ	chỗ hiểm	
先陣	せんじん	tiên phong (先陣を切る)	
頼み込む	たのみこむ	nài nỉ	
落ち	おち	kết cục (のが落ち)	
噛みしめる	かみしめる	cắn chặt (môi)	
小刀	こがたな	dao nhỏ	
刃先	はさき	mũi dao	
なまくら	なまくら	cùn	
塞がる	ふさがる	lành lại, bị bịt kín	
赴く	おもむく	đi đến	
密書	みっしょ	mật thư	
ローエンッ	ろうえんっ	-	
挽歌	ばんか	bài ai ca	
愚行	ぐこう	hành động ngu ngốc	
地獄	じごく	địa ngục	
動植物	どうしょくぶつ	động thực vật	
分類	ぶんるい	phân loại	
朗報	ろうほう	tin vui	
喜ばしい	よろこばしい	đáng mừng	
でかでか	でかでか	to tướng	
旅だつ	たびだつ	-	
表題	ひょうだい	tiêu đề	
ぱったり	ぱったり	đột ngột (ngừng)	
落石	らくせき	đá rơi	
幸い	さいわい	may mắn thay	
咲き乱れる	さきみだれる	nở rộ	
ようせい	ようせい	tiên, yêu tinh	
妖精	ようせい	tiên, yêu tinh	
牛	うし	con bò	
気候	きこう	khí hậu	
身体	しんたい	cơ thể	からだ
白狐	びゃっこ	cáo trắng	
キツネ	きつね	con cáo	
よみ	よみ	đọc (よみかた: cách đọc)	
飲み込み	のみこみ	tiếp thu (飲み込みが早い)	
ひと息	ひといき	nghỉ một chút	
はう	はう	-	
二股	ふたまた	hai ngả	
茶会	ちゃかい	tiệc trà	
リンリン	りんりん	(tiếng chuông) leng keng	
ハンター	はんたあ	thợ săn	
早とちり	はやとちり	hiểu lầm vội vàng	
ハンター・プルーン	はんたあ・ぷるうん	-	
しがみつく	しがみつく	bám chặt	
ずるずる	ずるずる	trượt dần xuống	
シャーッ	しゃあっ	(mèo) khè	
威嚇	いかく	đe dọa, dọa nạt	
城門	じょうもん	cổng thành	
リュック	りゅっく	ba lô	
意気揚々	いきようよう	hăng hái, phấn chấn	
よろける	よろける	loạng choạng	
留守番	るすばん	trông nhà (ở lại)	
荷造り	にづくり	đóng gói hành lý	
吹き飛ばせる	ふきとばせる	có thể thổi bay	
起こせる	おこせる	có thể tạo ra	
リンリーン	りんりいん	(tiếng chuông) leng keng	
わき	わき	bên cạnh	
荷台	にだい	thùng xe	
石造り	いしづくり	xây bằng đá	
へこたれる	へこたれる	nản lòng	
応戦	おうせん	đánh trả	
リンリーンッ	りんりいんっ	(tiếng chuông) leng keng	
鋭さ	するどさ	sự sắc bén	
ほっぺ	ほっぺ	má	
やくも	やくも	-	
くじける	くじける	nản chí	
困難	こんなん	khó khăn	
鳴らせる	ならせる	có thể làm vang lên	
降り積もる	ふりつもる	rơi chất đống	
靴音	くつおと	tiếng giày	
傀儡	かいらい	con rối	
めっぽう	めっぽう	cực kỳ	
さび	さび	gỉ sét	
純金	じゅんきん	vàng ròng	
錆びる	さびる	bị gỉ	
るほう	るほう	-	
使い物	つかいもの	dùng được, có ích	
蔦	つた	dây thường xuân	
姿見	すがたみ	gương soi toàn thân	
無作法	ぶさほう	vô lễ	
浮遊	ふゆう	trôi nổi, lơ lửng	
零下	れいか	dưới không độ	
なげく	なげく	than thở	
変数	へんすう	biến số	
項目	こうもく	mục, hạng mục	
消し止める	けしとめる	dập tắt	
燃やせる	もやせる	có thể đốt cháy	
トン	とん	(gõ) cộc	
こめかみ	こめかみ	thái dương	
構築	こうちく	xây dựng	
すいせん	すいせん	hoa thủy tiên	
水仙	すいせん	hoa thủy tiên	
しくむ	しくむ	sắp đặt (しくみ: cơ chế)	
欲求	よっきゅう	nhu cầu, mong muốn	
味覚	みかく	vị giác	
覚醒	かくせい	tỉnh táo, thức tỉnh	
作用	さよう	tác dụng	
動き回る	うごきまわる	đi lại khắp nơi	
侮れる	あなどれる	coi thường (侮れない: không thể xem thường)	
無計画	むけいかく	không có kế hoạch	
経路	けいろ	lộ trình	
物悲しい	ものがなしい	buồn man mác	
失	しつ	mất (失くす: làm mất)	なくす
ひとみ	ひとみ	con ngươi, đôi mắt	
水の泡	みずのあわ	bọt nước	
訪れ	おとずれ	sự đến	
民謡	みんよう	dân ca	
紺碧	こんぺき	xanh thẳm	
よりそう	よりそう	sát cánh, đồng cảm	
野外	やがい	ngoài trời	
湖水	こすい	nước hồ	
押し上げる	おしあげる	đẩy lên	
今季	こんき	mùa này	
ひかれる	ひかれる	bị thu hút	
待ち遠しい	まちどおしい	mong chờ	
閃		-	せん
ゆく	ゆく	-	
雪合戦	ゆきがっせん	ném tuyết	
春風	しゅんぷう	gió xuân	
生家	せいか	nhà nơi sinh ra	
先祖	せんぞ	tổ tiên	
急ぎ足	いそぎあし	bước vội	
きりさく	きりさく	xé toạc, chém	
リード	りいど	dẫn dắt	
見晴らし	みはらし	tầm nhìn	
追い散らす	おいちらす	đuổi tán loạn	
負けずぎらい	まけずぎらい	không chịu thua	
腕比べ	うでくらべ	so tài	
狩り場	かりば	bãi săn	
遠雷	えんらい	sấm xa	
隠れ蓑	かくれみの	vỏ bọc, áo tàng hình	
鳴り出す	なりだす	bắt đầu vang lên	
川べり	かわべり	bờ sông	
雪煙	ゆきけむり	bụi tuyết	
穂先	ほさき	mũi giáo	
異変	いへん	biến cố, bất thường	
チッ	ちっ	(tặc lưỡi) chậc	
デカブツ	でかぶつ	con to xác	
シカ	しか	con hươu	
狭まる	せばまる	thu hẹp lại	
世話焼き	せわやき	người hay chăm lo	
集会	しゅうかい	cuộc họp	
雪化粧	ゆきげしょう	phủ tuyết trắng	
走り出る	はしりでる	chạy ra	
突き進む	つきすすむ	xông thẳng tới	
雷撃	らいげき	sét đánh, lôi kích	
踏み込める	ふみこめる	có thể xông vào	
再戦	さいせん	tái đấu	
張り合える	はりあえる	có thể ganh đua	
空模様	そらもよう	thời tiết, bầu trời	
気長	きなが	kiên nhẫn	
縮める	ちぢめる	rút ngắn	
能	のう	năng lực, tài	
種目	しゅもく	môn thi đấu	
撤回	てっかい	rút lại	
粉雪	こゆき	tuyết bột	
白鳥	はくちょう	thiên nga	
まもなく	まもなく	sắp, chẳng mấy chốc	
照明	しょうめい	ánh đèn	
群舞	ぐんぶ	múa tập thể	
取り去る	とりさる	loại bỏ	
オーディション	おうでぃしょん	buổi thử vai	
煽る	あおる	thổi bạt; kích động	
バク	ばく	-	
流れ出す	ながれだす	bắt đầu vang lên, chảy ra	
踏み切る	ふみきる	giậm nhảy; quyết định	
くちる	くちる	-	
むき出し	むきだし	trơ trụi, lộ ra	
はだし	はだし	chân trần	
裸足	はだし	chân trần	
泥まみれ	どろまみれ	lấm lem bùn đất	
とっちめる	とっちめる	trừng trị	
わらわれる	わらわれる	bị cười nhạo	
初演	しょえん	buổi công diễn đầu	
立ち見	たちみ	xem đứng	
純白	じゅんぱく	trắng tinh	
屋上	おくじょう	sân thượng	
厚着	あつぎ	mặc nhiều lớp áo	
辛い	からい	cay (vị cay)	
狩り	かり	săn bắt; truy lùng	
城下	じょうか	khu dưới chân thành	
漏る	もる	-	
嬢	じょう	tiểu thư; cô nương	
座敷	ざしき	phòng trải chiếu (kiểu Nhật)	
立てる	たてる	dựng; đặt đứng	
華	はな	-	
顔	かお	khuôn mặt	
全然	ぜんぜん	hoàn toàn (không)	
分かる	わかる	hiểu; biết	
兄	あに	anh trai	
手つだう	てつだう	giúp đỡ	
知る	しる	biết; tìm hiểu	
青い	あおい	xanh lam	
現す	あらわす	xuất hiện; lộ ra	
髪	かみ	tóc	
以後	いご	từ nay về sau	
早い	はやい	sớm; nhanh	
庭	にわ	sân vườn	
れん	れん	-	
舞	まい	điệu múa	
太刀	たち	thanh kiếm; đường kiếm	
真面目	まじめ	nghiêm túc; chăm chỉ	
綺麗	きれい	đẹp; sạch sẽ	
褒める	ほめる	khen ngợi	
嘘	うそ	lời nói dối	
陽	ひ	ánh mặt trời	
今度	こんど	lần tới; lần này	
点てる	たてる	pha (trà đạo)	
遠く	とおく	nơi xa; đằng xa	
上がる	あがる	đi lên; leo lên	
三つ	みっつ	ba (cái)	
勘定	かんじょう	tính toán; thu chi (tài chính)	
二つ	ふたつ	hai (cái)	
神	かみ	thần; thần linh	
願	ねがい	nguyện vọng; điều ước	
胸	むね	ngực; lồng ngực	
思い	おもい	cảm giác; nỗi lòng	
諦める	あきらめる	từ bỏ; bỏ cuộc	
解ける	とける	tan (băng tuyết)	
本当	ほんとう	thật; sự thật	
参る	まいる	đi (khiêm nhường)	
服	ふく	quần áo	
やって来る	やってくる	đến; tìm đến	
菓子	かし	bánh kẹo	
生きる	いきる	sống	
賑やか	にぎやか	náo nhiệt; nhộn nhịp	
紙	かみ	giấy	
折り紙	おりがみ	gấp giấy origami	
お腹	おなか	bụng	
空く	すく	đói (bụng); trống	
去る	さる	rời đi; qua đời	
継ぐ	つぐ	kế thừa; nối nghiệp	
独り	ひとり	một mình	
寂しい	さびしい	cô đơn; buồn	
澄む	すむ	trong trẻo; trong vắt	
池	いけ	cái ao	
舞う	まう	múa; bay lượn	
息	いき	hơi thở	
揺れる	ゆれる	rung rinh; lay động	
悩む	なやむ	phiền muộn; trăn trở	
発つ	たつ	khởi hành; rời đi	
嬉しい	うれしい	vui mừng	
甘い	あまい	ngọt	
お菓子	おかし	bánh kẹo	
込める	こめる	dồn vào; gửi gắm	
惹く	ひく	thu hút; lôi cuốn	
素敵	すてき	tuyệt vời; đẹp	
運ぶ	はこぶ	vận chuyển; (足を運ぶ) ghé đến	
供	きょう	đi theo; tháp tùng	とも
昨日	きのう	hôm qua	
羨ましい	うらやましい	ghen tị; thèm muốn	
限る	かぎる	tốt nhất là; giới hạn	
気	き	tâm trạng; tinh thần	
再会	さいかい	gặp lại; tái ngộ	
積む	つむ	chất đống; tích lũy	
机	つくえ	cái bàn	
走る	はしる	chạy; lướt (bút)	
龍	りゅう	rồng	
魔	ま	-	
起こす	おこす	gây ra; đánh thức	
街	まち	thành phố; phố phường	
窓	まど	cửa sổ	
城	しろ	thành; lâu đài	じょう
遠い	とおい	xa	
起こる	おこる	xảy ra; nổi lên	
傷	きず	vết thương	
一つ	ひとつ	một (cái)	
帰る	かえる	trở về	
下げる	さげる	hạ xuống; cúi (đầu)	
逃げる	にげる	chạy trốn	
腕	うで	cánh tay	
痛い	いたい	đau	
甘える	あまえる	nũng nịu; nhận lòng tốt	
盾	たて	cái khiên	
更ける	ふける	về khuya	
更かす	ふかす	thức khuya	
毎晩	まいばん	mỗi tối	
立派	りっぱ	xuất sắc; đáng nể	
肩	かた	vai	
荷	に	hành lý; gánh nặng	
寒い	さむい	lạnh	
手伝う	てつだう	giúp đỡ	
吹く	ふく	thổi	
取る	とる	lấy; (休みを取る) nghỉ phép	
立ち	たち	-	
妹	いもうと	em gái	
休	きゅう	nghỉ ngơi	やすむ
散る	ちる	tản mát; rơi rụng	
下ろす	おろす	hạ xuống; (根を下ろす) bén rễ	
気もち	きもち	cảm xúc; tâm trạng	
振れる	ふれる	vung được (kiếm)	
姉妹	しまい	chị em gái	
答え	こたえ	câu trả lời	
返る	かえる	trở lại; đáp lại	
我	わが	ta; tôi (trang trọng)	われ
我が	わが	của ta	
応援	おうえん	cổ vũ; ủng hộ	
焦る	あせる	nóng vội; sốt ruột	
観る	みる	xem (phim)	
上手い	うまい	giỏi; khéo léo	
散歩	さんぽ	đi dạo	
明日	あした	ngày mai	
紅茶	こうちゃ	trà đen; hồng trà	
兄弟	きょうだい	anh chị em	
頼り	たより	chỗ dựa; đáng tin cậy	
一人っ子	ひとりっこ	con một	
晩	ばん	buổi tối	
建物	たてもの	tòa nhà	
行使	こうし	thực thi; sử dụng (quyền)	
図書館	としょかん	thư viện	
奥	おく	bên trong; phía sâu	
帽子	ぼうし	cái mũ	
務める	つとめる	đảm nhận (chức vụ)	
ワット	わっと	-	
神さま	かみさま	thần; vị thần	
立つ	たつ	đứng; (役に立つ) có ích	
期限	きげん	thời hạn	
薔薇	ばら	hoa hồng	
鞄	かばん	cái cặp; túi xách	
上げる	あげる	nâng lên; cất (tiếng)	
謝る	あやまる	xin lỗi	
軽	けい	nhẹ	かるい
雷	かみなり	sấm sét	
間	ま	khoảng thời gian; lúc	
教	きょう	-	
流れる	ながれる	chảy; trôi	
痺れる	しびれる	tê liệt; bị điện giật	
向く	むく	hướng về; (気の向く) tùy hứng	
網	あみ	cái lưới	
触る	さわる	chạm vào; sờ	
石	いし	hòn đá; viên đá	
怪我	けが	bị thương	
利く	きく	(気が利く) chu đáo, tinh ý	
付き合う	つきあう	đi cùng; kết giao	
仲	なか	mối quan hệ	
周り	まわり	xung quanh; người xung quanh	
絶える	たえる	dứt; tắt hẳn	
線	せん	đường; tia (sáng)	
眺める	ながめる	ngắm nhìn	
悔しい	くやしい	cay cú; tiếc nuối	
愛す	あいす	yêu thương	
裂く	さく	xé toạc	
止む	やむ	tạnh; ngừng	
字	じ	chữ	
書ける	かける	viết được	
棚	たな	cái kệ; giá sách	
鍵	かぎ	chìa khóa; ổ khóa	
泥棒	どろぼう	kẻ trộm	
鼻	はな	mũi	
角	かく	góc; cạnh	かど
怒る	おこる	tức giận	
遠慮	えんりょ	khách sáo; ngại ngùng	
鼓動	こどう	nhịp tim	
架	か	giá; kệ (閉架: kho sách kín)	
葉	は	lá	
覚ます	さます	làm tỉnh (khỏi cơn buồn ngủ)	
残念	ざんねん	tiếc quá; đáng tiếc	
習慣	しゅうかん	thói quen	
豊か	ゆたか	phong phú; sung túc	
眠い	ねむい	buồn ngủ	
眠れる	ねむれる	ngủ được	
騙す	だます	lừa gạt	
嫌い	きらい	ghét	
急	きゅう	đột ngột; gấp	
練習	れんしゅう	luyện tập	
首	くび	cổ; (首をかしげる) nghiêng đầu	
盛る	もる	(盛り上がる) sôi nổi, hào hứng	
える	える	-	
座る	すわる	ngồi	
回る	まわる	quay; (目が回る) chóng mặt	
背	せ	chiều cao; lưng	
柱	はしら	cây cột	
関	かん	liên quan (我関せず: mặc kệ)	
湧く	わく	trào dâng; tuôn ra	
噂	うわさ	lời đồn; bàn tán	
背中	せなか	lưng; tấm lưng	
願いごと	ねがいごと	điều ước	
繰り返す	くりかえす	lặp đi lặp lại	
応え	こたえ	-	
日曜日	にちようび	chủ nhật	
糸	いと	sợi chỉ	
鎧	よろい	áo giáp	
脱ぐ	ぬぐ	cởi (ra)	
押す	おす	đẩy; (背中を押す) động viên	
贈る	おくる	tặng	
染みる	しみる	thấm vào	
歓声	かんせい	tiếng reo hò	
わく	わく	trào dâng; tuôn ra	
跳ぶ	とぶ	nhảy	
こめる	こめる	gửi gắm (tình cảm)	
贈れる	おくれる	tặng được	
薬	くすり	thuốc	
向ける	むける	hướng về; hướng tới	
悩み	なやみ	nỗi lo; phiền muộn	
折れる	おれる	gãy; (骨が折れる) vất vả	
死	し	cái chết	
一杯	いっぱい	một ly; đầy	
先代	せんだい	đời trước	
旦那	だんな	ông chủ; chồng	
養子	ようし	con nuôi	
もう少し	もうすこし	thêm một chút	
色々	いろいろ	nhiều thứ; đủ loại	
宙	ちゅう	không trung	
連れる	つれる	dẫn theo	
下りる	おりる	hạ xuống; buông (màn)	
自身	じしん	bản thân	
じゃ	じゃ	thôi; vậy thì	
焼き魚	やきざかな	cá nướng	
酔っ払う	よっぱらう	say xỉn	
裏	うら	mặt sau; phía sau	
傘	かさ	cái ô; dù	
拾う	ひろう	nhặt; cưu mang	
恨む	うらむ	oán hận	
頬	ほお	má	
告げる	つげる	báo; nói (lời từ biệt)	
鳥	とり	con chim	
離す	はなす	buông ra; rời ra	
凍る	こおる	đóng băng	
一体	いったい	một (con, cá thể)	
死角	しかく	điểm mù; góc khuất	
火	ひ	lửa	
刃	は	lưỡi (dao, kiếm)	
降る	ふる	rơi (mưa, tuyết)	
性	せい	bản tính; tính cách	しょう
一ぱい	いっぱい	một ly	
瓶	びん	cái chai; bình	
空ける	あける	để trống	
部隊	ぶたい	đơn vị; đội quân	
ひと言	ひとこと	một lời	
隊長	たいちょう	đội trưởng	
含める	ふくめる	bao gồm	
子供	こども	trẻ con	
帰路	きろ	đường về	
伏	ふく	nằm sấp; gục xuống	ふす
悪	あく	cái ác	
持ちこむ	もちこむ	mang vào	
持ち込む	もちこむ	mang vào; đưa vào	
固い	かたい	cứng; (口が固い) kín miệng	
通す	とおす	dẫn vào; cho qua	
遺志	いし	di nguyện	
籍	せき	hộ tịch; (籍を置く) có tên, thuộc về	
辞める	やめる	nghỉ việc; từ bỏ	
死ぬ	しぬ	chết	
おれる	おれる	gãy	
相変わらず	あいかわらず	vẫn như mọi khi	
繋がる	つながる	kết nối; (血が繋がる) cùng huyết thống	
嫌う	きらう	ghét	
一言	ひとこと	một lời	
全て	すべて	tất cả	
斬る	きる	chém	
稼ぐ	かせぐ	kiếm (tiền); câu (thời gian)	
越える	こえる	vượt qua	
明ける	あける	(trời) sáng	
眼	め	mắt	がん
時々	ときどき	thỉnh thoảng	
飲みもの	のみもの	đồ uống	
豆	まめ	hạt; đậu	
収穫	しゅうかく	thu hoạch	
造る	つくる	chế tạo; ủ (rượu)	
生む	うむ	sinh ra; tạo ra	
勧める	すすめる	khuyên; mời	
代える	かえる	thay thế; đổi lấy	
四つん這い	よつんばい	bò bằng tứ chi	
暮れる	くれる	(trời) tối; lặn	
速い	はやい	nhanh	
匂い	におい	mùi hương	
吸う	すう	hít; hút	
もう一度	もういちど	một lần nữa	
尾	お	đuôi; (尾を引く) kéo dài	
会話	かいわ	cuộc trò chuyện	
渡る	わたる	băng qua; vang khắp	
くいる	くいる	-	
教室	きょうしつ	lớp học	
噛む	かむ	nhai; cắn	
檻	おり	cái chuồng; lồng	
爪	つめ	móng vuốt	
回す	まわす	xoay; (なめ回す) liếm khắp	
下手	へた	kém; vụng về	
天	てん	trời; bầu trời	
駆ける	かける	chạy; phi nước đại	
掃除	そうじ	dọn dẹp; quét sạch	
減らす	へらす	giảm bớt	
矢	や	mũi tên	
狙い	ねらい	mục tiêu; sự nhắm	
撃つ	うつ	bắn	
叱る	しかる	mắng; la rầy	
狙う	ねらう	nhắm vào	
念	ねん	(念のため) để phòng	
兵器	へいき	vũ khí	
優勝	ゆうしょう	vô địch	
弧	こ	đường cong; vòng cung	
張る	はる	căng; (胸を張る) ưỡn ngực tự hào	
暴徒	ぼうと	kẻ bạo loạn	
隙	ひま	sơ hở; khoảnh khắc (lợi dụng)	すき
消す	けす	dập tắt; xóa	
地図	ちず	bản đồ	
浄化	じょうか	thanh tẩy	
神様	かみさま	thần; vị thần	
大抵	たいてい	phần lớn; thường thì	
射る	いる	bắn (cung)	
毒	どく	chất độc	
どく	どく	chất độc	
悲しい	かなしい	buồn	
咆哮	ほうこう	tiếng gầm	
詩	し	bài thơ; khúc ca	
詩集	ししゅう	tập thơ	
おける	おける	-	
答える	こたえる	trả lời	
像	ぞう	bức tượng	
人びと	ひとびと	mọi người	
弾く	ひく	chơi (đàn)	
塗る	ぬる	phết; bôi	
猫	ねこ	con mèo	
犬	いぬ	con chó	
跳ねる	はねる	nhảy; nảy	
足もと	あしもと	dưới chân	
舌	した	cái lưỡi	
香	こう	-	
卯	う	-	
台所	だいどころ	nhà bếp	
まっ黒	まっくろ	đen thui	
揚がる	あがる	chiên (giòn)	
慎重	しんちょう	thận trọng	
飛	ひ	-	
商会	しょうかい	thương hội	
唐辛子	とうがらし	ớt	
感心	かんしん	thán phục	
落ちつく	おちつく	bình tĩnh lại	
皿	さら	cái đĩa	
卓	たく	cái bàn	
細長い	ほそながい	thon dài	
暗い	くらい	tối	
噴く	ふく	phun ra	
採る	とる	hái; thu hái	
跳ね	はね	bật; nảy (跳ね起きる: bật dậy)	
欠く	かく	thiếu	
かな	かな	nhỉ; chăng	
食	しょく	ẩm thực; đồ ăn	
世界じゅう	せかいじゅう	khắp thế giới	
名答	めいとう	câu trả lời đúng	
縁起	えんぎ	điềm (lành, xấu)	
縁	えん	duyên; mối duyên	
飯	めし	cơm; bữa ăn	
九つ	ここのつ	chín (tuổi)	
海獣	かいじゅう	thủy quái	
呑む	のむ	nuốt chửng	
差す	さす	chiếu (ánh sáng)	
切り開く	きりひらく	khai phá; mở đường	
船首	せんしゅ	mũi thuyền	
綱	つな	dây thừng	
曳く	ひく	kéo (thuyền)	
傷む	いたむ	hư hỏng	
底	そこ	đáy; (底をつく) cạn kiệt	
舵	かじ	bánh lái	
将軍	しょうぐん	tướng quân	
恩	おん	ơn nghĩa	
四つ	よっつ	bốn (cái)	
柄	え	(柄にもない) không hợp tính	がら
ばる	ばる	-	
前進	ぜんしん	tiến lên	
箱	はこ	cái hộp; thùng	
見込む	みこむ	tin tưởng; đánh giá cao	
獲る	える	đánh bắt; săn được	とる
幸	こう	sản vật (海の幸: hải sản)	さち
趣味	しゅみ	sở thích	
運	うん	vận may	
濃い	こい	đậm; đặc	
品	しな	phẩm cách; lịch sự	ひん
出迎える	でむかえる	đón tiếp	
討つ	うつ	trừng trị; đánh	
躍る	おどる	nhảy nhót; (胸が躍る) háo hức	
薦める	すすめる	giới thiệu; tiến cử	
付き合い	つきあい	mối quan hệ; giao du	
坊	ぼう	cậu con trai	
息子	むすこ	con trai	
中る	あたる	-	
暇	ひま	thời gian rảnh	
秘める	ひめる	ẩn giấu	
嫌	いや	khó chịu; ghét	
頁	ぺえじ	trang (sách)	ぺーじ
叩く	たたく	gõ; (門を叩く) xin nhập môn	
鳴く	なく	kêu, hót; (閑古鳥が鳴く) vắng tanh	
虹	にじ	cầu vồng	
架かる	かかる	bắc qua; hiện lên (cầu vồng)	
橋	はし	cây cầu	
架ける	かける	bắc (cầu)	
片づける	かたづける	dọn dẹp	
荒らす	あらす	phá phách; quấy phá	
乾く	かわく	khô	
捨てる	すてる	vứt bỏ	
臆病	おくびょう	nhút nhát; hèn nhát	
善い	よい	tốt; thiện	
要る	いる	cần	
題	だい	tiêu đề	
世に	よに	ra đời; ra thế gian	
取りかえる	とりかえる	lấy lại (取り返す)	とりかえす
章	しょう	chương	
賛辞	さんじ	lời khen ngợi	
登場	とうじょう	xuất hiện	
載る	のる	được đăng; có trong (sách)	
武	ぶ	võ	
怪談	かいだん	truyện ma	
同志	どうし	người cùng chí hướng	
贅沢	ぜいたく	xa xỉ	
堅い	かたい	cứng; (口が堅い) kín miệng	
戦争	せんそう	chiến tranh	
巣食う	すくう	làm tổ; bám rễ	
並	なみ	bình thường; tầm thường	
格	かく	đẳng cấp	
翠	みどり	màu xanh ngọc bích	
殺気	さっき	sát khí	
塵	ちり	bụi	
業	ごう	nghiệp (業障: nghiệp chướng)	
障る	さわる	-	
案ずる	あんずる	lo lắng	
痛む	いたむ	đau	
今さら	いまさら	đến giờ (còn gì); muộn rồi	
層	そう	-	
塞ぐ	ふさぐ	chặn; bịt	
化す	かす	hóa thành	
煙管	きせる	tẩu thuốc	
出来事	できごと	sự việc; sự kiện	
買える	かえる	mua được	
得る	える	có được; đạt được	
近い	ちかい	gần	
停る	とまる	dừng; đỗ	
並べる	ならべる	xếp; bày	
政	せい	chính sự; việc cai trị	まつりごと
替える	かえる	thay; đổi	
封	ふう	niêm phong; (封を切る) bóc tem	
事態	じたい	tình hình; sự cố	
貼る	はる	dán	
済む	すむ	xong; (最小限で済む) chỉ tốn tối thiểu	
乱す	みだす	làm rối loạn	
晴	はれ	-	
卸す	おろす	bán sỉ; phân phối	
財布	さいふ	cái ví	
守り	もり	sự phòng thủ	まもり
損	そん	thua lỗ; thiệt hại	
盤	ばん	bàn cờ	
想い	おもい	tình cảm; nỗi nhớ	
初め	はじめ	ban đầu; lúc đầu	
七つ	ななつ	bảy (cái)	
欲	よく	lòng tham; ham muốn	
数字	すうじ	con số	
冗談	じょうだん	nói đùa	
選択	せんたく	lựa chọn	
大体	だいたい	đại khái; hầu hết	
文	ぶん	bài văn; văn bản	
計画	けいかく	kế hoạch	
釣り	つり	câu cá	
釣れる	つれる	câu được (cá)	
おわび	おわび	lời xin lỗi; tạ lỗi	
込む	こむ	(へたり込む) ngồi phịch xuống	
進める	すすめる	tiến hành; đẩy tới	
型	かた	khuôn	
村	むら	làng	
蒼	あお	xanh lam	
我慢	がまん	chịu đựng; nhẫn nhịn	
布団	ふとん	chăn nệm futon	
卿	きょう	khanh (客卿: khách khanh)	
差し支える	さしつかえる	trở ngại; bất tiện	
借り	かり	món nợ (ân tình)	
想う	おもう	nghĩ đến; thương nhớ	
地震	じしん	động đất	
記	き	-	
永い	ながい	lâu dài	
帰	き	-	
跡	あと	dấu vết; phế tích	
終	おわり	-	
終に	ついに	-	
挨拶	あいさつ	chào hỏi	
洲	しゅう	-	
衆	しゅう	-	
意志	いし	ý chí	
牛乳	ぎゅうにゅう	sữa bò	
美味い	うまい	ngon	
高価	こうか	đắt tiền	
貯める	ためる	tích góp; để dành	
異	こと	khác (異界: dị giới)	い
訳す	やくす	dịch	
主人	しゅじん	chủ nhân	
解する	かいする	hiểu	
汝	なんじ	ngươi	
在る	ある	ở; tồn tại (在りか: nơi ở)	
策	さく	sách lược; mưu kế	
大	だい	rất; cực kỳ (大の苦手)	
見送る	みおくる	tiễn; dõi theo	
革	かわ	da thuộc	
羽	はね	lông vũ	
後世	こうせい	đời sau; hậu thế	
遺す	のこす	để lại (cho đời sau)	
介す	かいす	thông qua	
語り	かたり	kể chuyện (語り部: người kể)	
複雑	ふくざつ	phức tạp	
木の実	このみ	quả hạch; trái cây rừng	
表	ひょう	bề ngoài; mặt trước	おもて
仮	かり	tạm thời; giả	
垂れる	たれる	rủ xuống; (垂れ込める) bao phủ	
泥	どろ	bùn	
負う	おう	gánh; chịu (thương tích)	
マシ	まし	còn hơn; khá hơn	
皇女	おうじょ	công chúa	
忠誠	ちゅうせい	lòng trung thành; trung thành	
ついて行く	ついていく	đi theo	
遭う	あう	gặp phải (tai nạn, bão)	
合い方	あいかた	độ ăn ý; cách hợp nhau	
典	てん	-	
潮	しお	dòng nước biển; thủy triều	
暖	だん	hơi ấm (暖を取る: sưởi ấm)	
弟	おとうと	em trai	
美味しい	おいしい	ngon	
煙る	けむる	mờ sương; bốc khói	
囚われる	とらわれる	bị giam cầm; bị trói buộc	
未だに	いまだに	vẫn còn; cho đến giờ vẫn	
強大	きょうだい	hùng mạnh; to lớn	
遣う	つかう	dùng (気を遣う: để tâm, lo nghĩ)	
遅刻	ちこく	đến muộn	
箸	はし	đũa	
ご馳走	ごちそう	bữa ngon; khao, đãi	
公園	こうえん	công viên	
皆さん	みなさん	mọi người	
担ぐ	かつぐ	vác (lên vai)	
貸し	かし	cho mượn	
可哀想	かわいそう	đáng thương	
片付け	かたづけ	dọn dẹp	
努める	つとめる	cố gắng; nỗ lực	
一層	いっそう	hơn nữa; càng thêm	
一掃	いっそう	quét sạch	
汚れる	よごれる	bị bẩn	
出し	だし	đưa ra; mời (đồ uống)	
師	し	thầy; người thầy	
持	じ	có; mang (お持ち: kính ngữ)	も
給仕	きゅうじ	phục vụ (bàn ăn)	
果物	くだもの	trái cây	
好き嫌い	すききらい	kén ăn; thích và ghét	
卜	ぼく	-	
取り出す	とりだす	lấy ra	
体操	たいそう	thể dục	
紅い	あかい	đỏ thắm	
堂	どう	-	
戸	と	cửa	
苦い	にがい	đắng	
運動	うんどう	vận động; tập thể dục	
誰か	だれか	ai đó	
自己	じこ	bản thân; tự (自己紹介)	
霊	れい	linh; linh hồn	
怪	かい	kỳ quái; quái dị	
祓う	はらう	trừ tà; xua đuổi	
沿う	そう	theo; dọc theo	
吐く	はく	thở ra; nôn	
厚い	あつい	dày	
茹でる	ゆでる	luộc	
憑かれる	つかれる	bị nhập; bị ám	
張り紙	はりがみ	tờ dán thông báo	
抑え込む	おさえこむ	đè nén; kìm hãm	
大じょうぶ	だいじょうぶ	ổn; không sao	
据わる	すわる	vững vàng (肝が据わる: gan dạ)	
会	かい	hội; buổi họp	
亭	ちん	-	てい
洞	ほら	-	どう
近頃	ちかごろ	gần đây; dạo này	
延ばす	のばす	kéo dài (足を延ばす: đi xa thêm)	
断つ	たつ	cắt đứt; tiêu diệt	
宵	よい	đêm; chiều tối	
摂る	とる	ăn uống; hấp thu	
可愛い	かわいい	dễ thương	
太古	たいこ	thời thái cổ	
緋	ひ	-	
創造	そうぞう	sáng tạo (創造主: đấng tạo hóa)	
指す	さす	chỉ; ám chỉ	
枯れる	かれる	héo; tàn	
捕る	とる	bắt (cá, thú)	
受け付ける	うけつける	tiếp nhận; chấp nhận	
潰す	つぶす	phá hủy; đè bẹp	
留まる	とまる	dừng lại (目にも留まらぬ: nhanh không kịp nhìn)	
液	えき	chất lỏng; dịch	
爽やか	さわやか	sảng khoái; tươi mát	
挙げる	あげる	giơ (tay)	
杯	はい	chén rượu	さかずき
痛める	いためる	làm đau	
椅子	いす	ghế	
憎い	にくい	đáng ghét	
偶然	ぐうぜん	ngẫu nhiên; tình cờ	
出来る	できる	làm được; có thể	
占う	うらなう	bói; xem bói	
視る	みる	nhìn thấy; quan sát	
蒼い	あおい	xanh thẫm	
尋ねる	たずねる	hỏi	
塔	とう	tháp	
夜ふかし	よふかし	thức khuya	
裁く	さばく	phán xử; xét xử	
法	ほう	pháp luật	
事故	じこ	tai nạn; sự cố	
拓く	ひらく	khai phá; mở ra	
丸い	まるい	tròn (目を丸くする: tròn mắt)	
建てる	たてる	xây dựng	
待ち	まち	chờ đợi (待ちに待った: mong mỏi)	
成立	せいりつ	được thiết lập; thành lập	
回り	まわり	vòng quanh; cách đi (回り方)	
就く	つく	vào (床に就く: đi ngủ); nhậm chức	
意気	いき	khí thế; tinh thần	
間違える	まちがえる	nhầm; làm sai	
錬る	ねる	-	れん
眼鏡	めがね	kính mắt	
呟く	つぶやく	lẩm bẩm	
精度	せいど	độ chính xác	
緑	みどり	màu xanh lá	
完ぺき	かんぺき	hoàn hảo	
栓	せん	nút; nắp (chai)	
厳禁	げんきん	nghiêm cấm	
代わる	かわる	thay thế; đổi	
過程	かてい	quá trình	
作りかえる	つくりかえる	làm lại; cải biến	
拍子	ひょうし	nhịp (拍子を取る: gõ nhịp)	
真っ直ぐ	まっすぐ	thẳng; thẳng thắn	
芽	め	mầm; chồi	
吹ける	ふける	có thể thổi	
脂	あぶら	mỡ (脂の乗った: béo ngậy)	
仕掛ける	しかける	tấn công; ra tay	
最期	さいご	phút cuối đời	
誤る	あやまる	sai lầm; lạc (lối)	
階段	かいだん	cầu thang	
生意気	なまいき	láo xược; xấc xược	
げん気	げんき	khỏe mạnh	
蝶	ちょう	con bướm	
刺す	さす	đâm; châm chích	
焚く	たく	đốt	
死者	ししゃ	người chết	
季節	きせつ	mùa	
詠む	よむ	ngâm, sáng tác (thơ)	
掴まる	つかまる	bám vào; níu	
玄関	げんかん	cửa chính; cửa ngõ	
笠	かさ	nón	
再興	さいこう	phục hưng; khôi phục	
悔い	くい	hối tiếc	
参じる	さんじる	đến (khiêm nhường)	
斎	とき	-	さい
料る	りょうる	-	りょう
新設	しんせつ	lập mới	
兄妹	きょうだい	anh em (anh trai và em gái)	
情	じょう	tình cảm	
引ける	ひける	có thể kẻ (vạch)	
詰め	つめ	dồn (根を詰める: làm quá sức)	
帰属	きぞく	thuộc về	
印章	いんしょう	con dấu; ấn	
丹	に	đan (丹火: lửa đan)	たん
判	はん	con dấu	
留める	とめる	để ý (目を留める); giữ lại	
換える	かえる	đổi	
様々	さまざま	đa dạng; nhiều loại	
戸惑う	とまどう	bối rối	
受けつける	うけつける	chấp nhận; nuốt được (đồ ăn)	
言質	げんち	lời hứa làm bằng; lời cam kết	
才	さい	tài năng	
祖母	そぼ	bà	
嬉々	きき	hớn hở; vui vẻ	
披露	ひろう	kể ra; trình bày	
宛てる	あてる	gửi cho; dành cho	
放る	ほうる	ném	
当たり	あたり	trúng	
所	ところ	chỗ (所狭しと: chật kín)	
駄目	だめ	không được	
言	げん	nói	い
舟	ふね	khay (đếm takoyaki); thuyền	
涼しい	すずしい	mát mẻ	
花見	はなみ	-	
好く	よく	thích (好かれる: được yêu mến)	
袍	ほう	áo; đồng đội (同袍)	
屋	や	tiệm; người làm nghề (何でも屋)	
繋ぐ	つなぐ	kết nối; nối	
蜘蛛	くも	con nhện	
仇	きゅう	thù; gây hại (仇なす)	あだ
捕まる	つかまる	bị bắt	
縦	たて	dọc (首を縦に振る: gật đầu)	
方策	ほうさく	phương sách; cách làm	
味噌汁	みそしる	canh miso	
我が家	わがや	nhà mình	
忠	ちゅう	lòng trung	
誠心	せいしん	lòng thành	
祇	かみ	-	
大将	たいしょう	tướng; thủ lĩnh	
同情	どうじょう	thương hại; đồng cảm	
海岸	かいがん	bờ biển	
叔父	おじ	chú; bác; cậu	
反対	はんたい	phản đối	
商	しょう	buôn bán (商隊: đoàn buôn)	
酷い	ひどい	tàn nhẫn; tệ hại	
櫻	さくら	hoa anh đào	おう
凶	きょう	hung; xấu (quẻ bói)	
収める	おさめる	thu lại; tra (kiếm vào vỏ)	
真っすぐ	まっすぐ	thẳng	
忍	にん	ninja	しのび
終末	しゅうまつ	kết thúc; tận thế	
優る	まさる	xuất sắc (優れもの: đồ tốt)	すぐれる
膳	ぜん	mâm cơm	
まし	まし	khá hơn; đỡ hơn	
食する	しょくする	ăn	
鮭	さけ	cá hồi	
梅干し	うめぼし	mơ muối	
酸っぱい	すっぱい	chua	
覚める	さめる	tỉnh (giấc)	
成る	なる	thành công; thành	
練る	ねる	nhào; trau chuốt (kế hoạch)	
妖しい	あやしい	ma mị; kỳ bí	
つけ込む	つけこむ	lợi dụng	
責める	せめる	trách; đổ lỗi	
講じる	こうじる	đưa ra (biện pháp)	
医師	いし	bác sĩ	
月見	つきみ	ngắm trăng	
持てる	もてる	có thể có (自信が持てる)	
還る	かえる	trở về	
将	しょう	tướng	
陣	じん	doanh trại; trận địa	
士気	しき	sĩ khí	
脚	あし	chân; sức chạy	
隊	たい	đội	
功	こう	công lao	
疎か	おろか	lơ là; xao nhãng	おろそか
分る	わかる	-	ぶん
雑誌	ざっし	tạp chí	
全く	まったく	hoàn toàn	
廃	はい	bãi bỏ (廃される)	
張れる	はれる	có thể ưỡn (胸を張れる: tự hào)	
着ける	つける	có thể đến nơi	
恥	はじ	xấu hổ; nhục	
公正	こうせい	công bằng	
巣	す	tổ; hang	
飢える	うえる	đói khát	
夕	ゆう	chiều tối (夕風: gió chiều)	
悔いる	くいる	hối hận	
着物	きもの	kimono	
勘	かん	trực giác	
彫る	ほる	khắc; chạm	
五つ	いつつ	năm (cái)	
敗れる	やぶれる	thua	
素	もと	trơn (素引き: kéo dây cung không)	す
旨い	うまい	ngon	
当る	あたる	trúng (当たり前: đương nhiên)	
挺	てい	xả thân (身を挺する)	
引き分け	ひきわけ	hòa (thi đấu)	
武士	ぶし	võ sĩ; samurai	
詫び	わび	xin lỗi; tạ lỗi	
陰る	かげる	tối đi; mờ đi	
懸ける	かける	đánh cược (命を懸ける: liều mạng)	
意地	いじ	tính khí (意地が悪い: xấu tính)	
禁	きん	cấm (禁術: cấm thuật)	
執る	とる	cầm (筆を執る: cầm bút viết)	
四季	しき	bốn mùa	
炬燵	こたつ	bàn sưởi kotatsu	
地位	ちい	địa vị	
間隔	かんかく	khoảng cách	
積もる	つもる	chất đống; phủ dày	
掘る	ほる	đào	
一月	いちがつ	một tháng	ひとつき
松	まつ	cây thông	
不味い	まずい	dở; không ngon	
湿気る	しける	bị ẩm; ỉu đi	
蘭	らん	-	
交代	こうたい	thay ca; luân phiên	
扮	ふん	đóng giả (扮する)	
使者	ししゃ	sứ giả	
事	こと	việc; chuyện (事を構える: gây sự)	
総	そう	tất cả (総取り: ăn trọn)	
豊富	ほうふ	phong phú	
渋い	しぶい	chát; sành điệu	
授業	じゅぎょう	giờ học (授業料: học phí)	
和紙	わし	giấy washi	
空き	あき	trống (空き箱: hộp rỗng)	
塀	へい	tường rào	
宅	たく	nhà (お宅)	
出迎え	でむかえ	đón; ra đón	
都市	とし	thành phố	
申	さる	-	しん
生きかえる	いきかえる	sống lại	
孤	こ	-	
辰	たつ	-	しん
劫	こう	-	
麻	あさ	-	まー
蜜	みつ	mật	
曇る	くもる	u ám; mờ đục	
沁みる	しみる	thấm (身に沁みる: thấm thía)	
切	せつ	-	
鼓	こ	trống	
茶碗	ちゃわん	chén; bát trà	
臨む	のぞむ	đối mặt; tham gia	
市井	しせい	phố phường; dân gian	
頂く	いただく	ăn; nhận (khiêm nhường)	
相撲	すもう	đấu vật sumo	
直る	なおる	được sửa; khỏi	
曲がる	まがる	cong; bị méo	
お詫び	おわび	lời xin lỗi; quà tạ lỗi	
乞う	こう	xin; cầu (教えを乞う)	
処	しょ	quán; nơi (甘味処: quán đồ ngọt)	どころ
亡くす	なくす	mất (người thân)	
絶つ	たつ	cắt đứt (後を絶たない: không ngớt)	
建つ	たつ	được xây; đứng	
レン	れん	-	
灰	はい	tro	
核	かく	lõi; hạt nhân	
精	せい	tinh linh; thần (ランプの精)	
辞書	じしょ	từ điển	
隊商	たいしょう	đoàn buôn lữ hành	
渡し	わたし	trao; đưa (お渡し)	
瑕	きず	vết (玉に瑕: vết ngọc)	
揃う	そろう	đầy đủ; tề tựu	
傷める	いためる	làm bị thương	
一帯	いったい	một vùng	
黄色	きいろ	màu vàng	
後方	こうほう	phía sau	
還す	かえす	trả về	
捜す	さがす	tìm kiếm	
一時	いちじ	nhất thời; một lúc	いっとき
樹	き	cây	
赦す	ゆるす	tha thứ	
灼く	やく	thiêu đốt (灼けた: nóng bỏng)	
駆使	くし	vận dụng thành thạo	
むかし話	むかしばなし	truyện cổ tích	
王	おう	vua	
王さま	おうさま	nhà vua	
重荷	おもに	gánh nặng	
継げる	つげる	truyền lại (語り継ぐ)	
溢れる	あふれる	tràn ra	
食む	はむ	gặm (cỏ)	
痕	あと	vết; sẹo	
不便	ふべん	bất tiện	
処	ところ	-	しょ
明	めい	-	
資料	しりょう	tài liệu	
寮	りょう	ký túc xá	
項	こう	số hạng; mục	
鶯	うぐいす	-	おう
講堂	こうどう	giảng đường	
奇	き	-	
作動	さどう	hoạt động (máy móc)	
植える	うえる	trồng	
詩的	してき	nên thơ; thơ mộng	
入口	いりぐち	lối vào	
兎	うさぎ	thỏ (玉兎: thỏ ngọc)	と
繰る	くる	-	
浪	なみ	-	ろう
荘	そう	-	
辺	あたり	quanh đây; khu này	へん
喋る	しゃべる	nói; nói chuyện	
田んぼ	たんぼ	ruộng lúa	
煮物	にもの	món ninh; món hầm	
指輪	ゆびわ	nhẫn	
大賢	たいけん	đại hiền (大賢者: Đại Hiền Giả)	だいけん
飽き	あき	chán (飽きもせず: không biết chán)	
入学	にゅうがく	nhập học	
剥く	むく	nhe (牙を剥く: nhe nanh); gọt	
架け橋	かけはし	cầu nối	
誓	ちかい	lời thề	
一切	いっさい	hoàn toàn (không)	
割く	さく	dành ra (thời gian)	
翔ける	かける	bay lượn	
讃歌	さんか	bài ca ngợi	
信号	しんごう	tín hiệu	
家賃	やちん	tiền thuê nhà	
お孫さん	おまごさん	cháu (của người khác)	
苦	く	đắng (苦笑い: cười gượng)	にが
要約	ようやく	tóm tắt	
只	ただ	ngay giữa (只中)	
割り勘	わりかん	chia đều tiền	
完敗	かんぱい	thua hoàn toàn	
堪える	こたえる	thấm; khổ sở (chịu tác động)	
向かえる	むかえる	có thể đối diện	
動	どう	động	
静	せい	tĩnh	
硬い	かたい	cứng	
生る	なる	-	せい
小	しょう	hơi (小難しい: rắc rối)	こ
暖かい	あたたかい	ấm áp	
奇術	きじゅつ	ảo thuật	
沸く	わく	sôi	
皆さま	みなさま	quý vị	
多分	たぶん	có lẽ	
手がき	てがき	-	
作	さく	tác (作戦: tác chiến)	
既に	すでに	đã (rồi)	
硬貨	こうか	đồng xu	
ひとりっ子	ひとりっこ	con một	
締まる	しまる	được siết chặt	
決行	けっこう	tiến hành; thực hiện	
住人	じゅうにん	cư dân	
刷る	する	in (ấn)	
着せる	きせる	mặc cho (濡れ衣を着せる: vu oan)	
何しろ	なにしろ	dù sao; bởi vì	
砂糖	さとう	đường	
職	しょく	chức vụ	
医務	いむ	y vụ (医務室: phòng y tế)	
統べる	すべる	cai quản; thống trị	
観	かん	xem	み
課す	かす	áp đặt	
夜警	やけい	người canh đêm	
移す	うつす	chuyển (sang)	
撮る	とる	chụp (ảnh)	
手袋	てぶくろ	găng tay	
駅	えき	nhà ga	
銃	じゅう	súng	
随分	ずいぶん	khá; rất nhiều	
解答	かいとう	lời giải; đáp án	
早く	はやく	sớm	
活	かつ	hoạt (活躍: hoạt động nổi bật)	
遺る	のこる	-	い
瑞	みず	điềm lành (瑞獣: thụy thú)	ずい
福	ふく	phúc; may mắn	
杭	くい	cọc	
順	じゅん	thứ tự (順に: lần lượt)	
段々	だんだん	bậc thang (段々畑: ruộng bậc thang)	
粥	かゆ	cháo	
付ける	つける	gắn; đính	
写す	うつす	sao chép; mô phỏng	
まっ白	まっしろ	trắng toát	
不覚	ふかく	sơ suất	
恐る	おそれる	sợ (恐るるに足らぬ: không đáng sợ)	おそる
六つ	むっつ	sáu (cái)	
黄	き	màu vàng	
手ぶくろ	てぶくろ	găng tay	
映える	はえる	nổi bật; tôn lên	
擦る	こする	cọ; làm trầy	
舐める	なめる	liếm	
お喋り	おしゃべり	tán gẫu	
火照る	ほてる	nóng bừng	
歯	は	răng	
臆	おく	sợ; rụt rè (臆する)	
十字	じゅうじ	chữ thập	
有無	うむ	có hay không (有無を言わせぬ: không cho cãi)	
賞	しょう	thưởng	
繋がり	つながり	mối liên kết (血の繋がり: huyết thống)	
何となく	なんとなく	không hiểu sao; mang máng	
深ける	ふける	-	ふか
併せる	あわせる	kết hợp	
制する	せいする	khống chế; chế ngự	
臭	におい	mùi (消臭: khử mùi)	しゅう
親木	おやき	cây mẹ	
高揚	こうよう	phấn khích; hưng phấn	
流る	ながれる	-	りゅう
気合	きあい	khí thế; hăng hái	
懸る	かかる	-	けん
高	こう	cao	たか
割	わり	tương xứng (割に合う: đáng công)	
程	ほど	mức độ (にも程がある: quá đáng)	
衝く	つく	xuyên (天を衝く: chọc trời)	
混ざる	まざる	lẫn vào; trộn lẫn	
集	しゅう	-	
湿る	しめる	ẩm ướt	
蜂	はち	con ong	
大群	たいぐん	đàn lớn	
乗り物	のりもの	phương tiện; xe	
次代	じだい	thế hệ sau	
慰める	なぐさめる	an ủi	
恐らく	おそらく	có lẽ	
環視	かんし	dõi nhìn (衆人環視: trước mắt mọi người)	
戴く	いただく	đội (vương miện); nhận (khiêm nhường)	
籐	とう	mây (song mây)	
編み	あみ	đan (籐編み: đan mây)	
編み物	あみもの	đồ đan; việc đan len	
熾す	おこす	nhóm (lửa)	
りす	りす	con sóc	
リス	りす	con sóc	
灯台	とうだい	ngọn hải đăng	
始め	はじめ	sự bắt đầu; ban đầu	
送れる	おくれる	có thể sống (毎日を送る)	
熟れる	なれる	chín (quả)	うれる
降下	こうか	hạ xuống; lao xuống	
損する	そんする	chịu thiệt	
慣らす	ならす	làm quen; tập cho quen	
氷菓	ひょうか	kem; đồ ngọt đông lạnh	
交響	こうきょう	giao hưởng	
指揮	しき	chỉ huy (指揮者: nhạc trưởng)	
咳	せき	ho	
流行る	はやる	thịnh hành; lây lan	
引き留める	ひきとめる	níu giữ; giữ lại	
体勢	たいせい	tư thế	
讃	さん	ca ngợi (讃美歌: thánh ca)	
閉める	しめる	đóng	
指摘	してき	chỉ ra; góp ý	
上段	じょうだん	tầng trên	
拭く	ふく	lau	
意思	いし	ý chí; ý định	
稼働	かどう	vận hành	
向上	こうじょう	nâng cao; cải thiện	
祭	まつり	tế lễ (祭歌: bài ca tế)	さい
引き	ひき	ra về (お引き取り)	
茸	たけ	nấm	きのこ
噴き出す	ふきだす	phun ra	
吸収	きゅうしゅう	hấp thụ	
差	さ	chênh lệch	
排	はい	thải (排熱: nhiệt thải)	
三時	さんじ	ba giờ	
転じる	てんじる	chuyển thành	
善	ぜん	điều tốt (善は急げ)	
墜ちる	おちる	rơi xuống	
鉢	はち	chạm mặt (鉢合わせ); bát	
換気	かんき	thông gió	
引き分ける	ひきわける	hòa (thi đấu)	
野	の	hoang dã (野いちご: dâu dại)	
缶	かん	lon; hộp (猫缶: pate mèo)	
漕ぐ	こぐ	chèo	
抹茶	まっちゃ	trà xanh matcha	
感	かん	cảm giác	
葡萄	ぶどう	nho	
肴	さかな	đồ nhắm	
長居	ながい	ở lâu	
哀しい	かなしい	buồn	
気遣う	きづかう	quan tâm; lo lắng cho	
棲む	すむ	sống; cư trú (động vật)	
未知	みち	chưa biết; bí ẩn	
喫茶店	きっさてん	quán cà phê	
置ける	おける	đặt (気の置けない: thân thiết)	
醒める	さめる	tỉnh (giấc)	
殊勝	しゅしょう	đáng khen	
珈琲	こうひい	cà phê	こーひー
生姜	しょうが	gừng	
凍みる	しみる	lạnh buốt	
信念	しんねん	niềm tin; tín niệm	
塞く	せく	chặn; bịt (塞ぐ)	ふさぐ

